candidate_id,party,chamber,incumbent,tfidf,w2v,ws1_tierA,ws1_tierB,behavioral,truth
C0001,D,House,False,-0.0740995733619974,0.0623405779267628,-0.0510149649749311,-0.012777516209673,-0.40625,-0.4242
C0002,R,House,True,0.2383160712763778,0.0977726235966459,0.0985802042751462,0.0517359044527484,0.5384146341463415,0.5285
C0003,D,House,False,-0.3592674714746925,-0.1113751650880138,-0.0479345123192763,-0.0131380434302665,-0.6886363636363636,-0.6691
C0004,R,House,False,0.2840027582097263,0.1789807333194873,0.0960885041043124,0.0496214381255647,0.6166666666666667,0.7377
C0005,D,House,True,-0.2712062609253156,-0.1929484778887562,-0.055993627981823,-0.0720794429692621,-0.6587500000000001,-0.9894
C0006,R,House,False,0.2476797224619187,0.1204728402526821,0.0444747174901127,0.0862873482385367,0.63,0.5295
C0007,D,House,True,-0.3029320054392678,-0.1463287624174301,-0.0905213680090359,-0.1482460344549762,-0.6380434782608696,-0.7373
C0008,R,House,False,0.2361519504827959,0.0299847046299296,0.0619992182152536,0.0498470763802426,0.6425,0.672
C0009,D,House,True,-0.2205599272770566,-0.0911999777733335,-0.0488369467002985,-0.0143958545814768,-0.6533333333333334,-0.5761
C0010,R,House,False,0.3055304075819396,0.1557265210586253,0.0687074796143774,0.0734399927172064,0.6868421052631579,0.7616
C0011,D,House,True,-0.3630394981168836,-0.1687112266829945,-0.0924517620044085,-0.0817499580480293,-0.6125,-0.7358
C0012,R,House,False,0.3485773824628144,0.2052884444471152,0.1034337291882186,0.0478575762277553,0.6472222222222223,0.6946
C0013,D,House,True,-0.2508652301797929,-0.1807376352982219,-0.0669373354538831,-0.0359014090089316,-0.6961538461538462,-0.6103
C0014,R,House,False,0.2723177864737089,0.0845616594102797,0.0228241635702357,0.0269399270776644,0.6045454545454545,0.6706
C0015,D,House,True,-0.2494925762798499,-0.1849139396127774,-0.0789487118437982,-0.1515553765792724,-0.3925,-0.4017
C0016,R,House,False,0.3247988217352924,0.2604839256532493,0.1373033225527975,0.1253026052180579,0.775,0.9578
C0017,D,House,True,-0.3046496277137445,-0.3378336941529417,-0.1108897207728289,-0.1573374766669137,-0.6370689655172415,-0.766
C0018,R,House,False,0.2936300219580772,0.2096844782548124,0.0948703534025835,0.0867810764753133,0.78125,0.847
C0019,D,House,True,-0.175142466369695,-0.1013038513953264,-0.0604865461397129,-0.0687945924096045,-0.5194444444444444,-0.4967
C0020,R,House,False,0.2443743697627458,0.0887897754185071,0.0708585269831805,0.0574972052050721,0.5880000000000001,0.5562
C0021,I,House,False,0.1966761492624928,0.0331599625381937,0.0456436317492053,-0.0136266143580025,0.3128205128205129,0.3213
C0022,D,House,False,-0.2421227198921432,-0.1084301875881673,-0.0606228358842752,-0.0495353760592193,-0.7083333333333334,-1.0
C0023,R,House,False,0.2606827435842661,0.1193850424370999,0.0490259387795052,0.0666532888410935,0.6954545454545454,0.6673
C0024,D,House,True,-0.376698367838901,-0.255143756068237,-0.1111697971173376,-0.0705181943496976,-0.6235294117647059,-0.66
C0025,R,House,False,0.1295803091562714,0.041086044423902,-0.0120053488934066,0.0161621502697772,0.6625,0.5532
C0026,D,House,False,-0.1854284733319831,-0.1505052508486412,-0.0220670538971144,-0.0315026055008622,-0.47432432432432436,-0.4518
C0027,D,House,False,-0.2973821019587215,-0.2174353693264583,-0.0609994770494258,-0.0848967582264492,-0.6383333333333333,-0.962
C0028,R,House,True,0.2644521669700517,0.1021280865468951,0.0618625231945057,0.0535240306464428,0.45,0.5627
C0029,D,House,True,-0.214023043665151,-0.0730196150461323,-0.0342925459033135,-0.0338841507717131,-0.3092105263157895,-0.2919
C0030,R,House,False,0.3089576443223761,0.0710586524842889,0.0533964379945024,0.057994800733651,0.596551724137931,0.7014
C0031,D,House,True,-0.3634715184834206,-0.2279678352566665,-0.0986679775937599,-0.0768839365517654,-0.6708333333333334,-0.6998
C0032,D,House,False,-0.1189786961657466,-0.124793380614431,-0.065850350537415,-0.113801573658221,-0.3346153846153846,-0.4199
C0033,R,House,False,0.2083103148999856,0.0892887913977517,0.0308051560444558,0.076088357772558,0.66,0.5039
C0034,D,House,True,-0.2974039618122764,-0.0510505434383241,-0.0127611952631109,0.0580049041921231,-0.625,-0.857
C0035,R,House,False,0.2363409345767979,0.0888634538272775,0.0483410932418501,0.0593873376357896,0.7545454545454546,0.7136
C0036,D,House,False,-0.2575789459006558,-0.0926454290823085,-0.0549942596852835,-0.0351027474267942,-0.5738636363636364,-0.563
C0037,R,House,False,0.226714498373461,0.2161014964472101,0.0498615762175966,0.0691934356509694,0.7111111111111111,0.6263
C0038,D,House,False,-0.2380442928777391,-0.1735626892513594,-0.0653922984767908,-0.0986013201668084,-0.5707317073170731,-0.8392
C0039,R,House,True,0.2277776101271214,0.0907702303794391,0.0697052247668267,0.0433282577392086,0.28,0.3902
C0040,D,House,False,-0.3326970761848051,-0.1800243445913187,-0.0979395577872948,-0.0814773948179327,-0.5197368421052632,-0.5233
C0041,R,House,True,0.1736289524765518,0.3385613394702854,0.0192584546816306,0.081303940005563,-0.65,0.4407
C0042,D,House,True,-0.281629214247363,-0.1991279466205766,-0.0704936901375051,-0.0663876250958522,-0.5,-0.4648
C0043,R,House,False,0.2840776318534523,0.1318517030685086,0.0907921525565305,0.0640238702388671,0.6659722222222223,1.0
C0044,D,House,False,-0.1817806417330478,-0.1054373493724895,-0.0895053265338239,-0.0102351343917477,-0.26,-0.5392
C0045,R,House,True,0.3056489295042384,0.1071650969676499,0.0034439938933316,0.06780227972929,0.55,0.3898
C0046,R,House,False,0.3701692871552957,0.1640297107640161,0.0584603835761756,0.0673328863316705,0.7628378378378379,1.0
C0047,D,House,True,-0.3104038872343006,-0.1631287026504412,-0.0765990584855731,-0.0789359788729539,-0.6846153846153846,-0.8952
C0048,R,House,False,0.2956685094546211,0.1653473537249135,0.0400096916654596,0.1081207238383897,0.44999999999999996,0.9362
C0049,D,House,True,-0.0751216116970018,-0.0256863462535777,-0.0169247920812327,0.0338888477652284,-0.39285714285714285,-0.2856
C0050,R,House,False,0.2877781421735217,0.1860370345293197,0.0636268475501476,0.0936872051306806,0.6015384615384616,0.5703
C0051,D,House,False,-0.1197604535796723,-0.0561326005038937,-0.0132795591086788,-0.011428911317026,-0.20909090909090908,-0.1854
C0052,D,House,False,-0.2315278923675547,-0.1045988262099782,0.0218135649760345,0.0879873558016765,-0.7666666666666666,-0.6107
C0053,R,House,False,0.2166881367010174,0.0875440422987589,0.0210789610085736,0.0425399119642479,0.525,0.9299
C0054,D,House,False,-0.2209692326525242,-0.0460011588387428,-0.0662666078003905,-0.0324021615823689,-0.5242857142857144,-0.5167
C0055,R,House,True,0.3342216585632017,0.1497096417972009,0.1176262155379019,0.0571633730395607,0.7170886075949366,0.7911
C0056,D,House,False,-0.370371369495599,-0.27586107729296,-0.0875258329098361,-0.1055234858108731,-0.6719512195121952,-0.8733
C0057,R,House,True,0.2999540115981375,0.1387678129543205,0.0368953812603475,0.0398409124818168,0.6645833333333333,0.644
C0058,I,House,False,0.1081221643459761,0.0137088196509783,-0.0332938548083002,-0.0464651419060384,0.30434782608695654,0.3913
C0059,R,House,True,0.0795282490456036,-0.0007239819195175,0.0572613711329339,-0.0492721088656008,0.4006578947368421,0.3543
C0060,D,House,False,-0.141434467716894,-0.104164949616777,-0.0452703211825691,0.0090563580897425,-0.24117647058823527,-0.2037
C0061,D,House,False,-0.2270820482248375,-0.0970349308075751,-0.1000722819668447,-0.020857997256679,-0.6272727272727273,-0.6309
C0062,R,House,True,0.3134308619688606,0.1194127067181718,0.0745245711073136,0.0073823089990052,0.6870229007633588,0.8288
C0063,D,House,False,-0.3526884531265082,-0.1241645310770784,-0.0479223282770632,0.0168010743907869,-0.6294117647058823,-0.765
C0064,R,House,True,0.2445108295759541,0.0959122622970021,0.0727723474169278,0.0856282930486916,0.526595744680851,0.5719
C0065,D,House,True,-0.2139055333866942,-0.2472998838303157,-0.0747717823866388,-0.1275175070772041,-0.5872549019607843,-0.6324
C0066,R,House,False,0.2414231398623245,0.1038064621947433,0.0509122639960714,0.0686178396487502,0.7704545454545454,0.7822
C0067,D,House,True,-0.3117343022159807,-0.1998069341438621,-0.0660115206418693,-0.0050351563315332,-0.5875,-0.6491
C0068,R,House,False,0.3793003476515143,0.2556376341783184,0.0508627220574428,0.1264487620388437,0.7875,0.8828
C0069,D,House,False,-0.3027945852525628,-0.0581124401298004,-0.0644523483487125,0.0115868381526518,-0.5404761904761904,-0.5992
C0070,R,House,True,0.2243692925033239,0.0457471435066357,0.0507261037135372,0.0899850396287689,0.53,0.71
C0071,D,House,False,-0.3251930166380989,-0.2001479510375592,-0.0506429677672468,-0.063158820745634,-0.640625,-0.8418
C0072,R,House,True,0.2803698799531062,0.0933381401081622,0.0389717849673627,0.07646168967617,0.6166666666666667,0.6073
C0073,D,House,True,-0.2408513060656242,-0.1192424140725284,0.018124704350277,0.0643944965525269,-0.33888888888888885,-0.5523
C0074,R,House,False,0.2360943246714658,0.0968951483757313,0.0482412341929272,0.0477166082584226,0.628,0.5208
C0075,D,House,False,-0.2638574138813587,-0.0512740006608889,-0.0507825596785931,0.0222661143427013,-0.6035714285714285,-0.5457
C0076,R,House,True,0.0837179162010447,0.0064545895457316,0.00947362025899,0.0557421583469806,0.19,0.0629
C0077,D,House,True,-0.230344183092494,-0.1659188645914269,-0.0373889828901097,0.0106252792707459,-0.40499999999999997,-0.3175
C0078,R,House,False,0.1959331823350347,0.1521941760964996,0.0427232312054175,0.1029494112019412,0.4625,0.5907
C0079,D,House,False,-0.167811335049039,-0.1521786872951763,-0.049212569035046,-0.0809233224146437,-0.5102564102564102,-0.4736
C0080,R,House,False,0.1088455074479028,0.0616830744234305,0.0274934251294028,-0.0057106753873039,0.2857142857142857,0.44
C0081,D,House,False,-0.3574191942148295,-0.2689931508288348,-0.0356107998995135,0.0319253772205931,-0.7083333333333334,-0.8036
C0082,R,House,True,0.177508493035754,0.0719897246893921,0.0786755492118306,0.0221857083255484,0.6678571428571428,0.607
C0083,D,House,True,-0.1153714320048762,0.0378408370047338,-0.014583836270112,-0.046116285419785,-0.37037037037037035,-0.3113
C0084,R,House,False,0.129499398540365,0.0079523540211504,-0.0102968221055035,-0.0291849157774259,0.28,0.2584
C0085,D,House,False,-0.3907426263140205,-0.1918131597776946,-0.1037357557848061,-0.0359402396184578,-0.73,-1.0
C0086,R,House,True,-0.0411868850138435,0.0299902336489959,-0.0319787405546163,0.0031722982265343,0.15937500000000002,0.1529
C0087,D,House,False,-0.1687927795498547,-0.0746113604074744,-0.0594698245309303,-0.0281098195333481,-0.3625,-0.4518
C0088,R,House,False,0.1372509711053441,0.0182160496772273,0.0370860327032756,0.1213881088432104,,0.4776
C0089,D,House,False,-0.3013148053592053,-0.0441265607931473,-0.0589983400226481,0.0339832849432432,-0.4625,-0.4723
C0090,R,House,False,0.3856340482388511,0.1941004607323092,0.0335475550831421,0.0894480056400349,0.79375,1.0
C0091,D,House,True,-0.3654363812442248,-0.2217324613076792,-0.0762034225893128,-0.0384356627607204,-0.5526315789473685,-0.8162
C0092,R,House,False,0.2152699049766316,0.0767453915577073,0.0326876521205332,0.0323352762407292,0.40142857142857147,0.4508
C0093,D,House,False,-0.3020307384790553,-0.2002868980522316,-0.0721207703943417,-0.0823485580205244,-0.6071428571428571,-0.6272
C0094,R,House,True,0.1528111725573619,0.0454000762506789,0.0103606132234848,0.0531067360327819,0.5,0.4253
C0095,D,House,True,-0.0884734948235811,-0.0302468901437286,-0.0415370777338613,-0.0440113200579925,-0.21041666666666667,-0.1485
C0096,R,House,False,0.3216264300409374,0.1775289628406703,0.0810582927901594,0.0689291098786261,0.7065217391304348,0.7256
C0097,D,House,True,-0.2211253180367196,-0.0130269501979173,-0.0845176690292372,-0.012566731137179,-0.4972222222222222,-0.5289
C0098,R,House,False,0.2387403579142082,0.0871775862142548,0.0499439003822307,0.0089190909503082,0.4362068965517242,0.3869
C0099,D,House,True,-0.2549168616632466,-0.169084596941844,-0.0702544808734194,-0.0179048093847317,-0.5291666666666667,-0.424
C0100,R,House,False,0.3458406214337367,0.2536364053041851,0.0330337325915874,0.0895579876828823,0.7195652173913044,0.7518
C0101,D,House,True,-0.1289039680802583,-0.078506958088367,-0.0390061330628439,0.0390914249364008,,-0.7558
C0102,D,House,True,-0.2888545875707004,-0.2423620938132749,-0.0903236235106537,-0.1345562446712774,-0.6,-0.69
C0103,R,House,False,0.2514829827517366,0.0988458049075206,0.0652268137853778,0.0295186164853316,0.7045454545454546,0.759
C0104,D,House,False,-0.2725818987577971,-0.1651019649567364,-0.0710310954816338,-0.0677867776279087,-0.65,-0.5432
C0105,D,House,False,-0.3626924592051136,-0.2813261254967366,-0.0834228737765571,-0.0502421714166044,-0.6882352941176471,-0.7517
C0106,R,House,True,0.3515939999911691,0.1252007919123753,0.0869758784033557,0.077083559436945,0.6815789473684211,0.8812
C0107,D,House,True,-0.0926328104288754,-0.0911984257169421,-0.0415753736977427,-0.0543022548207456,0.007894736842105263,-0.0891
C0108,D,House,False,-0.1269816293598848,-0.0190430133313491,-0.0538991668078516,-0.0187467568482453,-0.31,-0.3594
C0109,R,House,True,0.3680120793129717,0.1916767081625334,0.1038445058340858,0.0569807671080704,0.6529411764705881,0.8421
C0110,D,House,False,-0.23440642787987,-0.0382736063536388,-0.0344673033410239,-0.0164982514762347,-0.5375,-0.6004
C0111,D,House,False,-0.196921057616427,-0.2209102471525257,-0.0590626170125609,-0.0419969994603146,-0.6214285714285714,-0.5855
C0112,R,House,True,0.3977328022946694,0.2567971960264548,0.0534395648582319,0.0776491137689322,0.6833333333333332,0.9523
C0113,D,House,False,-0.0244257768043132,-0.0606590070475605,-0.0082028350487694,0.0451851185827992,-0.2857142857142857,-0.3225
C0114,R,House,False,0.2727080995457521,0.1063067866280801,0.0792853390342717,0.0503963951619584,0.6638888888888889,0.6523
C0115,D,House,True,-0.2740923927467738,-0.1098857903714305,-0.0437971806364058,-0.0287314798032498,-0.6315217391304347,-0.7529
C0116,R,House,False,0.3493381904686421,0.2447294966552784,0.0609985125820996,0.1409484864157771,0.78125,0.6038
C0117,D,House,True,-0.3599867820351044,-0.2452893022198572,-0.0851311751825537,-0.1286455110636879,-0.6576923076923077,-0.927
C0118,R,House,False,0.2145944618461813,0.0633021552187626,0.0519151263756843,-0.0263333195144198,0.5418181818181819,0.5811
C0119,D,House,False,-0.060400451425986,-0.0050572692725734,0.000953141213909,-0.0522886817321524,-0.064,-0.1173
C0120,R,House,True,0.2931684351951803,0.1176117992367902,0.0552777705421535,0.0501462569609652,0.6265306122448979,0.5538
C0121,D,House,True,-0.2250169930721303,-0.1822504414984321,-0.0366445703072519,-0.075454383971363,-0.46785714285714286,-0.4399
C0122,R,House,False,0.249469947226947,0.1270418541136761,0.0600358366401735,0.0399502960167534,0.5896551724137932,0.5632
C0123,D,House,False,-0.2426967297139196,-0.014254949556231,-0.0798559485070284,0.0066541181152753,-0.55,-0.6317
C0124,R,House,False,0.1159012559519207,0.0196978551239535,-0.0093316603713701,0.0111648010890393,0.47750000000000004,0.4197
C0125,D,House,False,-0.3437045326235352,-0.2655538629652935,-0.0605894582986864,0.009998921938401,-0.74,-0.8475
C0126,R,House,False,0.272858276180319,0.1658634546594443,0.0753459152137355,0.0860872105451031,0.6303278688524591,0.7348
C0127,D,House,False,-0.3059049722850456,-0.093927978785282,-0.1064478474938774,-0.0295785058413915,-0.5866666666666667,-0.6122
C0128,R,House,True,0.1840317089637739,0.0473954469412018,-0.0212537270503962,0.0460280584459048,0.48,0.6375
C0129,R,House,False,0.1185204505984029,-0.0345689204973365,0.0410495200894948,-0.0144699962294972,0.7999999999999999,0.9335
C0130,R,House,True,0.3424664300715186,0.2023266630574281,0.1006414420942056,0.0162097243337254,0.7059701492537312,0.9517
C0131,D,House,True,-0.2860045024596746,-0.0848311956011142,-0.0722791049208287,-0.0007185122920822,-0.4636363636363636,-0.6365
C0132,R,House,False,0.3144356304531784,0.1284873902783878,0.0421527414270403,0.0493779002713186,0.718421052631579,0.7355
C0133,D,House,False,-0.3936871463318302,-0.1480140522467113,-0.1135162463045562,-0.0620044259045968,-0.6916666666666667,-0.8526
C0134,R,House,True,0.3044803463138048,0.1530466426181101,0.0186711947870664,0.0226166757823449,0.6357142857142858,0.6605
C0135,D,House,False,-0.2321892414042613,-0.0654099623156091,-0.0856469068220294,0.0060337774515189,-0.735,-0.8089
C0136,R,House,True,0.3486671233953319,0.2186760587708654,0.0587785564194535,0.0678775203159421,0.7257142857142858,0.908
C0137,R,House,False,0.0707397542558737,0.0289849671915382,-0.0052858645191513,-0.0127818043184248,-0.11818181818181817,0.038
C0138,I,House,False,-0.3106548305512659,-0.1291552895351566,-0.0777342749571614,-0.004927753940389,-0.8250000000000001,-0.9147
C0139,D,House,False,-0.3669866697145066,-0.1755621662785113,-0.0705503281821897,-0.0451567949894826,-0.6214285714285713,-0.8555
C0140,R,House,True,0.2973658307707286,0.1906165013531569,0.0621169730846506,0.055495263335905,0.5666666666666667,0.6328
C0141,D,House,False,-0.2339631207488501,-0.207930253131288,-0.0404800213398196,-0.0297694290147209,-0.6270270270270271,-0.6785
C0142,R,House,True,0.2845980839058635,0.1362240181975382,0.1067427537370767,-0.0001515929313523,0.7190476190476192,0.7947
C0143,D,House,False,-0.1726377278188123,-0.1318358232363689,-0.0232441784491167,-0.0199509356806512,-0.4064516129032258,-0.3448
C0144,R,House,True,0.1192705616305104,0.0536906924837945,0.0543903642920385,0.0097210049612333,0.47200000000000003,0.4417
C0145,D,House,False,-0.1850831757971057,-0.0229976363284901,-0.0338267264585274,0.0330742351105228,-0.3125,-0.4637
C0146,R,House,False,0.2043465111076536,0.2402700301118934,0.036312884494691,0.0733802535088403,0.5549999999999999,0.564
C0147,D,House,False,-0.0485164549256108,0.0242012032109838,0.025173963343748,-0.005316108501641,-0.19210526315789472,-0.1353
C0148,R,House,False,0.0780217274270528,0.0744246151320688,0.0249932001899415,0.0465475681038183,0.1142857142857143,0.1978
C0149,I,House,False,-0.2236370187167388,0.0245220796570407,-0.0187314319843542,0.0236818237183962,-0.5700000000000001,-0.4062
C0150,D,House,True,-0.1226310665254807,-0.0438611742591558,-0.0520253988740917,-0.0231178789762927,-0.39999999999999997,-0.3685
C0151,R,House,False,0.1808596144071674,0.235752959634506,0.0214187734135122,0.0682778553037456,0.44166666666666665,0.4359
C0152,D,House,False,-0.215041439097146,-0.053382159170625,-0.0194325918321064,-0.0576431885163796,-0.3942307692307692,-0.4247
C0153,R,House,True,0.2083534139956281,0.0546915116825856,0.0002504308301044,0.0117648839953577,0.6194444444444445,0.7083
C0154,D,House,True,-0.2308337573659714,-0.2247828379256726,-0.0547250015212001,-0.0985840159669828,-0.5777777777777777,-0.5375
C0155,R,House,False,0.1327600183646241,0.0561774156556265,0.0006591864290136,0.0015427541032205,0.584375,0.6044
C0156,D,House,True,-0.3071806488009701,-0.1567653582110374,-0.0695365845349266,-0.0473627776842189,-0.65,-0.7553
C0157,R,House,False,0.2645785550249451,0.1272593723111736,0.0511563157041546,0.0732439705838473,0.551923076923077,0.5015
C0158,D,House,False,-0.3845103821716548,-0.1700931743071321,-0.0551530098630631,0.0018240069806768,-0.7464285714285713,-0.9445
C0159,R,House,True,0.2579348941928986,0.1533106001947345,0.0555294492661151,0.0571353370909404,0.6259259259259259,0.652
C0160,D,House,True,-0.2898716089451529,-0.2150956125718831,-0.0867066721271574,-0.1314591210285454,-0.5945945945945946,-0.724
C0161,R,House,False,0.2726053751705165,0.1850317609148644,0.0909377987089922,0.1110231721978022,0.5208333333333334,0.5138
C0162,D,House,False,-0.331729729028493,-0.1783343065880561,-0.0634346614320099,-0.068730392542877,-0.7022222222222223,-0.8528
C0163,R,House,True,0.3044115260149838,0.1346545608450212,0.0882816683213441,-0.0064592793620463,0.688135593220339,0.8115
C0164,D,House,False,-0.4690566645232941,-0.3160855059590448,-0.0820129641783193,-0.0347669101489245,-0.6571428571428571,-0.842
C0165,R,House,True,0.1120172588840039,0.1180732169322721,0.0086292744468767,0.0381897007797796,0.075,0.0155
C0166,D,House,False,-0.310961549344297,-0.2697920049166689,-0.0631238155044559,-0.023087254943999,-0.6208333333333333,-0.633
C0167,R,House,False,0.1741402623114526,0.276214100454479,0.0900351500304172,0.1246950177896105,0.5900000000000001,0.7081
C0168,D,House,True,-0.3072756319314122,-0.1670627759757933,-0.0683525332577262,-0.0558909063137254,-0.6595238095238095,-0.8729
C0169,R,House,False,0.2854329649500029,0.1528085350319598,0.0790969830760923,0.0655141042608952,0.6461538461538462,0.6861
C0170,D,House,True,-0.3143632641003572,-0.1487705525610765,-0.0371119071361024,0.0183918013412076,-0.605,-0.9654
C0171,R,House,False,0.29879390085675,0.1296841768752857,0.0711453571574204,0.0859091094209449,0.6694444444444445,0.6244
C0172,D,House,True,-0.2955292000256415,-0.067666408606381,-0.0584215107319221,-0.0273790689863034,-0.42272727272727273,-0.5419
C0173,R,House,False,0.2783091565412768,0.2062961615357184,0.0436768262612907,0.0664740449300752,0.5225000000000001,0.5495
C0174,D,House,False,-0.3065868889923923,-0.2308517229812763,-0.1081098187074593,-0.1198390990162961,-0.6696428571428571,-0.8467
C0175,R,House,True,0.1541513736668033,0.1498459626945834,0.0028761297387207,0.0104432471483347,0.36025641025641025,0.3367
C0176,D,House,True,-0.3767362438142007,-0.0997555076199615,-0.0517813305666658,-0.0237897004867294,-0.47750000000000004,-0.7438
C0177,R,House,False,0.1367219087685605,0.0090391968591318,0.0704856345744754,0.1297204381398319,0.18333333333333335,0.3727
C0178,R,House,False,0.2446305766089803,0.0613941504750619,0.0720600523551171,0.0205754766792261,0.5262931034482758,0.5342
C0179,D,House,False,-0.3535230604808119,-0.0993263148466322,-0.056733108668796,0.0142873242837101,-0.625,-0.6523
C0180,R,House,True,0.2954742045732864,0.1471934320937521,0.0999072971017942,0.0091657802063961,0.6564102564102564,0.789
C0181,D,House,True,-0.1929466241327246,0.0333844806520714,-0.0401002117201408,0.0022189164582401,-0.5857142857142856,-0.5513
C0182,R,House,False,0.1483172618891607,0.1495915472144265,0.020637698700665,0.0437717229338314,0.5282608695652175,0.5011
C0183,D,House,True,-0.2294896872051865,-0.1170969206920823,-0.0434810685361587,0.0066539361729779,-0.74,-0.8626
C0184,D,House,False,-0.3479634249688418,-0.2181213910181976,-0.0979543142101543,-0.1101182586356471,-0.6265151515151516,-0.5665
C0185,R,House,True,0.3134169523840707,0.1310467734639717,0.05186609167796,0.0502755803996119,0.6615384615384615,0.7212
C0186,D,House,False,-0.2579564114766681,-0.12465866771935,-0.0743671168855515,-0.077734120610632,-0.7141025641025641,-0.9788
C0187,R,House,True,0.3547046374820303,0.271283866838893,0.0741713771921667,0.0833082424599171,0.7107142857142857,0.8124
C0188,D,House,True,-0.4041761572553332,-0.2750775179379678,-0.0906045055237531,-0.0985407563692628,-0.623,-0.7781
C0189,R,House,False,0.0539410648638902,0.0568021893077426,0.0530398768416807,-0.0190836863267626,0.24385964912280703,0.2364
C0190,D,House,True,-0.1567996948246274,-0.1660766658350898,-0.0584485503121939,-0.0399924220734255,-0.10357142857142856,-0.2152
C0191,R,House,False,0.3503737800692709,0.1459549617184557,0.0840291652097632,0.0618458888877277,0.7014705882352942,1.0
C0192,D,House,True,-0.2424311491148474,-0.2433554411185064,-0.0799552482678455,-0.0958217778570795,-0.5837837837837838,-0.6133
C0193,R,House,False,0.2430659890779012,0.1905130975251729,0.0501409201626669,0.0816799532928865,0.61875,0.538
C0194,D,House,True,-0.2756307043847746,-0.2077273738276466,0.001566235390857,0.0068467058041695,-0.5033333333333333,-0.499
C0195,R,House,False,0.350547019283383,0.2134876000534535,0.0796082844818424,0.1196049812682011,0.775,0.8694
C0196,D,House,True,-0.2834892847783877,-0.2523872717422215,-0.0977394836141298,-0.1769564158839343,-0.6686956521739131,-1.0
C0197,R,House,False,0.2137335932000969,0.0515020081423069,0.0829674308735549,-0.007640356229424,0.5101351351351351,0.5096
C0198,D,House,True,-0.2999715916311625,-0.2006598927437339,-0.0238959752000452,-0.0540978539382648,-0.4387755102040816,-0.4872
C0199,R,House,False,0.1237463129709516,0.0463634462692572,0.0282014594959512,-0.0303856016776738,0.2947368421052632,0.3359
C0200,D,House,True,-0.2949975852192318,-0.0658405420150771,-0.0349293331508739,0.0033924053310401,-0.7020000000000001,-0.7877
C0201,R,House,False,0.1668289626520795,0.0978677137626013,0.0527692016105541,-0.0189784851607141,0.38684210526315793,0.3298
C0202,D,House,True,-0.2079668223919264,-0.0632179876070461,-0.0324889628097228,0.0156266997541568,-0.3083333333333333,-0.3881
C0203,R,House,False,0.4302370548116641,0.2993668020716189,0.119335197618824,0.1171340068447158,0.7037037037037037,0.9914
C0204,D,House,True,-0.2487000795260169,-0.0140508648469869,-0.05646576434605,0.0016812123759763,-0.4,-0.5706
C0205,R,House,False,0.3303580483192327,0.3103091816338136,0.0713869071178435,0.0888374352288574,0.8571428571428571,0.8204
C0206,I,House,False,0.1020643783444583,0.1885507221512122,0.0471796606191849,0.0522487593644542,0.21250000000000002,0.3266
C0207,D,House,True,-0.3606743840867494,-0.2008427098337847,-0.0168494489379709,0.0057739832723836,-0.6680555555555556,-0.6583
C0208,R,House,False,0.280283481710754,0.1335441776661707,0.0628469995677087,0.0484494409349339,0.5906976744186047,0.5728
C0209,D,House,False,-0.2216402167821883,-0.0993196538788884,-0.0797829506308989,-0.1111808097309554,-0.5588235294117647,-0.6749
C0210,R,House,True,0.3251472724095602,0.0776690286958191,0.0711815938978717,0.0225168878098465,0.6626984126984127,0.7397
C0211,D,House,False,-0.2059538233344488,-0.1792224226725557,-0.0346041623720059,-0.0356189211651281,-0.3514285714285714,-0.3313
C0212,R,House,True,0.36986032783532,0.370571923516599,0.0884611690067683,0.1401758462026718,0.5125000000000001,0.7929
C0213,D,House,False,-0.16432278980329,-0.0088624397441146,-0.0539159446994522,-0.0276400852088677,-0.6423076923076922,-0.651
C0214,R,House,True,0.3047129762189225,0.1870598995221063,0.0570780039349585,0.0671006388679348,0.6846153846153846,0.7808
C0215,D,House,True,-0.3378646769623636,-0.1928024413546612,-0.0751438005241605,-0.0994153849055702,-0.59,-0.7538
C0216,R,House,False,0.2703791267261605,0.1424666552165,0.0598392388296794,-0.0013303823065811,0.6724489795918368,0.6794
C0217,D,House,False,-0.3313393806410387,-0.1839070415395955,-0.0256615313006676,0.0281284643905504,-0.590625,-0.6374
C0218,R,House,True,0.1256711651663898,0.0801008449445536,0.02221867607586,0.0853247895546753,0.35625,0.3526
C0219,D,House,True,-0.2341283712508258,-0.0532802050573034,-0.0290186167966576,-0.0058986175848292,-0.6583333333333333,-0.8249
C0220,R,House,False,0.2948542591474837,0.1824035494123563,0.0931175278091975,0.0738341529867534,0.6763157894736842,0.7024
C0221,D,House,True,-0.1622725256291403,-0.0625781518730452,-0.0393305782365853,-0.0506889327717555,-0.5909090909090909,-0.4935
C0222,R,House,False,0.1659231015440487,0.0233892580321958,0.021433718466671,-0.0266876819971239,0.23809523809523808,0.2302
C0223,D,House,True,-0.2448059032069527,-0.2331177402692118,-0.0582730370003615,-0.1157321322619233,-0.5071428571428571,-0.5559
C0224,R,House,False,0.3306041710046792,0.2264496873711994,0.1255455863851583,0.1295919994624236,0.7357142857142858,0.7711
C0225,D,House,True,-0.2190033864046467,-0.1665698340119168,-0.0782033513727626,-0.1295163104892159,-0.6210526315789474,-0.8646
C0226,R,House,False,0.2978524738517255,0.1438625824978567,0.094464136208551,0.0401303524772687,0.6487179487179487,0.785
C0227,D,House,False,-0.3359653480388248,-0.2124566475423013,-0.0588067676190982,-0.1213432321609976,-0.5480392156862745,-0.7269
C0228,R,House,False,0.131369622623221,0.0581775317363876,0.0285917013513835,-0.0300594521686514,0.3918269230769231,0.3657
C0229,D,House,True,-0.0457578728222424,-0.0517608341692206,-0.0124019161554915,-0.0418314443957965,-0.4818181818181818,-0.4721
C0230,R,House,False,0.3036237272224704,0.2398447155280964,0.0953878187974722,0.0712284550752011,0.6,0.5141
C0231,D,House,True,-0.2778804702666244,-0.1281071539634469,-0.0273919669613379,0.0295483310254324,-0.525,-0.5635
C0232,R,House,False,0.2570421162036772,0.231906744720548,0.0532743212423108,0.044897521686515,0.6142857142857142,0.5581
C0233,D,House,False,-0.3134228936541188,-0.2838432678378548,-0.0752133860416233,-0.1340052295566347,-0.6673611111111111,-0.8096
C0234,R,House,False,0.0662179690452532,-0.0566459523818423,0.0173165695354582,0.0345495131175285,0.3821428571428571,0.3014
C0235,D,House,False,-0.4186127179427324,-0.2527356250602279,-0.1055427893331506,-0.0922201274653608,-0.6394736842105263,-1.0
C0236,R,House,False,0.2727182394337339,0.0962132189642796,0.084473138737671,-0.0017264721090264,0.5779411764705882,0.5819
C0237,D,House,False,-0.3169942132758591,-0.118905674712707,-0.0665953810048693,-0.0200203468453626,-0.615625,-0.6769
C0238,R,House,False,0.1999143372010738,0.0888774755816479,0.0877764180035542,0.031150332730638,0.6121951219512195,0.5889
C0239,D,House,True,-0.2759885764244963,-0.1024692317433799,-0.0627561308339704,-0.0227203632941668,-0.525,-0.5963
C0240,R,House,False,0.357248190479655,0.2167470613953746,0.0996822517961863,0.091255373323674,0.7078947368421054,0.8375
C0241,R,House,True,0.2389014289251171,0.0673888014689746,0.1189854672285451,0.0055076477888457,0.6898148148148148,1.0
C0242,D,House,True,-0.1394504801762872,0.0330957906952668,-0.0313957465445446,-0.0020483783475845,-0.32111111111111107,-0.3508
C0243,R,House,False,0.282965086205529,0.1419118858547204,0.0577659140279443,0.083955033202497,0.5147058823529411,0.5743
C0244,D,House,False,-0.3498491469223827,-0.2014416581799616,-0.0376093629032414,-0.017230569679751,-0.7428571428571429,-0.9762
C0245,R,House,True,0.1689931281019807,0.1440270095859129,0.0381434690261682,0.028035459364297,0.5096153846153846,0.4941
C0246,D,House,True,-0.3569319492941897,-0.2379302477392434,-0.0208301759927369,0.0143960137308657,-0.5681818181818182,-0.7812
C0247,R,House,False,0.3350126465132037,0.2164297007220278,0.0908231634175353,0.058631342338602,0.659748427672956,0.8649
C0248,D,House,False,-0.3689249304270233,-0.1795328760306749,-0.0351594482433444,-0.0261377846242192,-0.6,-0.8294
C0249,R,House,True,0.1943701993946331,0.0272126473544314,0.0251681964823802,0.0252395582858198,0.7416666666666667,0.817
C0250,D,House,True,-0.2657255006901518,-0.2829953260156171,-0.1096848150676315,-0.1637845896236601,-0.5714285714285714,-0.5712
C0251,R,House,False,0.3762162183630578,0.2615788823111431,0.0559145682164353,0.0763321733637719,0.6272727272727273,0.7077
C0252,D,House,False,-0.3649143488524516,-0.1639443180281613,-0.0441857568972012,-0.0090015983701752,-0.6107142857142858,-0.8731
C0253,R,House,True,0.2857608689873885,0.275524050564536,0.1189513363692659,0.1102149022892119,0.7678571428571429,0.9608
C0254,D,House,False,-0.2477778637753907,-0.1132514570126685,-0.0109312891197884,0.038838991220649,-0.42083333333333334,-0.4224
C0255,R,House,False,0.2296788852691145,0.0311974938179866,0.0951592354944487,0.0373321611836268,0.5,0.439
C0256,D,House,True,-0.1599202679520886,0.0553632374104822,-0.0907184613867211,-0.0045605222139047,-0.7583333333333333,-0.6995
C0257,R,House,False,0.2051672067467537,0.0896169314599663,0.0994949027284584,-0.0408414142083817,0.5518518518518518,0.4827
C0258,R,House,False,0.2408930509864395,0.0922998884812138,0.0979574855050641,0.0168547910008726,0.75,0.7599
C0259,D,House,False,-0.1368512932935383,-0.0837928504792558,-0.0449144379313758,-0.0181132991857537,-0.6230769230769231,-0.5342
C0260,R,House,True,0.1394462013870725,0.0162506796115125,0.089179733924859,-0.0234944625449743,0.601,0.5977
C0261,D,House,True,-0.2325050447640969,-0.1185993013728778,-0.0686517492620416,-0.0675664292114915,-0.5120689655172413,-0.7227
C0262,R,House,False,0.1844932704801665,0.0673975403554338,0.0881378903603154,0.0701139893046019,0.489344262295082,0.4327
C0263,D,House,False,-0.2542138070779541,-0.2638476673444801,-0.0488020148792883,-0.106075667450915,-0.5484375,-0.5445
C0264,R,House,True,0.3164074333973317,0.0564823388931527,0.0646671367448523,0.0260594922783525,0.725,1.0
C0265,D,House,False,-0.3131460943046371,-0.3106521717362687,-0.0952895069285961,-0.1803228278806868,-0.6280575539568345,-0.8596
C0266,R,House,True,0.3464027286885011,0.2166190002613138,0.0572544828374599,0.0693972220409641,0.7342105263157894,1.0
C0267,D,House,False,-0.2140834379078556,-0.1541631236754559,-0.0669846600048799,-0.0407754948315856,-0.73,-0.8868
C0268,R,House,True,0.2868663212203781,0.2065261788146045,0.0705515895831053,0.0332533439911101,0.6928571428571428,0.9489
C0269,I,House,False,0.0596688063752351,0.0637395203796849,0.0147974862147384,0.0322934434545569,0.028787878787878796,0.0274
C0270,D,House,True,-0.2722798785761421,-0.2775182877068152,-0.0925301298732572,-0.139219674561973,-0.604,-0.7146
C0271,R,House,False,0.3050994987324613,0.188118655597502,0.076382509399929,0.0589821870014864,0.6431818181818182,0.672
C0272,D,House,True,-0.2732921014949477,-0.1825537228282401,-0.0634787769200878,-0.0373499744183135,-0.5409090909090909,-0.6404
C0273,R,House,False,0.1679919655762276,0.0703888508005581,0.0633297920889158,0.0232694378405724,0.49800000000000005,0.3499
C0274,D,House,False,-0.405175126593585,-0.1743917947011386,-0.053341011095982,-0.0192894865737295,-0.6966666666666667,-1.0
C0275,R,House,True,0.1235693680617446,0.0063601723638848,0.0516308708201492,-0.0225096412198952,0.47200000000000003,0.3676
C0276,D,House,False,-0.1242082858088296,0.0388695964754951,-0.0811910204216858,0.009972532761441,-0.75,-0.4264
C0277,R,House,True,0.2149687029331764,0.1256524950737901,0.0173259133792074,0.064413008987236,0.6,0.4851
C0278,R,House,True,0.2203610346468918,0.0337006569340035,0.043958786089369,0.0530612965411585,0.6444444444444444,0.5657
C0279,D,House,True,-0.2946550642909855,-0.043998651376578,-0.0433381004588815,0.0117672410662066,-0.5978260869565217,-0.6582
C0280,R,House,False,0.2326300291797884,0.2633616721062615,0.070431015138988,0.1544344115264255,0.675,0.7174
C0281,D,House,True,-0.3239961854090919,-0.1696077505027778,-0.0870458802720508,-0.0845755530873188,-0.6064516129032258,-0.7481
C0282,R,House,False,0.1330930238370893,0.0658645373656159,0.1051380989400617,0.0907188082106319,0.5833333333333334,0.343
C0283,D,House,False,-0.3243233277731628,-0.201489471003814,-0.07405451886259,-0.0751930962099064,-0.6142857142857142,-0.7535
C0284,R,House,False,0.305894477748048,0.1130166652552478,0.0706674606375751,0.0487659421596029,0.6922222222222222,0.9528
C0285,D,House,True,-0.2785093699805823,-0.081744608245539,-0.0733207793480194,-0.014984191221885,-0.7333333333333334,-0.7323
C0286,R,House,False,0.2498393733025638,0.1530638272722533,0.0456252224049405,0.0713649906712244,0.5921052631578947,0.6408
C0287,D,House,True,-0.1257911367620125,-0.0940009610775638,-0.0692906954676363,-0.085546347814521,-0.396875,-0.3992
C0288,R,House,False,0.193220241471011,0.1208475044313422,0.0163846847765669,0.055435184565032,0.62,0.6483
C0289,R,House,True,0.2029728278873563,0.163369331576451,0.0965712749416185,0.0723108242126663,0.43870967741935485,0.3781
C0290,D,House,False,-0.2800188847216772,-0.1620268068505491,-0.0963521644972833,-0.061799092411167,-0.5807692307692307,-0.557
C0291,D,House,False,-0.3067605559237933,-0.130080368453502,-0.030641177150559,0.003982049763463,-0.5809523809523809,-0.5759
C0292,D,House,False,-0.2095738859088553,-0.0872950532421083,-0.0502352060605707,-0.0534652441268324,-0.5978260869565217,-0.5326
C0293,R,House,True,0.2647043524889075,0.1276882329310671,0.0397118454204849,0.0653362512195496,0.7,0.6445
C0294,D,House,True,-0.1647959677496431,-0.2248322801083856,-0.0853516592397006,-0.1301388641104704,-0.5637931034482759,-0.4683
C0295,R,House,False,0.1903863276064973,0.1020828560451708,0.0251369352846757,0.0270356161991815,0.4788461538461538,0.3992
C0296,D,House,False,-0.2319925474931819,-0.0944309080185453,-0.0459244902009173,-0.0473818898418598,-0.5071428571428571,-0.5259
C0297,R,House,False,0.3116553403360094,0.2095599111675784,0.0949521981230271,0.134360132881641,0.6928571428571428,0.6582
C0298,D,House,False,-0.206488916233975,0.1028527936345545,-0.0377658775651769,0.0334247079069305,-0.4875,-0.5189
C0299,R,House,False,0.1254820149082359,0.0784322342065591,0.0176325828848966,0.0030479709038234,0.4583333333333333,0.5355
C0300,D,House,False,-0.3692840880147571,-0.1923690744033619,-0.0717117571418411,-0.0945076814347884,-0.5607142857142857,-0.6764
C0301,R,House,True,0.2540807048789361,0.087509210993097,0.0623416133247426,0.0816714067797542,0.408974358974359,0.3961
C0302,D,House,False,-0.336093682866478,-0.163735024515412,-0.0666661926791303,-0.0295461774858248,-0.5750000000000001,-0.7174
C0303,R,House,True,0.356195240256229,0.2216569533144955,0.0623973121150842,0.0929686154533958,0.75,0.9492
C0304,D,House,False,-0.1905166169679576,-0.1671878459328517,-0.0317626531005512,-0.0073898071253373,-0.48125,-0.6787
C0305,R,House,True,0.3651908782062077,0.2025581653282576,0.0812332330702135,0.0495275983316225,0.7094827586206897,0.9872
C0306,D,House,True,-0.1874868540100984,-0.0070236904621865,-0.0638629117751492,0.0074899159180979,-0.5599999999999999,-0.4994
C0307,R,House,False,0.2168572231725805,0.0523599348256324,0.0836421208563853,-0.0328640492897829,0.4854430379746836,0.4418
C0308,D,House,True,-0.2225068042907772,-0.0034038125385033,-0.0664998087603393,0.0073122500248012,-0.74,-0.571
C0309,R,House,False,0.2536461075128225,0.2423872994194323,0.0893886548911042,0.0629461003880671,0.6923076923076923,0.8048
C0310,D,House,True,-0.3616143925645598,-0.2651304979601101,-0.0966326053088029,-0.114206155321839,-0.5950980392156863,-0.6354
C0311,R,House,False,0.3490221109915858,0.1796902655885199,0.0458466422662471,0.0623697979146456,0.6833333333333333,0.7521
C0312,I,House,False,-0.2114130869825589,-0.3245903536516514,-0.1152066325529906,-0.2076468362870999,-0.5982142857142857,-0.7529
C0313,D,House,False,-0.1892302572046417,-0.1254029280491945,-0.0280240326179117,-0.0510271965441122,-0.3466666666666667,-0.3707
C0314,R,House,True,0.3014523400088056,0.1692974814803462,0.046471376664978,0.0588362990816044,0.7833333333333333,0.9703
C0315,I,House,False,-0.2348217955116631,-0.1542116425156422,-0.0173355294568327,0.0205746585653679,-0.6863636363636364,-0.6423
C0316,R,House,True,0.3166872311415269,0.2801771209961416,0.0649124113925514,0.0564789955120254,0.75625,0.7592
C0317,I,House,False,0.0188688325470254,0.0112471326005828,-0.0440900990353601,-0.0084864131918687,0.006521739130434786,-0.0382
C0318,R,House,True,0.2005102502371405,0.1056353400288612,1.3313269230911446e-05,0.007726525323617,0.4846153846153846,0.4941
C0319,D,House,True,-0.2638168261957349,-0.1979627126249379,-0.0970251065321494,-0.010086169551772,-0.6599999999999999,-0.542
C0320,R,House,False,0.0683047771026603,-0.010971282767409,0.0282211693182768,-0.011650171357309,0.286046511627907,0.2767
C0321,D,House,False,-0.2901611336026103,-0.160037600507267,-0.1100476995524158,-0.0745219207335519,-0.5774193548387097,-0.759
C0322,R,House,False,0.2377368509234746,0.1242036006455375,0.070589802325996,0.0074928227442212,0.5016666666666667,0.6358
C0323,D,House,True,-0.3008755239587585,-0.1961304191288075,-0.0692406372354664,-0.0771103419655263,-0.6441176470588236,-0.7395
C0324,R,House,False,0.1256588313030963,0.0581523980498461,0.0787819811649047,0.0528735892340439,0.65,0.6399
C0325,D,House,True,-0.3148473725843785,-0.2647646449804232,-0.1161378870846545,-0.0953480803406645,-0.5565217391304348,-0.618
C0326,R,House,False,0.2268782435318728,0.0302867200516714,0.0076730135589397,0.0617929633967015,0.6333333333333333,0.5035
C0327,R,House,True,0.17882620166443,0.0975746467516919,0.0630543313597685,0.0092669943384401,0.5435483870967742,0.4402
C0328,D,House,False,-0.2782605622338361,-0.1428603927776678,-0.0832575964688632,-0.0610017978962112,-0.5375,-0.5126
C0329,R,House,False,0.1867671406660258,0.0812994151872854,0.0857331439748377,0.0029618980169713,0.5684210526315789,0.5508
C0330,D,House,False,-0.2746553667735254,-0.2426222721788808,-0.0434562050847222,-0.073516979282655,-0.6630841121495328,-1.0
C0331,R,House,True,0.2589401587069046,0.1497257605528658,0.0549328229303538,0.0504541564220726,0.5574468085106383,0.6803
C0332,R,House,False,0.2952267636059654,0.1333234792259976,0.0573820739279906,0.0044647534102393,0.6020833333333333,0.5697
C0333,D,House,True,-0.2766063887570968,-0.1011185847960246,-0.0721373166599994,-0.0490862113163794,-0.6211538461538461,-0.7233
C0334,R,House,False,0.0821999721496727,0.1170738662815841,0.0181445171485836,0.0644523280790898,0.55,0.4303
C0335,D,House,True,-0.2335589872324712,-0.2152813154955376,-0.0644044794728668,-0.0450972906402409,-0.4425,-0.3124
C0336,R,House,False,0.1277873031910874,0.0251314732195049,0.0134721251887486,-0.0261642181223051,0.408,0.4314
C0337,D,House,True,-0.2439056395997879,-0.1626658005531933,-0.0322072850232831,-0.0162537395145171,-0.5333333333333333,-0.5968
C0338,R,House,False,0.3328938609541513,0.213377168166156,0.0836935479464196,0.0818930701213893,0.7025,1.0
C0339,D,House,True,-0.098390042976649,-0.0922167733643379,-0.0385023365088212,-0.0886415059452401,-0.29714285714285715,-0.2302
C0340,R,House,False,0.1782343356926805,0.199953893867782,0.0522999080799859,0.1237029002846259,0.4,0.5058
C0341,D,House,False,-0.3275937467723163,-0.2261054660624077,-0.0156655964507467,0.0038631735362769,-0.6464285714285715,-0.8281
C0342,R,House,True,0.3268904308059976,0.1708605403873311,0.073869698643802,0.0630633392092346,0.7140350877192982,0.9772
C0343,D,House,False,-0.4205232571143251,-0.1850575120334302,-0.0607717220442875,-0.0164157746326314,-0.6617647058823529,-0.8945
C0344,R,House,True,0.3182922405524552,0.1541538187659756,0.0699610578930568,0.0144224406323339,0.6185714285714287,0.7365
C0345,D,House,False,-0.1511560553194989,-0.1391028489818385,-0.0561045131374788,-0.0774970067178658,-0.4921052631578947,-0.4095
C0346,R,House,True,0.2578307623833905,0.1624029593383224,0.0218324486777867,0.0123734109540586,0.7150000000000001,0.5773
C0347,D,House,False,0.0487018314192032,0.0458052115406892,0.0162213993044507,-0.004910593365246,0.18448275862068964,0.0321
C0348,R,House,True,0.2323401017216877,0.1570110515634053,0.0148073937677052,0.0317277958861611,0.39999999999999997,0.4811
C0349,D,House,True,-0.3369248654467867,-0.195792649243398,-0.0949454715586953,-0.1061520063097637,-0.5819444444444444,-0.6753
C0350,R,House,False,0.2044789488824062,0.0631148039294896,0.0615094965478254,0.0380994626460996,0.745,0.6281
C0351,D,House,False,-0.0628085122915738,-0.1950298521335476,-0.0509698799985396,-0.1945081235704089,-0.4153846153846154,-0.3547
C0352,R,House,False,0.2107986458951908,0.1030426832756683,0.0467892971047805,0.0358463612004768,0.5241666666666667,0.3957
C0353,R,House,True,0.1654550962800333,0.1867301568473274,0.0085372510402696,0.0277662813159082,0.3535714285714286,0.2602
C0354,D,House,True,-0.3378239501305309,-0.0978038835056828,-0.0609430461260651,-0.0340124784698442,-0.675,-0.7806
C0355,D,House,False,-0.2790403123900811,-0.1778024398735919,-0.0965706068946531,-0.1373358251550161,-0.5857142857142856,-0.5719
C0356,R,House,True,0.2435901672322347,0.1296395342200819,0.0701462647497477,0.0049662849675994,0.4621621621621622,0.4999
C0357,D,House,False,-0.1500839188565986,-0.1042965563604712,-0.0295570933793119,-0.0218019966019115,-0.36590909090909096,-0.3675
C0358,R,House,False,0.2664951260471616,0.1452033514062557,0.0031794905987135,-0.024104078089882,0.4914893617021277,0.4915
C0359,D,House,True,-0.1623013957884209,-0.1165483826357011,-0.0379343309748776,-0.0150346106621156,-0.2861111111111111,-0.2321
C0360,R,House,False,0.2909773549617551,0.146915025369706,0.1461651835524633,0.1557097846748563,0.7678571428571429,1.0
C0361,D,House,True,-0.1933260031063576,-0.159942508137612,-0.04815588299431,0.0234623079843301,,-0.3582
C0362,R,House,False,0.2455276319439948,0.1057037207062918,0.0376213128595983,0.0410607229793702,0.6486842105263159,0.6934
C0363,D,House,False,-0.3675331139693023,-0.1033593151047917,-0.0436119100935569,-0.0118278065931992,-0.6878787878787879,-0.9437
C0364,R,House,False,0.2454004077088038,0.2378844707521602,0.0127925131436171,0.0521652599935478,0.7136363636363636,0.7467
C0365,D,House,True,-0.097953721143971,0.0627395958338318,0.0058943956094141,0.0631712987592278,-0.63,-0.4277
C0366,R,House,False,0.174404376742972,0.1907031418669484,0.0883839014516188,0.0369130482987833,0.30357142857142855,0.3218
C0367,D,House,False,-0.2604992757787764,-0.0903605050409574,-0.0143403452163762,0.0361356464676895,-0.63125,-0.8928
C0368,R,House,True,0.2578193109561731,0.1377240666851885,0.0378987643355761,0.0380281078433677,0.5789473684210527,0.645
C0369,D,House,False,-0.2534834115890798,-0.1118357957160426,-0.0272390503257069,-0.0298953168026147,-0.5671875,-0.5336
C0370,R,House,True,0.2197079813788588,0.132215618053876,0.0469690555881952,0.055308312682497,0.3566666666666667,0.3428
C0371,I,House,False,0.0854860491954169,0.0778569717065058,0.0303607079447647,0.0269058117868594,0.2516129032258065,0.2706
C0372,D,House,True,-0.2896666197264089,-0.1787654283989647,-0.0500603507795004,0.0117438023836103,-0.525,-0.3743
C0373,R,House,False,0.0973924104749832,0.1053567448775062,-0.0214671892102607,0.011095388310575,0.14545454545454548,0.24
C0374,D,House,False,-0.294812307363231,-0.0865810138913613,-0.0515838005482167,0.0029638465735514,-0.50625,-0.6493
C0375,R,House,True,0.4021669987463956,0.2669407307702778,0.1133775774453803,0.0606325681014019,0.6605263157894736,0.9448
C0376,D,House,False,-0.1810785368137272,-0.0652020057075704,-0.0729699381437642,-0.0126515310540883,-0.29444444444444445,-0.4156
C0377,R,House,False,0.2380766177302178,0.1827784146617665,0.052775501818779,0.0401993121718214,0.5166666666666667,0.5141
C0378,R,House,True,0.2662563686919854,0.1010317882959294,0.0430191398359307,0.007865131627183,0.5490384615384616,0.6281
C0379,D,House,False,-0.3473121176367725,-0.1225503901370873,-0.063879365818124,-0.0637563048931255,-0.6152777777777777,-0.7999
C0380,R,House,True,0.316327964535058,0.2157553559775515,0.0815680711363607,0.0886973237349582,0.6173913043478262,0.6693
C0381,D,House,False,-0.2703649587061396,-0.1650674197502918,-0.0694932751175279,-0.067668375379875,-0.634375,-0.6555
C0382,R,House,True,0.2024771489450018,0.1066037998800437,0.0743974102657772,-0.0145786682679894,0.41930693069306935,0.3718
C0383,D,House,True,-0.19360285261073,-0.0366305768362513,-0.0498611131425774,-0.0053064880845846,-0.5349999999999999,-0.5723
C0384,R,House,False,0.2187926537890424,0.1234494724063282,0.0463793265941267,0.004667472762862,0.65,0.7155
C0385,D,House,False,-0.3113072325208069,-0.2114895676426109,-0.0651357703308018,-0.0946166746669318,-0.723529411764706,-1.0
C0386,R,House,True,0.1607217844975756,0.0627801537376194,0.0369814245438324,0.0294027852209278,0.15833333333333335,0.3719
C0387,R,House,True,0.1276219766409782,0.0687228455967443,0.0408765822115719,0.0455441761514178,0.25961538461538464,0.2152
C0388,I,House,False,0.1882359277203774,0.1962040223174699,0.0339723205766633,0.0684615990423777,0.375,0.478
C0389,D,House,True,-0.2716181613807326,-0.2771695820152418,-0.0929784868380199,-0.158136483766851,-0.6142857142857142,-0.7803
C0390,R,House,False,0.1519369168022486,0.1925693277149208,0.0498668652102804,0.039865094246545,0.33269230769230773,0.4208
C0391,D,House,True,-0.2060869396327054,-0.1668545791352091,-0.0478461596182011,-0.0623769471484305,-0.5080645161290323,-0.5259
C0392,R,House,False,0.2817290469448799,0.1604077105982095,0.0289546883921536,0.0402398247076807,0.659375,0.7712
C0393,D,House,True,-0.0563218544046275,-0.0765456735306823,0.0062537831507625,-0.0217230389784521,-0.2727272727272727,-0.389
C0394,R,House,False,0.3116997974542076,0.0883263779720526,0.0994840107793453,0.048044916315011,0.7147058823529412,0.8379
C0395,D,House,False,-0.0549879903824427,0.1174551214911576,0.0217690013661081,0.0946778631471009,-0.34375,-0.2764
C0396,R,House,True,0.3601278704152428,0.2924494552289626,0.0826273676065514,0.0761203000400846,0.7085714285714286,0.677
C0397,D,House,False,-0.2960482389988517,-0.1671018972215413,-0.0362341595022774,-0.0673518046801741,-0.455,-0.47
C0398,R,House,True,0.1292009074516197,0.0403592590089785,0.0856151982586903,0.1335333584394308,0.2,0.4822
C0399,D,House,False,-0.2662697859045786,-0.0957555506286349,-0.0630316786063569,-0.0421090528420024,-0.6333333333333333,-0.6653
C0400,R,House,False,0.2575778866414424,0.1645769224866727,0.0953308044651607,0.0145648045507829,0.6464285714285715,0.6399
C0401,R,House,False,0.2301555546821069,0.0461956263086452,0.0155586019682632,0.054993593756644,0.6166666666666667,0.6237
C0402,D,House,True,-0.245439288122319,-0.0421858116355567,-0.0270580916002907,0.0033847846054551,-0.5666666666666667,-0.4864
C0403,R,House,False,0.2960037648648629,0.1812762956535679,0.0793899102470108,0.0542216145065315,0.625,0.7514
C0404,D,House,False,0.0556624409591595,0.0143911229805216,0.030208555342958,-0.0661610826090827,0.06492537313432836,0.0281
C0405,R,House,False,0.288347622854715,0.1510218604441776,0.0614516597802938,0.0598368785912641,0.65,0.645
C0406,D,House,True,-0.3823732000063919,-0.2950409389795608,-0.0890392901600501,-0.1018149002631107,-0.6975,-0.8683
C0407,R,House,False,0.0948426799927742,0.0718288935981332,0.0734179881792373,0.0929550721948789,0.23035714285714287,0.2524
C0408,D,House,True,-0.2162127608892625,-0.1158917977138555,-0.006717180431366,0.0391434208772819,,-0.6801
C0409,R,House,False,0.2960474964262345,0.1684015536650621,0.0701036064121283,0.0933905523003656,0.5611111111111112,0.6574
C0410,D,House,False,-0.2816761142386507,-0.0806094014637461,-0.0310949383806047,-0.0164207957343792,-0.5539999999999999,-0.6368
C0411,R,House,True,0.1599619175343413,0.0985863331509327,0.0323775195374681,-0.0293576876511812,0.22058823529411764,0.2742
C0412,D,House,True,-0.0562518521755861,-0.0367660306982446,-0.0045960818055253,-0.0363102595399192,-0.12597402597402596,-0.1042
C0413,R,House,False,0.2015950978210195,0.0528149373705589,0.0500218644533687,0.0342253234364898,0.6111111111111112,0.5171
C0414,D,House,True,-0.3453901716292724,-0.1383435222814569,-0.0378448058470028,-0.0279522154186254,-0.5660714285714286,-0.6666
C0415,R,House,False,0.3815918876535685,0.2682122118153298,0.0844513060938421,0.1165360522253734,0.7423076923076923,0.8368
C0416,D,House,True,-0.0701290032265214,-0.0381964794109856,-0.0354638280991829,-0.0850456963291776,-0.31129032258064515,-0.2932
C0417,R,House,False,0.2955444487390535,0.1392299984730338,0.0881925664709501,0.0471196414833389,0.7152173913043478,0.6738
C0418,D,House,False,-0.2916223235368094,-0.0759978994101418,-0.0358840607917739,-0.0019655242355009,-0.5607142857142857,-1.0
C0419,R,House,True,0.2185521736908416,0.0729591039578068,0.0455926185489808,-0.0011498105246898,0.5705882352941177,0.5509
C0420,D,House,True,-0.2550880221200781,-0.1884470100673504,-0.0263615464690835,-0.0448855285082807,-0.55,-0.5466
C0421,R,House,False,0.1227866605430408,0.1008695251082526,0.0265568079421685,0.0232100057178611,0.41111111111111115,0.4391
C0422,D,House,True,-0.2584935320960063,-0.0787361384907305,-0.0592614480173171,-0.0215710792267256,-0.5638888888888889,-0.5747
C0423,R,House,False,0.2607649039783034,0.1707297048432558,0.0242900274087851,0.0543896481856592,0.75,0.7341
C0424,D,House,False,-0.115110294953256,0.0001492748863316,-0.0086968497542765,0.0459990980759218,-0.725,-0.5591
C0425,R,House,False,0.2741174015638726,0.1638224255687033,0.0898222342725716,0.0169250484476638,0.6012820512820513,0.514
C0426,D,House,False,-0.2524201927478081,-0.1416808902251966,-0.0792484839854226,-0.0976060843377809,-0.7173076923076922,-0.8961
C0427,R,House,True,0.2065289405563126,0.0688889689239282,0.0316852515103972,0.0696187957902989,0.625,0.6911
C0428,D,House,True,-0.3297462331485413,-0.1712433613647765,-0.0928797531532993,-0.1036104788166428,-0.628,-0.722
C0429,R,House,False,0.2893263925615244,0.0860749197526048,0.0861215177363476,0.1109819065371306,0.7083333333333334,0.5682
C0430,I,House,False,0.1230296238107865,0.0481746682471197,0.0599752160878169,-0.0463615363668828,0.2668918918918919,0.2735
C0431,D,House,False,-0.2754569370075864,-0.1490867919818621,-0.0660192729386867,-0.0498440100328392,-0.5642857142857143,-0.5151
C0432,R,House,False,0.3016391515692899,0.1612777545787429,0.0620551479630363,0.0167245512693096,0.7564516129032258,0.7823
C0433,D,House,False,-0.2295455309540139,-0.0845320935798873,-0.0518677595010792,-0.0444935929257054,-0.6863636363636364,-0.7726
C0434,R,House,True,0.2367767252617775,0.096078169522469,0.09714352487449,-0.0210611177263022,0.5146551724137931,0.6033
C0435,D,House,False,-0.2647506641752079,-0.2936085077729166,-0.0616296196220383,-0.1635558305587658,-0.5746268656716418,-0.5405
C0436,R,House,False,0.2464659416027603,0.1982906116877597,0.0827277195731786,0.0647073187986926,0.4963414634146342,0.4572
C0437,D,House,False,-0.1809536999673837,-0.0718174173821934,-0.0348408072968332,-0.0574908581913591,-0.5013888888888889,-0.4471
C0438,R,House,False,0.2052458257124217,0.1827118490162218,0.0626069759175551,0.0488855361607662,0.37916666666666665,0.51
C0439,D,House,True,-0.3554322138832554,-0.1329996804744824,-0.0519795034240955,-0.0494834438075344,-0.6617647058823529,-0.9148
C0440,R,House,False,0.2741102932622262,0.0664692608084987,0.063328952622103,0.0799997719395955,0.5437500000000001,0.5102
C0441,D,House,True,-0.4201586911442896,-0.2749647187448167,-0.0675686584756016,-0.1379036423427755,-0.6775862068965518,-0.9015
C0442,R,House,False,0.3086833231865629,0.0962084541836102,0.0388548186895404,0.0159854211355372,0.6403225806451613,0.8689
C0443,D,House,False,-0.3066117077852697,-0.2047543198282462,-0.0378589710996458,-0.0440073955387008,-0.6384615384615384,-0.768
C0444,R,House,True,0.2015667226580351,0.123071929834813,0.0440195604695949,0.0443830815774789,0.38269230769230766,0.3699
C0445,I,House,False,-0.1140992044312976,0.0569504016470664,0.0116312721773496,0.0340474418839077,-0.003124999999999996,-0.0419
C0446,D,House,False,-0.1834894811034036,-0.0701261129567882,-0.044519514329578,-0.043876843561571,-0.35,-0.3552
C0447,R,House,False,0.2762453795547638,0.0714750098175983,0.0372226231325732,0.0101934997025374,0.6878571428571428,0.6846
C0448,D,House,False,-0.2413428772264243,-0.0808483134622257,5.359759912529585e-06,0.0643513102949426,-0.5833333333333334,-0.6624
C0449,R,House,True,0.2727512519441506,0.1938315420422619,0.0933565126575796,0.0582656573964187,0.6394736842105263,0.6047
C0450,D,House,False,-0.2936430251784279,-0.0412987300953991,-0.0559483914743054,0.0011714341370152,-0.5633333333333332,-0.5661
C0451,R,House,True,0.3247943275122502,0.124838491034467,0.0901753611030292,0.0819707803012571,0.7574074074074074,0.9568
C0452,D,House,True,-0.1914809066502006,-0.1301058088925726,-0.066797990745319,-0.0871504217856657,-0.5362068965517242,-0.5089
C0453,R,House,False,0.2570008195691315,0.104282583950771,0.1054756463754969,0.0355625522034239,0.48602150537634414,0.4595
C0454,D,House,False,-0.2349676016055784,-0.0668333967703625,-0.0389013794161969,-0.0073297932056393,-0.5581081081081081,-0.5917
C0455,R,House,True,0.3315591636953077,0.1321918890615772,0.0908207408664585,0.0540101640763426,0.6631578947368421,0.9653
C0456,D,House,True,-0.0708353193083995,-0.0464254981840867,-0.0020342646831841,-0.0462591948678432,-0.184375,-0.1955
C0457,R,House,False,0.1689607858096966,0.160578384616378,0.0138272696323206,0.0535303067422665,0.45,0.5301
C0458,D,House,True,-0.276682876042259,-0.2465696863087038,-0.0640915660844322,-0.057359424975738,-0.6543478260869565,-0.5712
C0459,R,House,False,0.2462787501535796,0.1290949109033507,0.0522195204591755,0.0307747307562964,0.6271428571428571,0.6951
C0460,I,House,False,-0.0256943230151917,0.0783900029694197,-0.0452073889663213,0.0139653576458893,-0.07999999999999999,-0.0412
C0461,D,House,True,-0.304337527753562,-0.1842901037315932,-0.0923401095070927,-0.1297868495643239,-0.6333333333333333,-0.7943
C0462,R,House,False,0.2287028889424492,0.1108976091394615,0.1015672357625619,0.0937873226116478,0.706,0.7699
C0463,D,House,True,-0.1878723993078686,-0.1343968703766468,-0.0608549870012284,-0.0755285078104318,-0.5083333333333333,-0.4453
C0464,R,House,False,0.3243731567182794,0.223268291688909,0.0661504780533765,0.0686154009884789,0.5181818181818182,0.5845
C0465,D,House,False,-0.1755818762566472,-0.1658220328563882,-0.0475254938869851,-0.1286196380524101,-0.42173913043478256,-0.3233
C0466,R,House,True,0.3513378496622263,0.2037339707050866,0.0672278879827288,0.050513723227162,0.7230769230769231,0.8498
C0467,D,House,False,-0.1861365394797041,-0.0610597974457486,-0.042945197413665,-0.0071445833165732,-0.655,-0.4654
C0468,R,House,True,0.2143271748675101,0.0950364773620405,0.0456164134993473,0.0762685895962102,0.6394736842105263,0.6186
C0469,D,House,True,-0.2127202573798789,-0.1458174472570543,-0.0241062410664317,-0.0430527176394996,-0.5403225806451613,-0.6403
C0470,R,House,False,0.326988684591904,0.2245106961239426,0.078844655230191,0.0922114380935609,0.7846153846153846,0.9048
C0471,D,House,True,-0.2899893733145344,-0.0432330904577588,-0.0940545370746215,-0.0288476376208254,-0.5349999999999999,-0.7742
C0472,R,House,False,0.2968150636621837,0.2288849737747875,0.077537016485436,0.0662821590501486,0.5147058823529411,0.5277
C0473,D,House,True,-0.2782059645169876,-0.108463788141491,-0.0512189156807422,-0.0241790733011449,-0.4109375,-0.4065
C0474,R,House,False,0.0938872160638291,0.111581039739324,0.0109669099347581,-0.0609417100518832,0.3071428571428571,0.3492
C0475,D,House,False,-0.1792986832966519,-0.2034909940991574,-0.0569612158471281,-0.0827673970936926,-0.6257142857142857,-0.5949
C0476,R,House,False,0.0785590389340419,0.1101451930829784,-0.0047205739703001,0.0014024643023749,0.2421052631578947,0.2094
C0477,D,House,False,-0.3672201372564113,-0.1974141440380106,-0.0902209301109898,-0.0835323470866719,-0.6931818181818182,-0.8365
C0478,R,House,True,0.296479381367501,0.1595604537408013,0.0467594533416139,0.0400241284045263,0.6227272727272728,0.7633
C0479,D,House,False,-0.2643447671068808,-0.2426942135096683,-0.0792229435792526,-0.117392736106772,-0.5991935483870967,-0.723
C0480,R,House,False,0.3388828366619838,0.263588260372478,0.0743216367166677,0.0819945064904603,0.7150000000000001,0.959
C0481,D,House,False,-0.3249951173934777,-0.0729103668074837,-0.0651880895792506,-0.0182266154881413,-0.7642857142857142,-0.5807
C0482,R,House,False,0.1432054122877746,0.0697323689680059,0.0376919944115516,-0.0128319961668959,0.3446808510638298,0.3253
C0483,D,House,True,-0.1286289006792365,0.0393594740344472,-0.0173987193269156,0.0461371590756202,-0.45,-0.6662
C0484,R,House,False,0.2629417470483842,0.1731594920362867,0.0703953362703353,-0.0150451475177365,0.5642857142857143,0.5877
C0485,D,House,True,-0.3550094432081753,-0.1777151143373273,-0.0619929659283042,-0.0429870418190176,-0.6573770491803279,-0.8585
C0486,R,House,False,0.2122446913654719,0.1176767769024244,0.0238046285066171,0.0443230468639658,0.325,0.4448
C0487,D,House,True,-0.1479282078096721,-0.0605793179184363,-0.042085480941546,-0.059118698252363,-0.2980769230769231,-0.3749
C0488,R,House,False,0.2406301649910739,0.1710762332019721,0.0673971385796092,0.0708180644569829,0.6785714285714286,0.7845
C0489,D,House,False,-0.3091393323641264,-0.0775292648296195,-0.0660527852440218,-0.0061357753440327,-0.75,-0.7112
C0490,R,House,False,0.2796344372844804,0.1138509706424927,0.0605506186941151,0.002319395499398,0.618452380952381,0.6051
C0491,D,House,False,-0.1525980463378857,-0.1219824336804676,-0.0805690055883082,-0.0797006127069668,0.007142857142857157,-0.089
C0492,R,House,True,0.2001963644238165,0.0694860683956928,0.0791050982740014,0.0397446053461178,0.529,0.4813
C0493,D,House,False,-0.2775443665721202,-0.3277428777847191,-0.0915044629221474,-0.1346915305772874,-0.6272727272727273,-0.779
C0494,R,House,True,0.1924464088871645,0.1437291109259507,0.0439523878783327,0.0601441545417106,0.6928571428571428,0.4554
C0495,D,House,False,-0.3285952823045061,-0.264446432539223,-0.0753266954039224,-0.1343754858793469,-0.598989898989899,-0.6256
C0496,R,House,True,0.1887843722812913,-0.0114515713400819,0.065978967761865,0.0699439469712703,0.5647058823529412,0.6166
C0497,I,House,False,0.1719403546398236,0.1159665014714879,0.0343581450170803,0.0226108086512864,0.3136363636363636,0.3014
C0498,D,House,False,-0.1797782065149631,-0.0245434250544996,-0.0580001622570922,-0.0331653727983014,-0.2875,-0.3476
C0499,D,House,True,-0.318330822671082,-0.1402788222771614,-0.0441627264660756,-0.053196131080307,-0.5752747252747253,-0.6986
C0500,R,House,False,0.1770852474359384,0.0707535249602434,0.0103227508921226,0.0144738979858266,0.5900000000000001,0.5091
C0501,D,House,True,-0.3074745312454552,-0.384259877550336,-0.1256798205203051,-0.1985791500563715,-0.6598765432098765,-0.7689
C0502,R,House,False,0.2744641949940198,0.1674597466724378,0.0568621383687271,0.0241887831668694,0.6401408450704226,0.6823
C0503,R,House,True,0.264382649305066,0.1424610679220275,0.0601159454405265,0.0755314598002676,0.6777777777777778,0.6981
C0504,D,House,False,-0.2573635794357742,-0.210433550660656,-0.0424365262688839,-0.0699155526777352,-0.6729166666666666,-0.6739
C0505,R,House,True,0.3279192854973905,0.2588837211082481,0.0578765267803763,0.0852720499694868,0.5875,0.8507
C0506,I,House,False,-0.2967072571400207,-0.1295839301486816,-0.0796865231275308,-0.0282256951442597,-0.6749999999999999,-0.7381
C0507,D,House,False,-0.1907249244093062,-0.1205008100918469,-0.0434284074609124,-0.0201603600415613,-0.71,-0.9245
C0508,R,House,True,0.3682955653824044,0.2886317134387816,0.0863846066739932,0.1334943437760265,0.7111111111111111,0.9237
C0509,D,House,True,-0.2801775670805558,-0.0913296767449216,-0.0909652777339515,-0.0201685551965428,-0.5714285714285714,-0.4904
C0510,R,House,False,0.1248394867182649,0.0368122197138904,0.0389919759136584,0.0411247140408208,0.4470588235294118,0.445
C0511,D,House,False,-0.2997137044329916,-0.1411762680076347,-0.0519145007999272,-0.0612418870578131,-0.6406976744186047,-0.8767
C0512,R,House,False,0.211615227254803,0.136697206798256,0.0401419276351678,0.0305045791333709,0.4858974358974359,0.4268
C0513,D,House,False,-0.2496474201484204,-0.0835758652062568,-0.0321527130151336,-0.0044877190994233,-0.725,-0.8252
C0514,R,House,True,0.1687339776195472,0.1549295040728283,0.0181094801976126,0.0291152303743893,0.32954545454545453,0.3523
C0515,D,House,True,-0.2831897914621029,-0.2414683499615316,-0.1100722773089489,-0.1239859449258382,-0.7166666666666667,-0.7232
C0516,R,House,False,0.2820150863290633,0.2838105431566626,0.0568785444251406,0.1084600263307368,0.47000000000000003,0.5161
C0517,D,House,False,-0.1798987127334247,-0.0781206758830718,-0.0399516113243266,-0.0864744475910823,-0.5208333333333334,-0.5968
C0518,R,House,True,0.2633350921631079,0.1735273309590168,0.0289171632182418,0.0640723880697491,0.506,0.5514
C0519,D,House,False,-0.145585657857828,-0.0376356679152726,-0.0344514322611336,-0.0141113702434645,-0.16315789473684209,-0.257
C0520,R,House,False,0.3579659576155687,0.2653371297389769,0.0572492564044522,0.0556183532919209,0.6932432432432433,0.6998
C0521,D,House,True,-0.3936930669494905,-0.1647045491341736,-0.0885016968720677,-0.0306899297154257,-0.6555555555555556,-0.728
C0522,R,House,False,0.3191216357526907,0.1597195174611333,0.0565506421193531,0.0382336523850967,0.7307692307692307,0.7637
C0523,D,House,False,-0.2185810793980463,-0.1718135120649881,-0.0546909740551501,-0.077164725296145,-0.5035714285714286,-0.464
C0524,R,House,True,0.1295297251616787,0.0185268884501386,0.0048781849015105,0.0406390889074133,0.65,0.5408
C0525,D,House,False,-0.276589447749358,-0.2480474845006854,-0.0651214569831698,-0.0785568635508147,-0.52,-0.8793
C0526,R,House,True,0.3511929717997853,0.1742235958636427,0.0516111133749589,0.0687229257573025,0.6339285714285714,0.662
C0527,D,House,False,-0.2343867910386909,-0.0848266047143953,-0.082191077377191,-0.0121396497551749,-0.5625,-0.7212
C0528,R,House,True,0.1668118646233862,0.0919820659977253,0.0636963236530511,0.0188928658176844,0.5159090909090909,0.451
C0529,D,House,False,-0.297262751064774,-0.1999990725578106,-0.0575193970454086,-0.00070474061441,-0.6666666666666666,-0.7234
C0530,R,House,True,0.1497691641757993,0.1565188383702474,0.022192423953516,0.0409881976765354,0.34500000000000003,0.394
C0531,D,House,True,-0.3373419409712126,-0.106472871669869,-0.0576733148168558,-0.0376232474603373,-0.5625,-0.7305
C0532,R,House,False,0.2104675274652101,0.0667951139977231,0.0869879438142349,-0.0082571708594639,0.6541666666666667,0.725
C0533,D,House,False,-0.3504185159362243,-0.2289205122037022,-0.0881977518005544,-0.0805420605570402,-0.5348684210526315,-1.0
C0534,R,House,False,0.3027755856964354,0.1875216373267844,0.0783119006441048,0.0013503510397606,0.7010101010101011,0.688
C0535,D,House,True,-0.3705895121205713,-0.2457855303333859,-0.0532418778597316,-0.0332076013191729,-0.6483333333333333,-0.8418
C0536,R,House,False,0.3308801814912178,0.2024523881045885,0.0343076959972423,0.0547352857134307,0.7809523809523808,1.0
C0537,D,House,False,-0.3606597145503025,-0.2340181137094527,-0.0956034628988217,-0.0267440095037182,-0.8099999999999999,-0.6067
C0538,R,House,True,0.1779625467955623,0.2674289832054907,0.0057488446294349,0.0842444651576486,0.85,0.4234
C0539,D,House,False,-0.3534299948181824,-0.1680238015990587,-0.0876721998001279,-0.023508120985723,-0.7636363636363637,-1.0
C0540,R,House,True,0.3040468415680782,0.2154737649893125,0.118279212023474,0.0954893033661962,0.648,0.5991
C0541,D,House,False,-0.3489658044235125,-0.2024722337276958,-0.090750881665119,-0.0796182439700959,-0.6309523809523809,-0.658
C0542,R,House,True,0.1733525396881611,0.1562903799026825,0.0584256610946346,-0.0128333462975884,0.4537037037037037,0.3602
C0543,D,House,True,-0.1694508772443894,-0.1063905768751777,-0.023680986477567,-0.0447748812109125,-0.33888888888888885,-0.425
C0544,R,House,False,0.2325051158028966,0.1478548501848371,0.0459186886241256,0.0374293636052596,0.7954545454545454,0.7029
C0545,D,House,True,-0.2298202837328688,-0.0924494566533809,-0.0722285718788621,-0.0185641505330471,-0.6900000000000001,-1.0
C0546,R,House,False,0.081763292957638,-0.0105257082787493,-0.0231937614008712,0.028291098193949,0.44999999999999996,0.2372
C0547,D,House,False,-0.3427261359722763,-0.1809547948201139,-0.0907982544871483,-0.0769287077588928,-0.6732142857142858,-0.888
C0548,R,House,True,0.2350279164443723,0.132564556309502,0.0544400641251842,0.0610880780117099,0.5795454545454546,0.5027
C0549,D,House,True,-0.1802130226518787,-0.1403560066186283,-0.0442631218758314,-0.0690929001786841,-0.4928571428571428,-0.655
C0550,R,House,False,-0.0092818217646561,0.001281494770874,-0.0145105744909841,-0.0413039813368552,0.005681818181818187,0.0855
C0551,D,House,False,-0.3385517768528945,-0.1024412720226995,-0.0346227761843497,-0.0252821350483304,-0.6110294117647058,-0.7042
C0552,R,House,False,0.2804763936095203,0.1638171280992587,0.1506910313615989,0.0928780679019045,0.7361111111111112,1.0
C0553,R,House,True,0.3102862831343037,0.1942065041399289,0.0743786947247536,0.0794413371718512,0.6321428571428571,0.6033
C0554,D,House,False,-0.3369004207859672,-0.1617565477844174,-0.086040846817878,-0.0784434570810024,-0.655072463768116,-0.8462
C0555,R,House,False,0.2603517245461695,0.0778658895157936,0.0263612250867469,0.0686397961492793,0.45,0.6799
C0556,D,House,True,-0.1230489019371224,-0.137087071350898,-0.0483384737440777,-0.0524827428867966,-0.20142857142857143,-0.208
C0557,R,House,False,0.2489671727594085,0.2911891940545832,0.0010661565111642,0.0526718744842507,0.4833333333333334,0.5358
C0558,D,House,False,-0.2663567481154622,-0.2261264488520347,-0.0719576178195319,-0.078220909195871,-0.6629629629629629,-0.7306
C0559,R,House,True,0.3154953532523615,0.2861744110420408,0.0437555862616306,0.057957158747218,0.7975,0.9258
C0560,D,House,False,-0.3816583741629163,-0.282710749502175,-0.0740934317316103,-0.0790460534945549,-0.6523076923076923,-0.819
C0561,R,House,False,0.1074740428503611,-0.0057213723347052,0.0395720931204073,-0.0019081098490384,0.38720930232558143,0.4092
C0562,R,House,True,0.2657812010392139,0.2013458906698945,0.032738460877825,0.0552313534032509,0.5773809523809523,0.5344
C0563,D,House,False,-0.2476275072506057,-0.1001733374418092,-0.0501212670030033,-0.035789434354121,-0.5786885245901638,-0.6609
C0564,R,House,False,0.3122276380410304,0.2038409340696289,0.0550924757262041,0.0528501427899739,0.7470588235294118,0.8469
C0565,D,House,True,-0.2285051434686091,-0.0284279125155192,-0.047209391712338,-0.0022433419001898,-0.6681818181818181,-0.816
C0566,R,House,False,0.0671987880340294,-0.0133240787464618,0.0023618969926664,0.0049805282241013,0.27058823529411763,0.1705
C0567,D,House,False,-0.2887265091347863,-0.1286310472430812,-0.0730234266053419,-0.0180585435253443,-0.75,-0.5143
C0568,R,House,False,0.2002515829052282,0.276404698165255,0.0527418164199924,0.0941572536106341,0.5499999999999999,0.3986
C0569,D,House,False,-0.1474788668480525,0.0333987184980574,-0.0350625812728562,-0.0247851882696666,-0.43586956521739134,-0.416
C0570,R,House,True,0.24736766688036,0.2840354194028115,0.0891681197525433,0.0711802199835645,0.34285714285714286,0.4556
C0571,D,House,True,-0.2530955203463276,-0.1628830790007351,-0.0677780984743984,-0.0176594414782726,-0.5750000000000001,-0.5327
C0572,R,House,False,0.1333280826747036,0.0258948088600233,0.0196523950762983,0.0012828326837523,0.34838709677419355,0.3492
C0573,D,House,False,-0.2946707437577171,-0.1769563361561975,-0.057434466696334,-0.0572403898710721,-0.6920000000000001,-0.8429
C0574,R,House,True,0.234864327214164,0.0847408692812144,0.0442657438493176,-0.0244484659687366,0.5605263157894737,0.5758
C0575,D,House,True,-0.3806748385087062,-0.2609352177014689,-0.0646191511624934,-0.0258153415985444,-0.6289473684210526,-1.0
C0576,R,House,False,0.2137967654436413,0.1076336424663419,0.0816075780240501,-0.0012676065826052,0.6275000000000001,0.6452
C0577,D,House,False,-0.3325640368743611,-0.1142359288403756,-0.0835762823166831,-0.0106851119460166,-0.5625,-0.6921
C0578,R,House,True,0.227282512075139,0.0658354605479287,0.0272956781915949,0.054555843310271,0.6291666666666667,0.9096
C0579,D,House,True,-0.1779761449133921,-0.1597054385922945,-0.0571985087931981,-0.0934965211614479,-0.4661290322580645,-0.5645
C0580,R,House,False,0.1411947364005808,0.0735627477190262,-0.0336717724430947,0.0236924035198218,0.3166666666666667,0.4696
C0581,D,House,True,-0.3308675461115835,-0.1262802168053158,-0.1013009467696365,-0.067555494194575,-0.5617647058823529,-0.7214
C0582,R,House,False,0.1564579652758053,0.0347068376654024,0.0603574841618231,-0.0281382706630695,0.5322222222222222,0.5018
C0583,D,House,True,-0.3550310373507769,-0.1941493093038619,-0.075184366196886,-0.0342131397018722,-0.7,-0.7266
C0584,R,House,False,0.2868277569647239,0.1375117249070458,0.0510396475988567,0.0400626981915285,0.7789473684210527,1.0
C0585,D,House,False,-0.1390196582580662,-0.146536663516338,0.0039358448769045,-0.0276541618281311,-0.20543478260869563,-0.2222
C0586,R,House,False,0.2123460711740862,0.1544774601803571,0.0524554064979124,0.0427144602740349,0.6111111111111112,0.568
C0587,D,House,False,-0.1526851559899524,-0.0325573708836653,-0.0528225948705976,-0.0245345707576383,-0.4011627906976744,-0.3011
C0588,R,House,True,0.1799902442779652,0.0891984238662995,0.0616487788284079,-0.0052865329581472,0.3612903225806452,0.3074
C0589,D,House,False,-0.2902482338272275,-0.2812385692942074,-0.0418252379246956,0.0050822521313885,-0.6714285714285715,-0.6102
C0590,R,House,True,0.0768782712398011,0.0668503665584686,-0.0129627909646323,0.0360502103416093,0.42000000000000004,0.1728
C0591,D,House,False,-0.3752390039435041,-0.2875192222397201,-0.0159103283188813,0.0401141223614605,-0.7,-1.0
C0592,R,House,True,0.2394725040900298,0.1521301756986688,0.0423524850404396,0.0382721005933978,0.6979166666666666,0.7028
C0593,I,House,False,0.2620460349654718,0.1434274243388099,0.1001704096739347,0.0097841046488402,0.7022058823529411,0.6635
C0594,D,House,False,-0.1667236041747571,-0.0953374068912652,-0.0011220307706293,-0.0039027413736853,-0.6125,-0.6249
C0595,R,House,True,0.1694970934671703,0.1014778093736197,0.0060922586979812,0.0579302723131203,0.7375,0.6339
C0596,D,House,False,-0.3155431662644944,-0.1861287705072161,-0.0730996350731427,-0.0623190150122018,-0.5378787878787878,-0.5742
C0597,R,House,True,0.0176655785071078,-0.1073715441664638,0.0148693223350001,-0.0697388661949492,0.02692307692307693,0.1178
C0598,D,House,False,-0.2179764864550405,-0.1667140491648127,-0.0492593315009053,-0.0479944803720107,-0.4,-0.5595
C0599,R,House,True,0.2832530475733951,0.1615171145897629,0.0740245357679658,0.0489629003960375,0.6578947368421053,0.8036
C0600,D,House,False,-0.3484163964490246,-0.1777819488525124,-0.0608597999941922,-0.0473303713297998,-0.6621951219512194,-0.8472
C0601,R,House,False,0.2450304399981335,0.1492854318373756,0.0784027284283648,0.0926635451460481,0.6653846153846155,0.648
C0602,D,House,True,-0.3128107054581741,-0.1931449485208974,-0.0969208473214063,-0.0623016880588571,-0.6233333333333333,-0.7227
C0603,R,House,False,0.3232236805523005,0.1666523256537937,0.056529404682394,0.0851801698287783,0.7388888888888889,0.9772
C0604,D,House,True,0.0162038070162525,0.0249299087712759,-0.0060683437133893,0.0226101461277854,-0.09999999999999998,-0.3254
C0605,R,House,False,0.2369695406279282,0.0660484040977171,0.0491066248313594,0.0700729767695406,0.4416666666666667,0.555
C0606,I,House,False,-0.3423544877922501,-0.2545931572674577,-0.0938096973827872,-0.1301040771670651,-0.7047619047619048,-0.7804
C0607,D,House,True,-0.2859243065024772,-0.1744169899421482,-0.0392532708553661,-0.0007823501063341,-0.5499999999999999,-0.459
C0608,R,House,False,0.2343675827230297,0.138024948490397,0.0570768174289203,0.1055415936119417,0.6461538461538462,0.5422
C0609,R,House,True,0.0871362562571832,0.0102240662197106,0.0351588577248617,0.0444937601838555,0.19782608695652174,0.3512
C0610,D,House,True,-0.1835645977736387,-0.1422800065894159,-0.0368281460025997,-0.0654467755077171,-0.5413043478260869,-0.5322
C0611,R,House,False,0.2181530755401063,0.1444858508026375,0.0422943367317771,0.0215819419103952,0.47583333333333333,0.4077
C0612,D,House,False,-0.1591694586120645,-0.150606307338532,-0.057535701587201,-0.0441556842747656,-0.40555555555555556,-0.3531
C0613,R,House,True,0.2283938371316488,0.2038684347815403,0.0574235836684307,0.0252081020990244,0.6599999999999999,0.5921
C0614,D,House,False,-0.3785472886845827,-0.1729135457430398,-0.0820544539513257,-0.051512879542074,-0.7194444444444444,-1.0
C0615,R,House,False,0.3091504357740405,0.2330319095142008,0.102245829251572,0.0700622141727952,0.5806451612903226,0.6324
C0616,D,House,True,-0.3584604021544177,-0.2142319131052484,-0.0794241362227614,-0.0454683530849349,-0.525,-0.921
C0617,R,House,False,0.3179482677207216,0.1828325812017527,0.0587337813051172,0.0323961847612018,0.5625,0.6332
C0618,D,House,False,-0.186989506135694,-0.1445547217660147,-0.055349408472125,0.0054307009803046,-0.7250000000000001,-0.6521
C0619,R,House,True,0.3543315228447046,0.1541230691132959,0.1140618290283437,0.0895611656528756,0.671969696969697,0.7654
C0620,D,House,False,-0.1590800833869559,0.0161661989537545,0.0189570995212268,0.0676124200014084,-0.43124999999999997,-0.3022
C0621,R,House,False,-0.0051806148390133,-0.1180217117420742,0.0353227560101368,-0.0364756113721036,-0.0024390243902438916,0.0485
C0622,R,House,True,0.3862758303572096,0.2446916245619909,0.1153730923348803,0.0848190061187553,0.7357142857142858,0.8688
C0623,D,House,True,-0.1863762246691603,-0.0098296514272642,-0.0391901872351033,-0.00576888828194,-0.45909090909090905,-0.4464
C0624,R,House,False,0.2831094165230061,0.2277521022262655,0.11997477956335,0.0720724932826285,0.6178571428571429,0.5484
C0625,D,House,False,-0.2929363967802211,-0.1592901880415977,-0.0727230885945205,-0.074704346704553,-0.6867647058823529,-0.8234
C0626,R,House,True,0.2004995797861253,0.0809464952123545,0.0363826292529712,0.0537461158857428,0.3727272727272727,0.3582
C0627,R,House,True,0.2459944504710654,0.1691023934978302,0.0184210323398863,0.0076950264903932,0.4947368421052632,0.3715
C0628,D,House,False,-0.2575217788452197,-0.2918371556170088,-0.0302991711722817,-0.0672963359644632,-0.5878787878787879,-0.7642
C0629,R,House,True,0.2746103615186019,0.1797215263575588,0.0539878419892737,0.0290722306916975,0.6849999999999999,0.6097
C0630,D,House,False,-0.2803559230890675,-0.2745769087695723,-0.065202689277911,-0.1421545030629459,-0.5625,-0.6054
C0631,R,House,True,0.2495590288711423,0.0161429942196333,0.0870822195553249,0.0193525126985177,0.6421052631578947,0.7
C0632,D,House,False,-0.147585929405792,-0.0676460102663382,-0.0496428879617418,-0.051136735940475,-0.5349999999999999,-0.5568
C0633,R,House,True,0.2573622336672076,0.1782507119607161,0.0178362719652328,-0.0211066159898672,0.5416666666666666,0.5591
C0634,D,House,True,-0.2930867610541379,-0.2376334910522986,-0.0951996155156046,-0.1801416348884422,-0.6338983050847458,-0.8297
C0635,R,House,False,0.4010472187213034,0.1657096655215891,0.1004922085619867,0.0967183707600318,0.6744186046511628,0.8554
C0636,D,House,True,-0.363009315034371,-0.1669568484384782,-0.0547639010996968,0.0068896937168361,-0.6058823529411765,-0.9108
C0637,R,House,False,0.2404302114097536,0.1394996902933732,0.0203278454406817,0.0427421101840303,0.5392857142857143,0.5197
C0638,I,House,False,0.0702614309719259,0.1143005415512407,0.0289584025285967,-0.0173110701917949,0.11923076923076924,0.131
C0639,D,House,True,-0.1674751023749977,-0.1091777803354318,-0.0308253150362839,-0.0758920404682866,-0.24054054054054055,-0.2685
C0640,R,House,False,0.0506858776187024,-0.0417292690115935,-0.0002088870078709,-0.0665753565272684,0.0975609756097561,0.1442
C0641,R,House,True,0.28335387834271,0.2172989533942224,0.0449858484409097,0.0799359321296533,0.58,0.6362
C0642,D,House,True,-0.1815064387873234,-0.0970622655693625,-0.0673122301280122,-0.0626777840094965,-0.2538461538461539,-0.3473
C0643,R,House,False,-0.0291267589978942,-0.0718952820170063,-0.0159467202423816,-0.0416102275977159,0.27285714285714285,0.2211
C0644,D,House,True,-0.3420558637931871,-0.29904467483047,-0.124093872360539,-0.1027125384404206,-0.6464285714285715,-0.6128
C0645,R,House,False,0.3636740826923524,0.3144516466666152,0.0933909032982104,0.1097520217887189,0.6857142857142857,0.954
C0646,D,House,False,-0.0183957490858514,0.0859759618808079,-0.0300545006998355,0.0016921566402326,0.2,-0.0892
C0647,R,House,True,0.2597250794013,0.1135692166860478,0.1168871405167514,-0.0381294547278985,0.7045454545454546,0.9819
C0648,D,House,False,-0.1566559523575669,-0.0959140938900618,-0.0548533657030007,-0.0389725145076745,-0.4361111111111111,-0.3938
C0649,R,House,True,0.3099741928646578,0.180029747369732,0.0610311485114966,0.0097649302253799,0.5541666666666667,0.6728
C0650,D,House,False,-0.2212216463577542,-0.0464831478938182,-0.0763534637603609,-0.037556334342001,-0.5184210526315789,-0.4315
C0651,R,House,True,0.1690196676867448,0.0572893663464875,0.0446795045329154,-0.0362262819588047,0.5785714285714285,0.5089
C0652,D,House,False,-0.2556997237677368,-0.1652153704592699,-0.0609429881782731,-0.080419220989612,-0.4959016393442623,-0.5896
C0653,R,House,False,0.1848568579741762,0.1623370247207373,0.0347169739326771,-0.001539995371221,0.5642857142857143,0.5323
C0654,D,House,False,-0.1025688578873229,-0.1498873710610675,-0.0482433393360156,-0.0361413037680356,-0.2636363636363636,-0.3697
C0655,R,House,True,0.3146792907704533,0.16018074251785,0.0920164420234585,-0.0115866492398469,0.5738938053097344,0.5139
C0656,D,House,True,-0.2207123346386603,-0.0509254936504091,-0.0835734187907992,-0.0380724506522989,-0.3625,-0.3733
C0657,R,House,False,0.3171349649911675,0.1154913956407439,0.0534130065805833,0.0399698888669348,0.6435897435897436,0.7277
C0658,D,House,True,-0.3420276614907522,-0.1803644589346455,-0.0668298170693916,-0.0695750973307692,-0.68125,-1.0
C0659,D,House,False,-0.2309393460616843,-0.0326461901438026,-0.0860741034966762,-0.0424526110853425,-0.51,-0.9976
C0660,R,House,False,0.2593520033670216,0.1040288094039163,0.0401915162423912,0.0207518552455264,0.5715909090909091,0.5585
C0661,R,House,True,0.3041203001538984,0.1986607888746193,0.0766449399143183,0.0927711417343398,0.7181818181818183,0.9196
C0662,D,House,False,-0.3401132142316493,-0.091495641821843,-0.0632758576428505,-0.0089973604989298,-0.6588235294117647,-1.0
C0663,R,House,False,0.1217542061382331,-0.0241973277063276,0.0344736925404242,-0.0366802228651675,0.26715686274509803,0.232
C0664,R,House,False,0.320476366521184,0.2155729834212204,0.0683529049895045,0.0928484593796138,0.7458333333333332,0.7551
C0665,D,House,False,-0.3409279555227954,-0.2313262643974959,-0.0985930704774243,-0.0866842122801777,-0.6428571428571429,-0.845
C0666,R,House,False,0.145987226748695,0.0919693922210569,-0.0016000489371861,0.0263759562984049,0.28529411764705886,0.2484
C0667,D,House,True,-0.2829402544161503,-0.2156458702219486,-0.0758311266302357,-0.1106627525654808,-0.6548387096774194,-0.863
C0668,R,House,False,0.2776338001075632,0.0867348773389768,0.0074714481894777,0.0230317525862163,0.6125,0.5479
C0669,I,House,False,-0.2012024927315517,0.0135022268042775,-0.0648622837805128,-7.377218251050948e-05,-0.3,-0.39
C0670,D,House,False,-0.1514514113035942,0.0806894329956286,-0.0553160205480098,-0.0124589667618293,-0.6055555555555556,-0.6671
C0671,R,House,True,0.3238675822998328,0.2074486390827418,0.0835493601108454,0.0907620520549891,0.7254545454545455,0.8909
C0672,D,House,False,-0.1291618480589237,-0.1713341956536494,-0.0579549771037258,-0.0413250675940064,-0.6950000000000001,-0.582
C0673,R,House,True,0.2279438714814166,-0.0156793894959899,0.0438369018571021,-0.0100873261388877,0.6581632653061225,0.558
C0674,I,House,False,0.1852460636318367,0.0944815266283245,0.0337582356562885,0.025270913950041,0.48103448275862065,0.4401
C0675,D,House,False,-0.086070431190031,-0.0218258368385689,-0.0338194130894966,-0.0047899802506065,-0.209375,-0.303
C0676,R,House,True,0.269925741584921,0.2075098172890642,0.0198380338839011,0.0647985040535996,0.611764705882353,0.5801
C0677,D,House,False,-0.309657064850298,-0.0839847732678607,-0.0554575059138801,0.0190313801806337,-0.7423076923076923,-0.7698
C0678,R,House,False,0.275264013985904,0.2356198527665943,0.0031354400952434,0.0278239666944926,0.6730769230769231,0.5894
C0679,D,House,False,-0.3746194816835772,-0.1299468701751437,-0.0593401505942446,-0.0531923216111785,-0.6642857142857143,-0.781
C0680,R,House,False,0.1804816409609676,0.116309827947272,0.0507933236638891,0.0739825826009899,0.7083333333333334,0.5458
C0681,D,House,True,-0.2635140065084819,-0.069226342945543,-0.0327539000731065,-0.0199766881306402,-0.5,-0.7093
C0682,R,House,False,0.2972968101714358,0.1760962275956901,0.0699350339416151,0.0395849781770395,0.44137931034482764,0.47
C0683,D,House,False,-0.3095064152416756,-0.0614246917663166,-0.0591382377209871,-0.0364713117254922,-0.6681818181818181,-0.7705
C0684,R,House,True,0.2819495080351076,0.1389536578225396,0.0290918424255754,0.0333442053638848,0.6073529411764705,0.5631
C0685,I,House,False,0.0607461560536608,0.0212657952332487,0.0220652944595178,-0.0537885319381953,0.1806451612903226,0.1351
C0686,D,House,False,-0.1517598938127722,-0.0669023606952223,-0.0264759658187231,-0.0187035533447832,-0.44999999999999996,-0.4482
C0687,R,House,True,0.255731699427545,0.0868173727139582,0.0953273659583356,0.0272339988172896,0.7418367346938776,0.7788
C0688,D,House,True,-0.2895013402821104,-0.1145653706465418,-0.0506048334892704,-0.0478965148518576,-0.4608108108108108,-0.6176
C0689,R,House,False,0.1862595608780134,0.0854000758569328,0.0217743679006042,0.0087617100262788,0.594,0.5893
C0690,D,House,True,-0.3104871066242701,-0.1502712434957435,-0.0497085708586041,-0.0762638212002317,-0.60625,-0.6238
C0691,R,House,False,0.2833342488779902,0.1899793616635148,0.0866002192042503,0.1035863841114938,0.8,1.0
C0692,D,House,False,-0.1415975958833794,0.0107690499621005,0.0281218939039318,0.0783192885869655,-0.35000000000000003,-0.5912
C0693,R,House,True,0.1173119721849898,0.1061921864229586,0.0171590879256229,-0.0032886775783005,0.17647058823529416,0.0892
C0694,D,House,False,-0.2956798241379164,-0.3159596739078325,-0.097145976771316,-0.0565930155794176,-0.3,-0.5282
C0695,R,House,True,0.1906738974748954,-0.0033365198252574,0.0445032496227978,-0.0511320543894978,0.4609375,0.4281
C0696,D,House,True,-0.2069231848630813,-0.1368342132091999,-0.0748176476230667,-0.1275253532714964,-0.594,-0.5891
C0697,R,House,False,0.0557411701945312,0.1052085389289149,0.0161573388986394,-0.0206040584095598,0.2088709677419355,0.2459
C0698,D,House,True,-0.1858115376860867,-0.0907220132352,-0.0591567685243825,-0.0443089451385424,-0.4942307692307692,-0.4117
C0699,R,House,False,0.2402548563201392,0.0613984803842431,0.0565425017858719,0.0149630645675794,0.6324324324324324,0.7629
C0700,D,House,False,-0.417506005879615,-0.1959014068902144,-0.0684281945869283,-0.0260402077132224,-0.6282608695652173,-1.0
C0701,R,House,True,0.3893230994536474,0.3163851429718983,0.1167707773384445,0.0923391681693165,0.6583333333333333,0.803
C0702,D,House,False,-0.1790846189423738,-0.1189642876256311,0.0292214700040181,0.0616720693683049,-0.09444444444444443,-0.3278
C0703,R,House,False,0.2901444825479219,0.2999466966884667,0.0378625255238145,0.0832502571881291,0.6,0.7637
C0704,D,House,True,-0.2486192605786037,-0.1115980710255707,-0.0421168175417493,-0.0473958209953929,-0.6911764705882353,-0.7234
C0705,R,House,False,0.1493012208314099,0.0586104276519921,0.007856174809191,-0.0021645376905698,0.4337837837837838,0.3437
C0706,D,House,False,-0.3357298998997177,-0.177330144146644,-0.0530292190744415,-0.0506824585213577,-0.5521739130434782,-0.7262
C0707,R,House,True,0.1366578900138111,0.133618104467674,0.0780900511857993,0.0532523735607159,0.5966666666666666,0.4724
C0708,D,House,True,-0.1990739035251364,-0.1870459438473448,-0.0651053386451207,-0.1380197558833042,-0.7065789473684211,-0.8734
C0709,R,House,False,0.3863434448808687,0.2231227785260053,0.0836739494932927,0.0940986619015949,0.6659090909090909,0.8889
C0710,D,House,True,-0.3527489723224131,-0.12063333648156,-0.0357813656072348,-0.0353394756566963,-0.6054347826086957,-0.7556
C0711,R,House,False,0.2389032738107546,0.1880550122754272,0.0743255557799387,0.1099341571333011,0.565625,0.4358
C0712,D,House,False,-0.2352589391379817,-0.0729463757867697,-0.0360107251918206,-0.0176318835941477,-0.5452380952380952,-0.5346
C0713,R,House,True,0.2273774263010881,0.0732468931542171,0.0539358929250285,0.0649311649950519,0.5538461538461539,0.6325
C0714,D,House,False,-0.1882356350461974,-0.1817785141073353,-0.0686597117717126,-0.0867304149005328,-0.6015625,-0.6093
C0715,R,House,True,0.3191583356370074,0.1784047860085679,0.0954708144464185,0.0638868531284638,0.6112244897959184,0.5997
C0716,D,House,True,-0.1943534579904182,-0.0428861811138063,-0.0236532508478666,0.0465380713077064,-0.7,-0.4115
C0717,R,House,False,0.3284130284168295,0.2135023736173758,0.069348252141677,0.0589845514093131,0.6846153846153846,0.8848
C0718,D,House,True,-0.0108889994326884,-0.0153373813123625,-0.0190775073183314,-0.0644045110781239,-0.4041666666666666,-0.4545
C0719,D,House,False,-0.2534611631095658,-0.2725617788774261,-0.0476842269935008,-0.0711388012961374,-0.5782608695652174,-0.4667
C0720,R,House,True,0.2095610071160459,0.1384129350083167,0.0282242572531884,0.0480683308905589,0.39193548387096777,0.3411
C0721,D,House,False,-0.3454561777150248,-0.2156811308083801,-0.0938409218965187,-0.1045882669872528,-0.6611111111111112,-0.8212
C0722,R,House,True,0.2080194106477972,0.0757219574837244,0.0603159716199649,0.0075604967902036,0.4434782608695652,0.4302
C0723,D,House,True,-0.0844364383349548,-0.0459542763066199,-0.0382547649673383,-0.1034623396806944,-0.29444444444444445,-0.2092
C0724,R,House,False,0.2414054782955923,0.1320863501171622,0.074846551274274,0.0404895761619983,0.586,0.6857
C0725,D,House,True,-0.3300830403978783,-0.2995001275539569,-0.0785305511560006,-0.1325680447746206,-0.569811320754717,-0.5751
C0726,R,House,False,0.2334256080569964,0.1779345782443315,0.079539311294565,0.0793181130337246,0.3115384615384616,0.1827
C0727,I,House,False,0.2436831630223133,0.1721606306958023,0.0506409310964384,0.0657808156448457,0.46071428571428574,0.4154
C0728,D,House,False,-0.2620796012283596,-0.0654645157023299,-0.0084260398572737,-0.0041853887321113,-0.4163636363636363,-0.396
C0729,R,House,True,0.2677356020894164,0.192430458961331,0.1143693529455814,0.0601474765276209,0.5629166666666666,0.632
C0730,D,House,True,-0.1103732280208297,-0.1156187599351248,0.0190142686297819,-0.0045562410324641,-0.44,-0.5206
C0731,R,House,False,0.2681520014996583,0.2886420229626982,0.0995304190145028,0.1647652660068138,0.6833333333333332,0.7182
C0732,I,House,False,-0.2066959982121415,-0.2234037933829917,-0.0906028970540484,-0.1652270083113003,-0.43666666666666665,-0.6087
C0733,D,House,False,-0.2378156257878365,-0.0592137398760486,-0.0401814907716943,-0.0451523324295945,-0.6142857142857143,-0.5604
C0734,R,House,True,0.2406326366374991,0.1139286352167198,0.0576113364235211,0.0287711189885761,0.45217391304347826,0.4116
C0735,D,House,False,-0.3167553977019048,-0.1304978260982497,-0.0622842374203446,-0.035016139805792,-0.7175,-0.7407
C0736,R,House,False,0.3755361242790743,0.3499442851149154,0.0870736871183851,0.0444701799085098,0.5387096774193548,0.7329
C0737,D,House,False,-0.3242445373772334,-0.14750741524501,-0.0392935151149885,-0.0022774931508867,-0.5590909090909091,-0.9135
C0738,R,House,True,0.3512580991455559,0.1994382518561507,0.1042792829120204,0.0164767850140998,0.671875,0.7979
C0739,R,House,True,0.1672808748164959,-0.0177788429184359,0.0588561443962355,0.0803130632977415,0.5857142857142857,0.4117
C0740,D,House,True,-0.2888373236057001,-0.2142677856283922,-0.0789167913250401,-0.0385817268461698,-0.6043478260869566,-0.6186
C0741,R,House,False,0.3196952423937168,0.2197043919244119,0.0871462403664702,0.1058979498186938,0.7374999999999999,0.8157
C0742,D,House,False,-0.2510806697929162,-0.4129757460492876,-0.0970498465572751,-0.1850054133057742,-0.6694444444444444,-0.7952
C0743,R,House,True,0.3906025413199355,0.1946262753548501,0.0711303647776754,0.0326406512236139,0.5829268292682926,0.6083
C0744,R,House,True,0.2217892645935686,0.0943059824092566,0.0364687265510315,0.0636615641435687,0.41041666666666665,0.3471
C0745,D,House,False,-0.2753041763791178,-0.0664275258169442,-0.0374096786293829,-0.0001511092368687,-0.425,-0.3605
C0746,R,House,False,0.2349051048035779,0.1817744717536561,0.0282707409439547,0.0240473588999345,0.440625,0.479
C0747,D,House,False,-0.1455344510107158,-0.1713785920411979,-0.0758760752693105,-0.1193004117455353,-0.32708333333333334,-0.4106
C0748,R,House,True,0.3563530165770938,0.177201214765539,0.0812101119346098,0.0633450766254819,0.66,0.8113
C0749,D,House,False,-0.2531893199276467,-0.2061965851367559,-0.0790682759064625,-0.1389472953667995,-0.6597560975609756,-0.5453
C0750,R,House,False,0.1967308663010662,0.0674921845891822,0.0310505821888119,0.033165600891018,0.525,0.5198
C0751,D,House,False,-0.3174960285237437,-0.3440991495258375,-0.115022497458579,-0.1710980886993151,-0.6021739130434782,-0.7408
C0752,R,House,True,0.3289728768266577,0.1381119402949385,0.0575720195696587,0.0646002596789201,0.5738095238095239,0.7891
C0753,D,House,True,-0.2269423152836794,-0.1506902375408032,-0.059225645374971,-0.0381248207261957,-0.54,-0.4538
C0754,R,House,False,0.3229452233856182,0.2135578517359336,0.0882015133887924,0.0642817495893985,0.64,0.7232
C0755,D,House,True,-0.4006752633599478,-0.1462118051734797,-0.08247802140877,-0.0445695449217818,-0.65,-0.7385
C0756,R,House,False,0.2993452347903649,0.1365439411190042,0.0429661651976917,0.0509435484354035,0.66,0.5502
C0757,D,House,False,-0.3291074839014293,-0.2411088427276748,-0.0586384696643468,-0.0626370081414573,-0.4785714285714286,-0.4434
C0758,R,House,True,0.3026882722654549,0.2779669721892385,0.12049986400737,0.122717618044672,0.6157894736842106,0.5873
C0759,R,House,True,0.3001419966734999,0.2220693652729264,0.1254112987951004,0.088714350373261,0.72,1.0
C0760,D,House,True,-0.3387218736494281,-0.1939467087261351,-0.0514312371447028,-0.070528818688395,-0.620754716981132,-0.7114
C0761,R,House,False,0.1805518467761939,0.0698368115281804,0.0586626800973826,-0.0015600570929546,0.35214285714285715,0.3246
C0762,D,House,False,-0.4264779773798874,-0.1812630616001539,-0.0706417776222809,-0.0277560180627685,-0.6799999999999999,-0.8369
C0763,R,House,True,0.3406827529533515,0.2794910399516682,0.0320429129070404,0.0480454306607672,0.6675,0.7894
C0764,D,House,True,-0.1413907412042308,0.0145756181117443,0.0001279644233172,0.027290488761624,-0.3110169491525424,-0.3021
C0765,R,House,False,0.3075678656037715,0.1528240487196485,0.0772724725930278,0.0112380328273252,0.5451219512195122,0.6707
C0766,D,House,True,-0.2704649413832146,-0.2114352951944446,-0.0658542526953465,-0.1116646235336512,-0.5431372549019607,-0.5555
C0767,R,House,False,0.2914900342664149,0.1969661148697282,0.0841126093516366,0.1079513298628808,0.74,0.7743
C0768,D,House,False,-0.4146999541798358,-0.1274358676262941,-0.0819478718206063,-0.0154764091804829,-0.7275,-1.0
C0769,R,House,True,0.1638567037361211,0.0912554966524245,0.0610391413107047,0.064275501928938,0.32916666666666666,0.4087
C0770,D,House,False,-0.2193209609548263,-0.1298050400993936,-0.0062814429339084,0.0028800301976265,-0.54,-0.7154
C0771,R,House,True,0.2763442118444076,0.0777447056087741,0.0688196232058906,0.0719776722867366,0.715625,0.7901
C0772,D,House,True,-0.2326795206803897,-0.1462648602297946,-0.057495135797967,-0.0661551918002475,-0.5027522935779817,-0.4652
C0773,R,House,False,0.2763428828193852,0.2516655638021848,0.0301439596928395,0.0947562725483218,0.6583333333333333,0.7541
C0774,R,House,False,0.1853670396486919,0.0409054267537529,0.0521704958560358,0.0204691838398655,0.6226190476190476,0.6059
C0775,D,House,True,-0.3395867396735741,-0.1123995179955059,-0.0425323819817463,0.0043585130049499,-0.642,-0.7663
C0776,R,House,False,0.2738256599412642,0.2147314020924875,0.0702549758186555,0.0275920314549415,0.4973684210526316,0.5047
C0777,D,House,True,-0.2316292122330197,-0.1312970014068041,-0.0668023136892389,-0.017575062298935,-0.5535714285714286,-0.5277
C0778,R,House,False,0.1785407014077331,0.0101982007875651,-0.0022642174469757,0.0143616483863286,0.4625,0.5315
C0779,D,House,True,-0.0890926188446224,-0.0362837983646831,0.0281246723837089,0.0549843880406661,-0.10500000000000001,-0.1703
C0780,R,House,False,0.402475336375232,0.2598445691429714,0.0777886128704168,0.0676473700650222,0.743421052631579,0.879
C0781,D,House,False,-0.2198293844309264,-0.251457310723055,-0.0738439435896739,-0.102773076759737,-0.5145161290322581,-0.4713
C0782,R,House,True,0.3305446255725579,0.1189616817514375,0.0656359303067563,0.0691527371680795,0.7574074074074074,0.7879
C0783,D,House,False,-0.3653536666502298,-0.2386654345790297,-0.0795410969539865,-0.0622157916087773,-0.6390625,-0.6728
C0784,R,House,True,0.2570349034347055,0.0669141957614117,0.0660472019466899,0.0065297698534021,0.69375,0.8396
C0785,D,House,False,-0.4070068844527378,-0.2418227982173068,-0.0980685188434515,-0.0722958024049586,-0.6440677966101694,-0.8254
C0786,R,House,True,0.1870919725400029,0.0466804090094239,0.0261096936380841,-0.0121219878905466,0.4550847457627119,0.3331
C0787,D,House,True,-0.2026501599828917,-0.1998231180680847,-0.065331094075969,-0.048654719719068,-0.61875,-0.5868
C0788,R,House,False,0.2762458255177612,0.1329708255675357,0.055876693635956,0.056824054013165,0.6657894736842106,0.6351
C0789,D,House,True,-0.3183578670373303,-0.1079876339559051,-0.0435270621053132,-0.0237164720643018,-0.6295454545454545,-0.8721
C0790,R,House,False,0.3174224801517344,0.2332666706184586,0.0765120877293268,0.0816902062490588,0.6551724137931034,0.7343
C0791,D,House,False,-0.0782015726489916,-0.0321984864151131,-0.0823595272389846,-0.0590838615714249,-0.315625,-0.2884
C0792,R,House,True,0.2518302342452095,0.088825474769953,0.0211819775683337,0.0099315480087247,0.5837837837837838,0.5625
C0793,D,House,False,-0.2317395872235804,-0.1540414124244694,-0.0424557260244295,-0.0282270138155384,-0.5142857142857143,-0.5896
C0794,R,House,False,0.1797256430246541,0.1797673821540652,0.041549746311968,0.0538223465759209,0.24047619047619045,0.2384
C0795,D,House,False,-0.2910691030453944,-0.1586249922312895,-0.0977750528422712,-0.0026126888057493,-0.78,-0.6446
C0796,R,House,False,0.1185191775731481,0.0422202907039332,0.0125455261888958,-0.0071562242455843,0.2147058823529412,0.1026
C0797,D,House,False,-0.2079733482945911,-0.1809921917888688,-0.075719870366515,-0.1622621607400295,-0.5758064516129032,-0.6798
C0798,R,House,True,0.1195958760474821,-0.0252326822018417,0.0166656332382555,0.0709799840149481,0.55,0.9657
C0799,D,House,True,-0.2585154074419943,-0.1562606825221975,-0.0663928212268228,-0.002114435766547,-0.39166666666666666,-0.3726
C0800,R,House,False,0.3045047869339177,0.2402163303555992,0.0701639302364448,0.0829952214175575,0.5399999999999999,0.3988
C0801,D,House,True,-0.0822304065967998,-0.0277366850102144,-0.0229213676637645,-0.005601655540879,-0.2317307692307692,-0.1873
C0802,R,House,False,0.2253668292922144,0.1994982900847814,-0.0041249899579604,0.0455773886324142,0.75,0.7026
C0803,D,House,False,-0.2349555672466441,-0.1158894781539487,-0.0639924080630946,-0.0237932003049399,-0.7125,-0.7065
C0804,R,House,True,0.3022764101812591,0.1254547285155886,0.0678310372453818,0.0333954915985797,0.6479838709677419,0.7293
C0805,I,House,False,0.0099540327170067,-0.0730891952740722,0.0056356127488603,-0.0261766537480561,0.05588235294117648,0.0777
C0806,D,House,False,-0.1172497835626398,-0.1549429959441436,-0.071907754483084,-0.0284524230926795,-0.6,-0.6811
C0807,R,House,True,0.3419367796253429,0.1991029637026233,0.1072634302254847,0.1639710329746056,0.6,1.0
C0808,D,House,False,-0.2467468319030191,-0.2055242260685589,-0.0757835193275822,-0.0881741284377126,-0.6132352941176471,-0.6951
C0809,R,House,False,0.3290445615631556,0.1808630288920904,0.0820271812153748,0.0421624168237741,0.7115384615384616,1.0
C0810,I,House,False,-0.008153516137268,-0.0044075293668917,-0.0144426527924236,0.0186849199307042,-0.29,-0.2999
C0811,D,House,False,-0.2337915294989159,-0.2025029619444702,-0.0473607031298244,-0.0737432983727042,-0.5931818181818181,-0.5308
C0812,D,House,False,-0.1623940304649407,-0.070383597640705,-0.0830838524547722,-0.0339149483963613,-0.5527777777777777,-0.2969
C0813,R,House,True,0.090813845440081,0.1082676895605902,-0.0101027981623481,0.0033354258628382,0.6833333333333332,0.3916
C0814,I,House,False,0.0508834756624356,0.011461224560543,-0.0120142581398103,-0.0248087389637021,-0.04333333333333332,0.0143
C0815,D,House,False,-0.2140328663492891,-0.0558220965346088,-0.0620616537242212,-0.0484547395415687,-0.5985294117647059,-0.5948
C0816,R,House,True,0.1321262453443661,0.0648075413562554,-0.0004145956053903,0.045060160177694,,0.5673
C0817,D,House,True,-0.2295951668186793,-0.1395773314372538,-0.0808517397219031,-0.0315220670776174,-0.4083333333333333,-0.4097
C0818,D,House,False,-0.3017413858623461,-0.2416431355175843,-0.0674663322990136,-0.12145300969094,-0.6273584905660378,-0.5917
C0819,R,House,True,0.2294657802336281,0.0808896712515768,0.0217837548933938,0.0514652021103777,0.7250000000000001,0.8285
C0820,D,House,True,-0.2547911986249843,-0.136012031345254,-0.0836542486776053,-0.0580047224456231,-0.6833333333333333,-0.679
C0821,R,House,False,0.383694873034673,0.2513736074830756,0.1008980831525724,0.1188935983011863,0.6543859649122807,0.7206
C0822,D,House,True,-0.2457599557666818,-0.1863876222927259,-0.0700150211101694,-0.0657328962408829,-0.425,-0.9529
C0823,R,House,False,0.2592200328147238,0.097637750818821,0.0806822829300012,0.0009206296956365,0.6348484848484848,0.7173
C0824,D,House,False,-0.0951605802465252,-0.0480289755342943,-0.0372461476916964,-0.0011523575391711,-0.334375,-0.2996
C0825,R,House,True,0.3595035512992937,0.2411112912648982,0.1050876154358208,0.0932618003245015,0.7704545454545454,0.8848
C0826,D,House,False,-0.1304697418775614,-0.0337379127975689,-0.0412125504224499,-0.0121342966300669,-0.16428571428571428,-0.3341
C0827,R,House,False,0.2749400076677072,0.1991218791849332,0.0947678589251596,-0.012905734002989,0.5960674157303371,0.6441
C0828,D,House,False,-0.1688542116701535,-0.0709412496662685,-0.0130301054865278,-0.0235938287112825,-0.37875000000000003,-0.3115
C0829,R,House,True,0.2875491012881862,0.1787729060430993,0.1067889471310622,0.1110469524415188,0.6981481481481482,0.7791
C0830,D,House,True,-0.2307473894494747,-0.3078372171187675,-0.0262322048330327,-0.0184092015479814,-0.6375,-0.8242
C0831,D,House,False,-0.2365144110900907,-0.286211154087101,-0.1080697078529231,-0.1705392525912809,-0.5488372093023256,-0.5525
C0832,R,House,True,0.2486999041156909,0.1376705553902959,-0.001854516149213,0.0258623867176198,0.6833333333333332,0.6486
C0833,D,House,True,-0.2961213473287375,-0.2087134543053571,-0.1128339221364412,-0.0824012666857548,-0.725,-0.7364
C0834,R,House,False,0.2699467136879829,0.1515158933427632,0.0323837230444346,-0.0040435126898042,0.7821428571428571,0.9413
C0835,D,House,False,-0.0775969960358619,-0.1598553954461497,-0.0273335135799108,-0.1236624386404258,-0.2986111111111111,-0.3714
C0836,R,House,False,0.246068187208466,0.073974568214464,0.0767819979499189,0.0026639245122021,0.6913978494623656,0.7004
C0837,R,House,True,0.2638116779610466,0.1530893745147628,0.0428977218359011,0.0277929513209369,0.5948717948717949,0.6683
C0838,D,House,False,-0.3051406192213899,-0.3993153763944265,-0.114533350726442,-0.1764186742595426,-0.5527777777777777,-0.6395
C0839,R,House,True,0.2114483020953648,0.03023089901268,0.07672573707601,-0.0066486135348294,0.5911111111111111,0.5577
C0840,D,House,False,-0.2808618135154116,-0.3363106092545339,-0.132066037676726,-0.1971546474250338,-0.7057142857142857,-0.7188
C0841,R,House,False,0.3334521318131414,0.1812735643784239,0.0403624305344553,0.0934637890603126,0.78125,0.8313
C0842,D,Senate,False,-0.2358908681661403,-0.0208870071370266,-0.0254182989636067,0.0340127810283653,-0.638235294117647,-0.7601
C0843,R,Senate,True,0.1298941646910319,0.1395741779937576,0.0139531148944871,0.0446275884681539,0.5111111111111112,0.3674
C0844,D,Senate,True,-0.33399606886743,-0.2380968210186211,-0.038236728850388,-0.0143514009340238,-0.709375,-0.8577
C0845,R,Senate,False,0.2880194645196554,0.049104615099031,0.0759933232063833,0.0271658262022738,0.6546296296296297,0.7197
C0846,I,Senate,False,0.1140271153121688,0.0140843398527412,0.0382224773635432,-0.0295567533592124,0.23050847457627122,0.2321
C0847,D,Senate,False,-0.3389133544596683,-0.1512665630906536,-0.0876835949852537,-0.0664199778478617,-0.7074074074074075,-0.8721
C0848,R,Senate,True,0.3553765213946529,0.2510646725119093,0.0722761421260982,0.089576807440031,0.6925,0.8759
C0849,D,Senate,True,-0.3162707314878372,-0.0804299219585119,-0.0614805784790033,0.0011819935570237,-0.43571428571428567,-0.4759
C0850,R,Senate,False,0.2168467319747616,0.1179823779344459,0.075322152220108,0.0084232898593186,0.638135593220339,0.6837
C0851,D,Senate,False,-0.287226541799174,-0.1690220321662221,-0.1142225650792424,-0.0643229359622949,-0.6444444444444444,-0.7511
C0852,R,Senate,True,0.2040256985082589,0.0583546709626686,0.0418399008056171,0.0109989844380597,0.5931818181818183,0.5153
C0853,D,Senate,False,-0.262136574304673,-0.1002385208691504,-0.0144786835189526,0.0275126216117141,-0.5772727272727273,-0.6596
C0854,R,Senate,False,0.2559299016566562,0.1344938521010431,0.0561763162201784,0.0469525523326688,0.6617647058823529,0.6321
C0855,D,Senate,False,-0.2816096119144713,-0.1367815893411032,-0.056209286602781,-0.0545149128458759,-0.55,-0.504
C0856,R,Senate,False,0.2397541604498634,0.0476454324906086,0.0651826184319087,0.0826536885448465,0.75,0.9542
C0857,D,Senate,False,-0.4146152037488251,-0.0753207333155596,-0.1000444661212971,-0.0517323960457359,-0.7444444444444445,-1.0
C0858,R,Senate,True,0.1478495825547434,-0.0263123761660569,0.0192150152252074,0.0292950934791625,0.234375,0.3585
C0859,D,Senate,True,-0.2287024257268716,-0.158702257895528,-0.0439812751632391,-0.0763345912204141,-0.6076923076923076,-0.495
C0860,R,Senate,False,0.2893007341443092,0.2148344395058159,0.0299106579036614,0.0710007469948331,0.7352941176470589,0.7594
C0861,D,Senate,False,-0.324725961969515,-0.0877906748976547,-0.080396017863083,-0.0224034297159007,-0.6705882352941177,-0.7139
C0862,R,Senate,False,0.1600494766709009,0.1529462645984549,-0.006305524579996,0.0249688224434387,0.20441176470588235,0.306
C0863,D,Senate,False,-0.2401364575265436,-0.1026673799196586,-0.0777512748357952,-0.0050464822259207,-0.575,-0.5604
C0864,R,Senate,False,0.2619006670981509,0.1514100964839688,0.0030143685498008,0.0478549640937557,0.6272727272727273,0.7232
C0865,D,Senate,True,-0.2202687429100323,-0.2006472995890828,-0.0351105778244306,-0.0777459967723927,-0.44473684210526315,-0.4239
C0866,R,Senate,False,0.2996392393005846,0.1144056008757348,0.0629002523855164,0.0336133798233399,0.5447368421052632,0.5565
C0867,D,Senate,False,-0.3531201606171226,-0.1838627064439791,-0.0939184268489351,-0.0798908392461245,-0.79375,-0.9242
C0868,R,Senate,True,0.2219971832008674,0.064437834873747,0.0707895039959701,-0.0260175579447983,0.5321428571428571,0.4421
C0869,D,Senate,True,-0.1719766384322906,0.0118894700560743,-0.0676856540292816,-0.0185682888639578,-0.06538461538461537,-0.2
C0870,R,Senate,False,0.2777061922233871,0.1465728215940366,0.0916375655002386,0.035177719787025,0.5326923076923077,0.5855
C0871,D,Senate,True,-0.2010253451931953,-0.215858491119693,-0.0652660249771185,-0.1148698351910116,-0.5695652173913044,-0.5984
C0872,R,Senate,False,0.2497990945141954,0.1765384976294259,0.039997541040596,0.0119472260805026,0.5786666666666667,0.5195
C0873,D,Senate,True,-0.1951894214185642,-0.1727154140826796,-0.0450850047827985,-0.0952582989345315,-0.4905405405405405,-0.4927
C0874,R,Senate,False,0.2686631292575956,0.1642592992431818,0.0869512224729138,-0.0132004166374147,0.7075,0.7375
C0875,I,Senate,False,0.2305349022812175,0.2143995663163836,0.0450159119688615,0.0710629313465186,0.6,0.5187
C0876,D,Senate,False,-0.4009859689555072,-0.296977506811706,-0.0701352803740251,-0.0989452122895591,-0.6743421052631579,-0.9556
C0877,R,Senate,False,0.198424002410445,0.0175794347315901,0.0498153367531525,-0.0240911164088828,0.5952380952380952,0.6417
C0878,D,Senate,True,-0.3192514845976736,-0.2091900839261986,-0.0792593884139416,-0.0725777726332908,-0.5483870967741935,-0.5984
C0879,R,Senate,False,0.2486984301528197,0.1280203303693868,0.0846024534351041,0.0225560885853897,0.6977272727272728,0.5156
C0880,D,Senate,False,-0.2819675794228555,-0.1101758585119119,-0.0908846195422802,-0.0369119308579857,-0.61,-0.8608
C0881,R,Senate,False,0.2095276517615263,0.1714233086768339,0.0510965352259632,0.0728375160453735,0.32142857142857145,0.3331
C0882,D,Senate,True,-0.2499696796052922,-0.2923696626192055,-0.076983759444683,-0.1039826983495937,-0.67,-0.5866
C0883,R,Senate,False,0.3068423588185001,0.1525793342502555,0.0270293714585162,0.0269687575183086,0.7315789473684211,0.7649
C0884,D,Senate,True,-0.3211763510274236,-0.2048477582161853,-0.0594811709677274,-0.0801831935627304,-0.5982142857142857,-0.819
C0885,R,Senate,False,0.0553260929656467,0.0115442779607912,-0.0039006631869572,0.0334858795197821,0.17222222222222222,0.1365
C0886,D,Senate,True,-0.1131705406729807,-0.1194632070950058,-0.0758642665296966,-0.0669562233769848,-0.5227272727272727,-0.368
C0887,R,Senate,False,0.2546066390429892,0.1856132353885389,0.0370242526421973,0.0669815698875006,0.6326923076923077,0.4977
C0888,I,Senate,False,0.1910073016112065,0.1594499388163314,0.0513528620618062,0.0038827981203612,0.46521739130434786,0.3843
C0889,D,Senate,False,-0.3674237180540552,-0.1555989937025702,-0.049238979936306,-0.0304578843743302,-0.5269230769230769,-0.7481
C0890,R,Senate,False,0.2339653609774028,0.0744494072554616,0.0291695866057413,0.0107634656596304,0.5380434782608695,0.5446
C0891,D,Senate,False,-0.2992915042135602,-0.1465008176978726,-0.0663452936402172,-0.0184018808915113,-0.7136363636363636,-0.9309
C0892,R,Senate,False,0.3529162220496599,0.2500775210393106,0.0951424869217636,0.0650979686161113,0.6922222222222223,1.0
C0893,D,Senate,False,-0.1458831559003312,-0.1251346198597111,-0.034381878369974,-0.0487266260215968,-0.5111111111111111,-0.4685
C0894,R,Senate,False,0.2162313293980208,0.1596475761414604,0.0263385892703878,0.0400239969305104,0.63125,0.6723
C0895,D,Senate,False,-0.2438142102028331,-0.2433091437782455,-0.0390095844446393,-0.0473068178563497,-0.5513157894736842,-0.509
C0896,R,Senate,True,0.2734298266380355,0.261136857880893,0.0466937548793853,0.0859007703659662,0.5125,0.6581
C0897,D,Senate,False,-0.2894440079689726,-0.1933840568977488,-0.0332580234067751,-0.0052574306322769,-0.6857142857142857,-0.61
C0898,R,Senate,False,0.2045224820202412,0.137588684302885,0.0277429067184405,0.0151681194905953,0.5166666666666667,0.4236
C0899,D,Senate,False,-0.1978197500669258,-0.0538175210102673,-0.0640598601074493,-0.0150571184172485,-0.32142857142857145,-0.5328
C0900,R,Senate,True,0.192687192282818,0.0706621747315907,0.0127491834299251,0.0302235252672772,0.484,0.4437
C0901,D,Senate,False,-0.2581781277701335,-0.0942166274576541,-0.0459174322868616,-0.0046865075397612,-0.5,-0.4681
C0902,R,Senate,True,0.3048901474731516,0.11447772413766,0.066743150982903,0.0285141069694043,0.634,0.6866
C0903,D,Senate,True,0.008369620253516,0.0132697804926221,0.005894863197726,-0.0005920577772487,-0.07741935483870968,-0.0995
C0904,R,Senate,False,0.2916755040822312,0.1210087195511509,0.0836768592821421,0.0259446514138357,0.67875,0.7969
C0905,D,Senate,True,-0.2427815457239516,-0.1934093237577445,-0.0767439215951312,-0.0860282498752997,-0.5777777777777777,-0.6653
C0906,R,Senate,False,0.2025359295976328,0.1618136173993995,0.0448976994104569,0.0341731673639029,0.307843137254902,0.3023
C0907,D,Senate,True,-0.2422432444852631,-0.1738437849445427,-0.0305591729827812,-0.0035974966445697,-0.20555555555555557,-0.446
C0908,R,Senate,False,0.3413320390777716,0.1739164394510462,0.0368949260893733,0.0791421722127962,0.6617647058823529,1.0
C0909,D,Senate,True,-0.4478184767661345,-0.2488695565279033,-0.0723922291597169,-0.0078952475718505,-0.5357142857142857,-0.842
C0910,R,Senate,False,0.2723846237086369,0.0785946448563874,0.0703927881171941,0.0112826553191197,0.6394736842105263,0.7366
