row_idx,tweet_id,text,half
79245,T0079246,Big Pharma spends millions lobbying to keep prices high. I don't take their money — and I'll vote to negotiate prices.,H1
54663,T0054664,Gun violence is a public health crisis. Prevention works — I've seen it in Greenville.,H1
84219,T0084220,Rode along with Riverton officers last night. Grateful for what they do every shift.,H1
39755,T0039756,Gun violence is a public health crisis. Prevention works — I've seen it in Cedar Falls.,H1
92897,T0092898,Inflation is a tax on every family. Washington's reckless spending has to stop.,H1
94385,T0094386,"The Second Amendment isn't negotiable. I'll oppose every gun grab, every time.",H1
53926,T0053927,RT @BorderWatchNet: REPORT: Federal regulations cost small businesses billions last year. Time to cut the red tape.,H1
91120,T0091121,"Lower taxes, less government, more freedom. That's how we get FL's economy roaring again.",H1
99485,T0099486,Big Pharma spends millions lobbying to keep prices high. I don't take their money — and I'll vote to negotiate prices.,H1
83993,T0083994,RT @TheDailyLedgerUS: Turnout in this week's primaries beat 2018 levels in most counties.,H1
94312,T0094313,"Clean energy jobs are the future, and AZ can lead. I'll fight for wind, solar, and battery manufacturing here at home.",H1
57055,T0057056,"Every kid in MN deserves a great public school — fully funded, with teachers paid what they're worth.",H1
16050,T0016051,Our kids practice lockdown drills while Congress practices excuses. Enough. Pass red flag laws.,H1
89022,T0089023,Election integrity matters. Voter ID is common sense and most Americans agree.,H1
14576,T0014577,Our immigration system has been broken for decades. Both parties share the blame — WA deserves solutions.,H1
14625,T0014626,Met with law enforcement and community leaders in Fairview about keeping our neighborhoods safe.,H1
89457,T0089458,Our immigration system has been broken for decades. Both parties share the blame — FL deserves solutions.,H1
40232,T0040233,RT @VotingRightsWatch: This map of clean-energy job growth should be front-page news.,H1
45578,T0045579,"Family separation is a moral stain. We need humane, orderly immigration reform — not cruelty as policy.",H1
48312,T0048313,RT @CarePolicyProject: Turnout in this week's primaries beat 2018 levels in most counties.,H1
23054,T0023055,Met with law enforcement and community leaders in Millbrook about keeping our neighborhoods safe.,H1
102418,T0102419,We must balance the budget like every family in RI has to. No more blank checks.,H1
78818,T0078819,RT @TaxpayersFirstOrg: Turnout in this week's primaries beat 2018 levels in most counties.,H1
100301,T0100302,RT @CleanAirCoalition: BREAKING: Another state expands Medicaid — and rural hospitals immediately benefit.,H1
34814,T0034815,"I'll always back the blue. Our officers in MI deserve support, not defunding.",H1
100910,T0100911,The radical Green agenda would crush RI jobs and spike your electric bill. I'll stop it.,H1
80624,T0080625,Early voting starts soon in MI. Make your plan now — every single vote counts.,H1
92046,T0092047,Gun violence is a public health crisis. Prevention works — I've seen it in Lakewood.,H1
25833,T0025834,Stopped by Georgetown Elementary today. Our teachers are heroes — period.,H1
43106,T0043107,"Every family in TX deserves access to quality, affordable care. Full stop.",H1
2231,T0002232,Government doesn't create prosperity — entrepreneurs do. Let's get Washington out of the way.,H1
86634,T0086635,Filed our FEC report: best fundraising quarter yet. Thank you to every supporter.,H1
13856,T0013857,Universal background checks are supported by most gun owners. Congress's inaction is a choice — I'll make a different one.,H1
53097,T0053098,"Family separation is a moral stain. We need humane, orderly immigration reform — not cruelty as policy.",H1
79161,T0079162,Healthcare is a human right. No one in PA should go bankrupt because they got sick.,H1
22700,T0022701,Talked supply chains and manufacturing with workers at the plant in Springdale this morning.,H1
57960,T0057961,We can protect people with pre-existing conditions without a big-government takeover of medicine.,H1
23144,T0023145,Government doesn't create prosperity — entrepreneurs do. Let's get Washington out of the way.,H1
56550,T0056551,Yard signs are IN. Swing by the Dover Plains office and grab one this weekend!,H1
79288,T0079289,RT @PublicSquareNews: This map of clean-energy job growth should be front-page news.,H1
38336,T0038337,Our immigration system has been broken for decades. Both parties share the blame — NC deserves solutions.,H1
83442,T0083443,RT @GreenFutureFund: Turnout in this week's primaries beat 2018 levels in most counties.,H1
47310,T0047311,Dark money is drowning out MA voices. I support full disclosure of every political dollar.,H1
84347,T0084348,"We just crossed 20,000 grassroots donors! Average gift: $27. This campaign is powered by people, not PACs.",H1
4625,T0004626,"New endorsement dropping tomorrow morning. Stay tuned, MO!",H1
60716,T0060717,"The Second Amendment isn't negotiable. I'll oppose every gun grab, every time.",H1
69130,T0069131,This issue is deeply personal for families across NV. I'll always listen first.,H1
60397,T0060398,Soft-on-crime policies have consequences. I'll fight for tougher sentences for violent offenders.,H1
65044,T0065045,I will vote to restore Roe's protections nationwide. TX women deserve nothing less.,H1
100961,T0100962,RT @LibertyLedger: Our latest polling roundup for the 2022 midterms is live. Key races tightening.,H1
54463,T0054464,Democracy works when we show up. Check your registration today — link in bio.,H1
78636,T0078637,Met with law enforcement and community leaders in Bremerton about keeping our neighborhoods safe.,H1
36283,T0036284,Met with law enforcement and community leaders in Oak Ridge about keeping our neighborhoods safe.,H1
32743,T0032744,RT @TheDailyLedgerUS: ICYMI: our candidate tracker now covers every House and Senate race. Bookmark it.,H1
13127,T0013128,Peace through strength. A strong military is the best guarantee our enemies stay in check.,H1
85011,T0085012,Talked supply chains and manufacturing with workers at the plant in Riverton this morning.,H1
51496,T0051497,Criminals don't follow gun laws — disarming law-abiding RI citizens makes us less safe.,H1
40389,T0040390,RT @FreeMarketForum: REPORT: Federal regulations cost small businesses billions last year. Time to cut the red tape.,H1
83410,T0083411,Government doesn't create prosperity — entrepreneurs do. Let's get Washington out of the way.,H1
38626,T0038627,Voting should be easy and secure — for everyone. I'll fight voter suppression wherever it appears.,H1
83841,T0083842,Not one more dime overseas until we take care of our own veterans here in IN.,H1
34478,T0034479,Good jobs and a fair shot — that's what this campaign is about for NV.,H1
39381,T0039382,RT @PatriotPressWire: Study: universal pre-K pays for itself within a decade. Pass it on.,H1
91329,T0091330,RT @LibertyLedger: ICYMI: our candidate tracker now covers every House and Senate race. Bookmark it.,H1
54013,T0054014,We can back the police AND demand accountability. Those aren't opposites.,H1
5028,T0005029,Knocking doors in Greenville with an incredible team of volunteers today. The energy is real!,H1
45897,T0045898,Visited the community health center in Oak Ridge — grateful for the nurses and staff who keep it running.,H1
72613,T0072614,Healthcare is a human right. No one in MA should go bankrupt because they got sick.,H1
100940,T0100941,"Every family in CA deserves access to quality, affordable care. Full stop.",H1
94951,T0094952,RT @TaxpayersFirstOrg: Border crossings surge again — where is the accountability?,H1
15690,T0015691,RT @ProgressNowDaily: Voter purges are quietly accelerating ahead of the midterms. We're tracking every state.,H1
50007,T0050008,Good jobs and a fair shot — that's what this campaign is about for AZ.,H1
47809,T0047810,RT @FreeMarketForum: Border crossings surge again — where is the accountability?,H1
12703,T0012704,Met with local business owners in Bremerton today about what they need to grow and hire.,H1
43707,T0043708,Big Oil made record profits while your utility bill doubled. I'll end their subsidies.,H1
63567,T0063568,Met with law enforcement and community leaders in Franklin about keeping our neighborhoods safe.,H1
61284,T0061285,Our immigration system has been broken for decades. Both parties share the blame — FL deserves solutions.,H1
68845,T0068846,RT @ProgressNowDaily: Voter purges are quietly accelerating ahead of the midterms. We're tracking every state.,H1
18649,T0018650,Thank you Madison Heights! Standing room only tonight. This movement is growing every single day.,H1
30964,T0030965,Good jobs and a fair shot — that's what this campaign is about for NY.,H1
91921,T0091922,RT @SecondAmendmentNow: Our latest polling roundup for the 2022 midterms is live. Key races tightening.,H1
1264,T0001265,RT @GreenFutureFund: NEW REPORT: Corporate profits hit record highs while wages stagnate. The data is undeniable.,H1
85983,T0085984,I am proudly pro-life and will always defend the unborn.,H1
60311,T0060312,Join us Saturday at 2pm for a town hall in Springdale! Doors open early — bring your questions.,H1
19986,T0019987,RT @StatehouseWire: ICYMI: our candidate tracker now covers every House and Senate race. Bookmark it.,H1
83892,T0083893,Filed our FEC report: best fundraising quarter yet. Thank you to every supporter.,H1
12733,T0012734,RT @VotingRightsWatch: ICYMI: our candidate tracker now covers every House and Senate race. Bookmark it.,H1
81166,T0081167,Filed our FEC report: best fundraising quarter yet. Thank you to every supporter.,H1
22136,T0022137,"Clean energy jobs are the future, and VA can lead. I'll fight for wind, solar, and battery manufacturing here at home.",H1
37526,T0037527,Met with law enforcement and community leaders in Bremerton about keeping our neighborhoods safe.,H1
50554,T0050555,RT @TheDailyLedgerUS: New analysis: energy mandates will raise household electric bills sharply. Voters deserve the truth.,H1
53640,T0053641,Early voting starts soon in CA. Make your plan now — every single vote counts.,H1
94627,T0094628,Democracy works when we show up. Check your registration today — link in bio.,H1
22226,T0022227,Small businesses in PA are drowning in red tape. I'll cut job-killing regulations on day one.,H1
56843,T0056844,Filed our FEC report: best fundraising quarter yet. Thank you to every supporter.,H1
63322,T0063323,Visited the community health center in Clayton — grateful for the nurses and staff who keep it running.,H1
69555,T0069556,Gun violence is a public health crisis. Prevention works — I've seen it in Dover Plains.,H1
82550,T0082551,RT @FreeMarketForum: Debate schedule for the fall is out. Full calendar at the link.,H1
4328,T0004329,RT @CarePolicyProject: Our latest polling roundup for the 2022 midterms is live. Key races tightening.,H1
41824,T0041825,Big Oil made record profits while your utility bill doubled. I'll end their subsidies.,H1
79932,T0079933,RT @BorderWatchNet: Debate schedule for the fall is out. Full calendar at the link.,H1
25048,T0025049,This issue is deeply personal for families across WV. I'll always listen first.,H1
89661,T0089662,"The Second Amendment isn't negotiable. I'll oppose every gun grab, every time.",H1
15111,T0015112,Student debt is holding back a generation. I support relief and free community college.,H1
58435,T0058436,RT @MainStreetMonitor: BREAKING: Another state expands Medicaid — and rural hospitals immediately benefit.,H1
58310,T0058311,RT @MainStreetMonitor: Our latest polling roundup for the 2022 midterms is live. Key races tightening.,H1
10775,T0010776,Washington elites think they know better than CA voters. I trust the people.,H1
4235,T0004236,RT @WorkersUnitedHQ: NEW REPORT: Corporate profits hit record highs while wages stagnate. The data is undeniable.,H1
64217,T0064218,Filed our FEC report: best fundraising quarter yet. Thank you to every supporter.,H1
73363,T0073364,RT @BorderWatchNet: Debate schedule for the fall is out. Full calendar at the link.,H1
87759,T0087760,RT @GreenFutureFund: This map of clean-energy job growth should be front-page news.,H1
46740,T0046741,"Family separation is a moral stain. We need humane, orderly immigration reform — not cruelty as policy.",H1
51323,T0051324,Knocking doors in Lakewood with an incredible team of volunteers today. The energy is real!,H1
72792,T0072793,Yard signs are IN. Swing by the Madison Heights office and grab one this weekend!,H1
65409,T0065410,"Abortion is healthcare, and healthcare decisions belong to patients — not politicians.",H1
32366,T0032367,RT @PatriotPressWire: REPORT: Federal regulations cost small businesses billions last year. Time to cut the red tape.,H1
70537,T0070538,Toured the new energy facility in Summit today. FL workers are second to none.,H1
33324,T0033325,"Every family in FL deserves access to quality, affordable care. Full stop.",H1
30822,T0030823,This issue is deeply personal for families across NJ. I'll always listen first.,H1
80269,T0080270,RT @FreeMarketForum: Poll: overwhelming majority supports voter ID. This shouldn't be controversial.,H1
72924,T0072925,Yard signs are IN. Swing by the Riverton office and grab one this weekend!,H1
60378,T0060379,RT @SecondAmendmentNow: Crime stats out this morning. Soft-on-crime policies have a body of evidence now — and it's damning.,H1
92329,T0092330,I respect the Second Amendment AND believe weapons of war don't belong on our streets.,H1
51464,T0051465,"Get politics out of the classroom and get back to reading, writing, and math.",H1
76786,T0076787,"We just crossed 50,000 grassroots donors! Average gift: $27. This campaign is powered by people, not PACs.",H1
48581,T0048582,Taxpayer dollars should never fund abortion. I'll hold that line in Congress.,H1
49051,T0049052,Childcare costs are crushing parents in VA. My plan caps costs and invests in providers.,H1
70285,T0070286,RT @CivicSignal: Poll: overwhelming majority supports voter ID. This shouldn't be controversial.,H1
11546,T0011547,RT @BorderWatchNet: Our latest polling roundup for the 2022 midterms is live. Key races tightening.,H1
91253,T0091254,RT @CleanAirCoalition: Our latest polling roundup for the 2022 midterms is live. Key races tightening.,H1
7395,T0007396,This issue is deeply personal for families across TN. I'll always listen first.,H1
14998,T0014999,RT @LibertyLedger: Turnout in this week's primaries beat 2018 levels in most counties.,H1
54977,T0054978,Parents — not bureaucrats — should decide what their kids learn. I'll fight for parental rights in every classroom.,H1
81739,T0081740,"Happy Labor Day from our family to yours, NY!",H1
38341,T0038342,RT @HeritageHorizon: REPORT: Federal regulations cost small businesses billions last year. Time to cut the red tape.,H1
91094,T0091095,RT @TheDailyLedgerUS: REPORT: Federal regulations cost small businesses billions last year. Time to cut the red tape.,H1
11649,T0011650,RT @SecondAmendmentNow: Poll: overwhelming majority supports voter ID. This shouldn't be controversial.,H1
1764,T0001765,Taxpayer dollars should never fund abortion. I'll hold that line in Congress.,H1
38208,T0038209,Student debt is holding back a generation. I support relief and free community college.,H1
60598,T0060599,"Clean energy jobs are the future, and LA can lead. I'll fight for wind, solar, and battery manufacturing here at home.",H1
69611,T0069612,Stopped by Georgetown Elementary today. Our teachers are heroes — period.,H1
24968,T0024969,Dreamers are Americans in every way but paperwork. I'll vote for a pathway to citizenship.,H1
70611,T0070612,RT @SecondAmendmentNow: Voter purges are quietly accelerating ahead of the midterms. We're tracking every state.,H1
16629,T0016630,Healthcare is a human right. No one in PA should go bankrupt because they got sick.,H1
4917,T0004918,Stopped by Oak Ridge Elementary today. Our teachers are heroes — period.,H1
64504,T0064505,Toured the new energy facility in Fairview today. WV workers are second to none.,H1
63321,T0063322,RT @HeartlandDispatch: Turnout in this week's primaries beat 2018 levels in most counties.,H1
37699,T0037700,Talked supply chains and manufacturing with workers at the plant in Summit this morning.,H1
92804,T0092805,Election integrity matters. Voter ID is common sense and most Americans agree.,H1
33068,T0033069,Rode along with Oak Ridge officers last night. Grateful for what they do every shift.,H1
47969,T0047970,Rode along with Madison Heights officers last night. Grateful for what they do every shift.,H1
87953,T0087954,RT @HeartlandDispatch: Our latest polling roundup for the 2022 midterms is live. Key races tightening.,H1
74318,T0074319,Big Oil made record profits while your utility bill doubled. I'll end their subsidies.,H1
78456,T0078457,Met with law enforcement and community leaders in Lakewood about keeping our neighborhoods safe.,H1
61402,T0061403,"School choice gives every TX family a shot at a great education, regardless of zip code.",H1
19183,T0019184,Democracy works when we show up. Check your registration today — link in bio.,H1
59219,T0059220,Inflation is a tax on every family. Washington's reckless spending has to stop.,H1
103338,T0103339,Student debt is holding back a generation. I support relief and free community college.,H1
45140,T0045141,Our immigration system has been broken for decades. Both parties share the blame — MA deserves solutions.,H1
48998,T0048999,We can back the police AND demand accountability. Those aren't opposites.,H1
100252,T0100253,RT @FaithAndFlagDaily: Poll: overwhelming majority supports voter ID. This shouldn't be controversial.,H1
42693,T0042694,Healthcare is a human right. No one in CT should go bankrupt because they got sick.,H1
45555,T0045556,RT @VotingRightsWatch: BREAKING: Another state expands Medicaid — and rural hospitals immediately benefit.,H1
87981,T0087982,Gerrymandering lets politicians pick their voters. Independent commissions would fix that.,H1
27482,T0027483,Washington-run healthcare means longer waits and fewer choices. I'll defend private options for IL families.,H1
68534,T0068535,RT @TheDailyLedgerUS: Border crossings surge again — where is the accountability?,H1
40286,T0040287,Student debt is holding back a generation. I support relief and free community college.,H1
76881,T0076882,Stopped by Alton Elementary today. Our teachers are heroes — period.,H1
8760,T0008761,Democracy works when we show up. Check your registration today — link in bio.,H1
22947,T0022948,Student debt is holding back a generation. I support relief and free community college.,H1
9107,T0009108,"Phone bank tonight at 6pm! Grab a coffee and join us — training provided, no experience needed.",H1
88472,T0088473,"Phone bank tonight at 6pm! Grab a coffee and join us — training provided, no experience needed.",H1
50465,T0050466,Toured the new energy facility in Madison Heights today. OH workers are second to none.,H1
99992,T0099993,RT @VotingRightsWatch: BREAKING: Another state expands Medicaid — and rural hospitals immediately benefit.,H1
19833,T0019834,Patients and doctors should make health decisions — not government bureaucrats.,H1
98650,T0098651,"Illegal immigration drives down wages for TX workers. Enforce the law, protect American jobs.",H1
59389,T0059390,Rode along with Lakewood officers last night. Grateful for what they do every shift.,H1
12571,T0012572,Inflation is a tax on every family. Washington's reckless spending has to stop.,H1
85154,T0085155,We can protect people with pre-existing conditions without a big-government takeover of medicine.,H1
81763,T0081764,"Lower taxes, less government, more freedom. That's how we get TX's economy roaring again.",H1
23942,T0023943,Talked supply chains and manufacturing with workers at the plant in Georgetown this morning.,H1
103622,T0103623,Visited the community health center in Oak Ridge — grateful for the nurses and staff who keep it running.,H1
74092,T0074093,Filed our FEC report: best fundraising quarter yet. Thank you to every supporter.,H1
72964,T0072965,RT @SecondAmendmentNow: Poll: overwhelming majority supports voter ID. This shouldn't be controversial.,H1
824,T0000825,RT @FaithAndFlagDaily: Our latest polling roundup for the 2022 midterms is live. Key races tightening.,H1
12725,T0012726,Rural hospitals in WA are closing while insurers post record profits. That ends when we hold them accountable.,H1
102921,T0102922,"Immigrants power NC's farms, hospitals, and small businesses. Our economy depends on fixing this broken system.",H1
30236,T0030237,RT @BorderWatchNet: Poll: overwhelming majority supports voter ID. This shouldn't be controversial.,H1
97782,T0097783,RT @ProgressNowDaily: Turnout in this week's primaries beat 2018 levels in most counties.,H1
22271,T0022272,We can be good stewards of the land without strangling SC's energy workers with mandates.,H1
41477,T0041478,"I'll fight to expand Medicaid and cap insulin costs for every patient, not just some.",H1
99792,T0099793,Democracy works when we show up. Check your registration today — link in bio.,H1
32184,T0032185,I will vote to restore Roe's protections nationwide. AL women deserve nothing less.,H1
29559,T0029560,Every family deserves a safe neighborhood. Law and order is on the ballot.,H1
62029,T0062030,"I'll always back the blue. Our officers in CA deserve support, not defunding.",H1
70729,T0070730,"Happy New Year from our family to yours, SC!",H1
46889,T0046890,RT @GreenFutureFund: BREAKING: Another state expands Medicaid — and rural hospitals immediately benefit.,H1
46587,T0046588,"Every family in TX deserves access to quality, affordable care. Full stop.",H1
87347,T0087348,This issue is deeply personal for families across SC. I'll always listen first.,H1
40312,T0040313,Gun violence is a public health crisis. Prevention works — I've seen it in Cedar Falls.,H1
34367,T0034368,Visited the community health center in Clayton — grateful for the nurses and staff who keep it running.,H1
90892,T0090893,RT @HeritageHorizon: Turnout in this week's primaries beat 2018 levels in most counties.,H1
27405,T0027406,RT @ProgressNowDaily: NEW REPORT: Corporate profits hit record highs while wages stagnate. The data is undeniable.,H1
40126,T0040127,Small businesses in CO are drowning in red tape. I'll cut job-killing regulations on day one.,H1
63998,T0063999,RT @CleanAirCoalition: Voter purges are quietly accelerating ahead of the midterms. We're tracking every state.,H1
15631,T0015632,RT @BorderWatchNet: Turnout in this week's primaries beat 2018 levels in most counties.,H1
85554,T0085555,Rode along with Lakewood officers last night. Grateful for what they do every shift.,H1
66998,T0066999,Rode along with Summit officers last night. Grateful for what they do every shift.,H1
87454,T0087455,Talked supply chains and manufacturing with workers at the plant in Riverton this morning.,H1
64112,T0064113,RT @CleanAirCoalition: BREAKING: Another state expands Medicaid — and rural hospitals immediately benefit.,H1
14957,T0014958,Toured the new energy facility in Cedar Falls today. AZ workers are second to none.,H1
67531,T0067532,Visited the community health center in Alton — grateful for the nurses and staff who keep it running.,H1
58741,T0058742,Democracy works when we show up. Check your registration today — link in bio.,H1
87645,T0087646,"Happy Fourth of July from our family to yours, FL!",H1
980,T0000981,RT @WorkersUnitedHQ: Turnout in this week's primaries beat 2018 levels in most counties.,H1
35299,T0035300,This issue is deeply personal for families across MN. I'll always listen first.,H1
23397,T0023398,Protecting our air and water isn't radical — poisoning them for profit is.,H1
25891,T0025892,We can back the police AND demand accountability. Those aren't opposites.,H1
58657,T0058658,Visited the community health center in Franklin — grateful for the nurses and staff who keep it running.,H1
84634,T0084635,"Lower taxes, less government, more freedom. That's how we get MI's economy roaring again.",H1
40169,T0040170,"Lower taxes, less government, more freedom. That's how we get NY's economy roaring again.",H1
81736,T0081737,Thank you Lakewood! Standing room only tonight. This movement is growing every single day.,H1
44969,T0044970,RT @FreeMarketForum: Crime stats out this morning. Soft-on-crime policies have a body of evidence now — and it's damning.,H1
50227,T0050228,RT @CivicSignal: Our latest polling roundup for the 2022 midterms is live. Key races tightening.,H1
98770,T0098771,Toured the new energy facility in Summit today. TN workers are second to none.,H1
104053,T0104054,RT @TaxpayersFirstOrg: ICYMI: our candidate tracker now covers every House and Senate race. Bookmark it.,H1
48977,T0048978,"We just crossed 10,000 grassroots donors! Average gift: $27. This campaign is powered by people, not PACs.",H1
17579,T0017580,"The climate crisis is here — NC families are paying for it in floods, fires, and insurance bills. We need clean energy now.",H1
54426,T0054427,Taxpayer dollars should never fund abortion. I'll hold that line in Congress.,H1
85796,T0085797,Met with local business owners in Madison Heights today about what they need to grow and hire.,H1
89027,T0089028,Government doesn't create prosperity — entrepreneurs do. Let's get Washington out of the way.,H1
100774,T0100775,Politicians have no place in the exam room. I trust women.,H1
23911,T0023912,"Happy Veterans Day from our family to yours, NC!",H1
39308,T0039309,"Happy Memorial Day from our family to yours, MO!",H1
45679,T0045680,Our kids practice lockdown drills while Congress practices excuses. Enough. Pass red flag laws.,H1
6131,T0006132,Gun violence is a public health crisis. Prevention works — I've seen it in Bellview.,H1
52882,T0052883,I'm a proud gun owner and I'll defend your constitutional rights in Washington.,H1
1868,T0001869,"Clean energy jobs are the future, and FL can lead. I'll fight for wind, solar, and battery manufacturing here at home.",H1
45178,T0045179,"Our new ad is live. Watch it, share it, and chip in $5 if you can.",H1
56347,T0056348,RT @PublicSquareNews: BREAKING: Another state expands Medicaid — and rural hospitals immediately benefit.,H1
49464,T0049465,"Get politics out of the classroom and get back to reading, writing, and math.",H1
102831,T0102832,Secure the border. Period. I'll fund the wall and back our Border Patrol agents 100%.,H1
35797,T0035798,RT @SecondAmendmentNow: New analysis: energy mandates will raise household electric bills sharply. Voters deserve the truth.,H1
51436,T0051437,Met with local business owners in Summit today about what they need to grow and hire.,H1
90201,T0090202,"I'll fight to expand Medicaid and cap insulin costs for every patient, not just some.",H1
83169,T0083170,"New endorsement dropping tomorrow morning. Stay tuned, MI!",H1
79197,T0079198,"We just crossed 20,000 grassroots donors! Average gift: $27. This campaign is powered by people, not PACs.",H1
32148,T0032149,"Get politics out of the classroom and get back to reading, writing, and math.",H1
83567,T0083568,Student debt is holding back a generation. I support relief and free community college.,H1
44907,T0044908,Working families deserve a raise. I'll fight to lift the minimum wage and rein in corporate price gouging.,H1
33984,T0033985,Knocking doors in Riverton with an incredible team of volunteers today. The energy is real!,H1
47161,T0047162,RT @MainStreetMonitor: New analysis: energy mandates will raise household electric bills sharply. Voters deserve the truth.,H1
54844,T0054845,Gun violence is a public health crisis. Prevention works — I've seen it in Lakewood.,H1
94961,T0094962,Parents — not bureaucrats — should decide what their kids learn. I'll fight for parental rights in every classroom.,H1
30701,T0030702,Early voting starts soon in MA. Make your plan now — every single vote counts.,H1
75258,T0075259,"Every family in KY deserves access to quality, affordable care. Full stop.",H1
53424,T0053425,Talked supply chains and manufacturing with workers at the plant in Lakewood this morning.,H1
59666,T0059667,Met with law enforcement and community leaders in Bellview about keeping our neighborhoods safe.,H1
10527,T0010528,"Phone bank tonight at 6pm! Grab a coffee and join us — training provided, no experience needed.",H1
10954,T0010955,Criminals don't follow gun laws — disarming law-abiding ME citizens makes us less safe.,H1
76136,T0076137,RT @TheDailyLedgerUS: This map of clean-energy job growth should be front-page news.,H1
60942,T0060943,RT @FreeMarketForum: REPORT: Federal regulations cost small businesses billions last year. Time to cut the red tape.,H1
16420,T0016421,RT @WorkersUnitedHQ: Study: universal pre-K pays for itself within a decade. Pass it on.,H1
68274,T0068275,Politicians have no place in the exam room. I trust women.,H1
81787,T0081788,China is eating our lunch on trade and technology. I'll put American workers first.,H1
77059,T0077060,Our immigration system has been broken for decades. Both parties share the blame — IL deserves solutions.,H1
98894,T0098895,"Illegal immigration drives down wages for CA workers. Enforce the law, protect American jobs.",H1
15456,T0015457,Gun violence is a public health crisis. Prevention works — I've seen it in Kingsport.,H1
14685,T0014686,Secure the border. Period. I'll fund the wall and back our Border Patrol agents 100%.,H1
90399,T0090400,RT @WorkersUnitedHQ: Study: universal pre-K pays for itself within a decade. Pass it on.,H1
61501,T0061502,Our immigration system has been broken for decades. Both parties share the blame — PA deserves solutions.,H1
86550,T0086551,"Every kid in NY deserves a great public school — fully funded, with teachers paid what they're worth.",H1
42192,T0042193,RT @LibertyLedger: Turnout in this week's primaries beat 2018 levels in most counties.,H1
5390,T0005391,"Every family in TX deserves access to quality, affordable care. Full stop.",H1
92135,T0092136,Gerrymandering lets politicians pick their voters. Independent commissions would fix that.,H1
11173,T0011174,RT @TaxpayersFirstOrg: New analysis: energy mandates will raise household electric bills sharply. Voters deserve the truth.,H1
29637,T0029638,Stopped by Bremerton Elementary today. Our teachers are heroes — period.,H1
30790,T0030791,Inflation is a tax on every family. Washington's reckless spending has to stop.,H1
73980,T0073981,RT @SecondAmendmentNow: REPORT: Federal regulations cost small businesses billions last year. Time to cut the red tape.,H1
77237,T0077238,Debate night. Watch live at 7pm and see the contrast for yourself.,H1
11319,T0011320,Our immigration system has been broken for decades. Both parties share the blame — NM deserves solutions.,H1
57867,T0057868,RT @FreeMarketForum: Border crossings surge again — where is the accountability?,H1
98994,T0098995,"Illegal immigration drives down wages for GA workers. Enforce the law, protect American jobs.",H1
100253,T0100254,RT @VotingRightsWatch: Study: universal pre-K pays for itself within a decade. Pass it on.,H1
104157,T0104158,"Our new ad is live. Watch it, share it, and chip in $5 if you can.",H1
63508,T0063509,I'm a proud gun owner and I'll defend your constitutional rights in Washington.,H1
42769,T0042770,"The Second Amendment isn't negotiable. I'll oppose every gun grab, every time.",H1
44746,T0044747,"New endorsement dropping tomorrow morning. Stay tuned, MN!",H1
15024,T0015025,"We just crossed 20,000 grassroots donors! Average gift: $27. This campaign is powered by people, not PACs.",H1
90199,T0090200,"I'll fight to expand Medicaid and cap insulin costs for every patient, not just some.",H1
86231,T0086232,Taxpayer dollars should never fund abortion. I'll hold that line in Congress.,H1
74149,T0074150,RT @LibertyLedger: ICYMI: our candidate tracker now covers every House and Senate race. Bookmark it.,H1
40949,T0040950,Debate night. Watch live at 7pm and see the contrast for yourself.,H1
81742,T0081743,RT @CleanAirCoalition: ICYMI: our candidate tracker now covers every House and Senate race. Bookmark it.,H1
91347,T0091348,I'm a proud gun owner and I'll defend your constitutional rights in Washington.,H1
14572,T0014573,RT @CarePolicyProject: Study: universal pre-K pays for itself within a decade. Pass it on.,H1
22655,T0022656,I'm a proud gun owner and I'll defend your constitutional rights in Washington.,H1
85552,T0085553,This issue is deeply personal for families across MI. I'll always listen first.,H1
35451,T0035452,"Our new ad is live. Watch it, share it, and chip in $5 if you can.",H1
103922,T0103923,"Lower taxes, less government, more freedom. That's how we get TX's economy roaring again.",H1
98044,T0098045,RT @TheDailyLedgerUS: REPORT: Federal regulations cost small businesses billions last year. Time to cut the red tape.,H1
87455,T0087456,RT @BorderWatchNet: Turnout in this week's primaries beat 2018 levels in most counties.,H1
22236,T0022237,Criminals don't follow gun laws — disarming law-abiding FL citizens makes us less safe.,H1
53533,T0053534,RT @CarePolicyProject: Study: universal pre-K pays for itself within a decade. Pass it on.,H1
30914,T0030915,RT @CarePolicyProject: This map of clean-energy job growth should be front-page news.,H1
76651,T0076652,Big Pharma spends millions lobbying to keep prices high. I don't take their money — and I'll vote to negotiate prices.,H1
82342,T0082343,RT @VotingRightsWatch: REPORT: Federal regulations cost small businesses billions last year. Time to cut the red tape.,H1
26369,T0026370,RT @LibertyLedger: Poll: overwhelming majority supports voter ID. This shouldn't be controversial.,H1
82198,T0082199,RT @VotingRightsWatch: BREAKING: Another state expands Medicaid — and rural hospitals immediately benefit.,H1
5410,T0005411,Billionaires shouldn't pay a lower tax rate than teachers. Time to make the wealthy pay their fair share.,H1
6312,T0006313,RT @ProgressNowDaily: Study: universal pre-K pays for itself within a decade. Pass it on.,H1
17453,T0017454,Working families deserve a raise. I'll fight to lift the minimum wage and rein in corporate price gouging.,H1
5316,T0005317,Democracy works when we show up. Check your registration today — link in bio.,H1
47528,T0047529,Filed our FEC report: best fundraising quarter yet. Thank you to every supporter.,H1
97410,T0097411,Corporate consolidation is squeezing family farms and small businesses. We need real antitrust enforcement.,H1
42967,T0042968,This issue is deeply personal for families across NJ. I'll always listen first.,H1
98360,T0098361,"The Second Amendment isn't negotiable. I'll oppose every gun grab, every time.",H1
55324,T0055325,RT @WorkersUnitedHQ: Poll: overwhelming majority supports voter ID. This shouldn't be controversial.,H1
27419,T0027420,"Immigrants power KY's farms, hospitals, and small businesses. Our economy depends on fixing this broken system.",H1
831,T0000832,Debate night. Watch live at 6pm and see the contrast for yourself.,H1
41825,T0041826,I will vote to restore Roe's protections nationwide. MA women deserve nothing less.,H1
75724,T0075725,"Family separation is a moral stain. We need humane, orderly immigration reform — not cruelty as policy.",H1
46004,T0046005,Gerrymandering lets politicians pick their voters. Independent commissions would fix that.,H1
9613,T0009614,Rode along with Cedar Falls officers last night. Grateful for what they do every shift.,H1
42451,T0042452,Talked supply chains and manufacturing with workers at the plant in Newport this morning.,H1
71668,T0071669,Childcare costs are crushing parents in CA. My plan caps costs and invests in providers.,H1
52964,T0052965,RT @FaithAndFlagDaily: Our latest polling roundup for the 2022 midterms is live. Key races tightening.,H1
19034,T0019035,Good jobs and a fair shot — that's what this campaign is about for CA.,H1
102772,T0102773,Catch-and-release is over when I get to Washington. We need real deterrence at the border.,H1
69510,T0069511,"The climate crisis is here — NY families are paying for it in floods, fires, and insurance bills. We need clean energy now.",H1
87125,T0087126,RT @ProgressNowDaily: Voter purges are quietly accelerating ahead of the midterms. We're tracking every state.,H1
100140,T0100141,"Clean energy jobs are the future, and TX can lead. I'll fight for wind, solar, and battery manufacturing here at home.",H1
22601,T0022602,RT @TaxpayersFirstOrg: REPORT: Federal regulations cost small businesses billions last year. Time to cut the red tape.,H1
11485,T0011486,RT @BorderWatchNet: Turnout in this week's primaries beat 2018 levels in most counties.,H1
59393,T0059394,Honored to meet with veterans in Franklin today. We owe them more than words.,H1
85704,T0085705,Rode along with Springdale officers last night. Grateful for what they do every shift.,H1
448,T0000449,RT @PublicSquareNews: REPORT: Federal regulations cost small businesses billions last year. Time to cut the red tape.,H1
99535,T0099536,RT @StatehouseWire: Border crossings surge again — where is the accountability?,H1
39230,T0039231,RT @LibertyLedger: Poll: overwhelming majority supports voter ID. This shouldn't be controversial.,H1
3372,T0003373,RT @MainStreetMonitor: ICYMI: our candidate tracker now covers every House and Senate race. Bookmark it.,H1
98324,T0098325,Democracy works when we show up. Check your registration today — link in bio.,H1
56389,T0056390,RT @VotingRightsWatch: NEW REPORT: Corporate profits hit record highs while wages stagnate. The data is undeniable.,H1
34825,T0034826,"I'll fight to expand Medicaid and cap insulin costs for every patient, not just some.",H1
37619,T0037620,"The Second Amendment isn't negotiable. I'll oppose every gun grab, every time.",H1
76182,T0076183,Politicians have no place in the exam room. I trust women.,H1
61367,T0061368,"New endorsement dropping tomorrow morning. Stay tuned, WV!",H1
86949,T0086950,Met with law enforcement and community leaders in Dover Plains about keeping our neighborhoods safe.,H1
17467,T0017468,"Get politics out of the classroom and get back to reading, writing, and math.",H1
49731,T0049732,Rode along with Newport officers last night. Grateful for what they do every shift.,H1
96606,T0096607,RT @TaxpayersFirstOrg: REPORT: Federal regulations cost small businesses billions last year. Time to cut the red tape.,H1
90587,T0090588,RT @FreeMarketForum: Turnout in this week's primaries beat 2018 levels in most counties.,H1
1099,T0001100,Price transparency and competition will lower costs faster than any government mandate.,H1
28307,T0028308,We can protect people with pre-existing conditions without a big-government takeover of medicine.,H1
74003,T0074004,Our immigration system has been broken for decades. Both parties share the blame — OR deserves solutions.,H1
99574,T0099575,RT @TaxpayersFirstOrg: Border crossings surge again — where is the accountability?,H1
91902,T0091903,RT @CarePolicyProject: This map of clean-energy job growth should be front-page news.,H1
103543,T0103544,Election integrity matters. Voter ID is common sense and most Americans agree.,H1
99257,T0099258,Honored to meet with veterans in Millbrook today. We owe them more than words.,H1
49720,T0049721,RT @WorkersUnitedHQ: This map of clean-energy job growth should be front-page news.,H1
32523,T0032524,We can protect people with pre-existing conditions without a big-government takeover of medicine.,H1
64149,T0064150,Our immigration system has been broken for decades. Both parties share the blame — NY deserves solutions.,H1
61494,T0061495,We can back the police AND demand accountability. Those aren't opposites.,H1
67686,T0067687,Student debt is holding back a generation. I support relief and free community college.,H1
40742,T0040743,"Our new ad is live. Watch it, share it, and chip in $5 if you can.",H1
101700,T0101701,"Every family in IN deserves access to quality, affordable care. Full stop.",H1
4159,T0004160,RT @LibertyLedger: Turnout in this week's primaries beat 2018 levels in most counties.,H1
24467,T0024468,Toured the new energy facility in Franklin today. NJ workers are second to none.,H1
71116,T0071117,"Phone bank tonight at 7pm! Grab a coffee and join us — training provided, no experience needed.",H1
59477,T0059478,Government doesn't create prosperity — entrepreneurs do. Let's get Washington out of the way.,H1
46690,T0046691,Parents — not bureaucrats — should decide what their kids learn. I'll fight for parental rights in every classroom.,H1
55344,T0055345,Peace through strength. A strong military is the best guarantee our enemies stay in check.,H1
82608,T0082609,Inflation is a tax on every family. Washington's reckless spending has to stop.,H1
16173,T0016174,Not one more dime overseas until we take care of our own veterans here in NC.,H1
83827,T0083828,Talked supply chains and manufacturing with workers at the plant in Bremerton this morning.,H1
7920,T0007921,Gerrymandering lets politicians pick their voters. Independent commissions would fix that.,H1
65135,T0065136,Rode along with Bremerton officers last night. Grateful for what they do every shift.,H1
92499,T0092500,RT @WorkersUnitedHQ: Voter purges are quietly accelerating ahead of the midterms. We're tracking every state.,H1
89606,T0089607,I will vote to restore Roe's protections nationwide. MS women deserve nothing less.,H1
2173,T0002174,RT @LibertyLedger: BREAKING: Another state expands Medicaid — and rural hospitals immediately benefit.,H1
54340,T0054341,Met with local business owners in Bremerton today about what they need to grow and hire.,H1
27812,T0027813,I respect the Second Amendment AND believe weapons of war don't belong on our streets.,H1
35298,T0035299,Student debt is holding back a generation. I support relief and free community college.,H1
82850,T0082851,Democracy works when we show up. Check your registration today — link in bio.,H1
24418,T0024419,RT @CarePolicyProject: Our latest polling roundup for the 2022 midterms is live. Key races tightening.,H1
31416,T0031417,RT @LibertyLedger: New analysis: energy mandates will raise household electric bills sharply. Voters deserve the truth.,H1
13384,T0013385,RT @LibertyLedger: Debate schedule for the fall is out. Full calendar at the link.,H1
45503,T0045504,Corporate consolidation is squeezing family farms and small businesses. We need real antitrust enforcement.,H1
8814,T0008815,RT @VotingRightsWatch: Study: universal pre-K pays for itself within a decade. Pass it on.,H1
98447,T0098448,"Happy Memorial Day from our family to yours, OK!",H1
98717,T0098718,Rode along with Fairview officers last night. Grateful for what they do every shift.,H1
91614,T0091615,"Every family in UT deserves access to quality, affordable care. Full stop.",H1
90555,T0090556,Government doesn't create prosperity — entrepreneurs do. Let's get Washington out of the way.,H1
40796,T0040797,Parents — not bureaucrats — should decide what their kids learn. I'll fight for parental rights in every classroom.,H1
177,T0000178,Inflation is a tax on every family. Washington's reckless spending has to stop.,H1
26917,T0026918,"I'll fight to expand Medicaid and cap insulin costs for every patient, not just some.",H1
84890,T0084891,Washington elites think they know better than MA voters. I trust the people.,H1
7487,T0007488,Met with local business owners in Cedar Falls today about what they need to grow and hire.,H1
8861,T0008862,I will vote to restore Roe's protections nationwide. TN women deserve nothing less.,H1
46780,T0046781,Our immigration system has been broken for decades. Both parties share the blame — RI deserves solutions.,H1
103451,T0103452,RT @StatehouseWire: ICYMI: our candidate tracker now covers every House and Senate race. Bookmark it.,H1
29339,T0029340,RT @StatehouseWire: New analysis: energy mandates will raise household electric bills sharply. Voters deserve the truth.,H1
59246,T0059247,Talked supply chains and manufacturing with workers at the plant in Cedar Falls this morning.,H1
69019,T0069020,Catch-and-release is over when I get to Washington. We need real deterrence at the border.,H1
77951,T0077952,RT @ProgressNowDaily: ICYMI: our candidate tracker now covers every House and Senate race. Bookmark it.,H1
51256,T0051257,"Book bans don't protect kids. Librarians and teachers deserve our trust, not harassment.",H1
8103,T0008104,Secure the border. Period. I'll fund the wall and back our Border Patrol agents 100%.,H1
28857,T0028858,Gerrymandering lets politicians pick their voters. Independent commissions would fix that.,H1
93073,T0093074,Washington-run healthcare means longer waits and fewer choices. I'll defend private options for TN families.,H1
22364,T0022365,RT @FaithAndFlagDaily: Our latest polling roundup for the 2022 midterms is live. Key races tightening.,H1
65950,T0065951,RT @StatehouseWire: ICYMI: our candidate tracker now covers every House and Senate race. Bookmark it.,H1
15936,T0015937,The radical Green agenda would crush MO jobs and spike your electric bill. I'll stop it.,H1
43589,T0043590,Honored to meet with veterans in Harrisburg today. We owe them more than words.,H1
31864,T0031865,RT @TaxpayersFirstOrg: Poll: overwhelming majority supports voter ID. This shouldn't be controversial.,H1
68365,T0068366,Voting should be easy and secure — for everyone. I'll fight voter suppression wherever it appears.,H1
41472,T0041473,Rode along with Bremerton officers last night. Grateful for what they do every shift.,H1
58456,T0058457,Met with local business owners in Madison Heights today about what they need to grow and hire.,H1
63571,T0063572,Met with local business owners in Greenville today about what they need to grow and hire.,H1
70380,T0070381,RT @SecondAmendmentNow: BREAKING: Another state expands Medicaid — and rural hospitals immediately benefit.,H1
46445,T0046446,Join us Saturday at 6pm for a town hall in Newport! Doors open early — bring your questions.,H1
80924,T0080925,We must balance the budget like every family in VA has to. No more blank checks.,H1
89794,T0089795,"We just crossed 20,000 grassroots donors! Average gift: $27. This campaign is powered by people, not PACs.",H1
33625,T0033626,"Phone bank tonight at 2pm! Grab a coffee and join us — training provided, no experience needed.",H1
40061,T0040062,Met with local business owners in Millbrook today about what they need to grow and hire.,H1
60382,T0060383,RT @FreeMarketForum: Border crossings surge again — where is the accountability?,H1
54756,T0054757,Stopped by Clayton Elementary today. Our teachers are heroes — period.,H1
9010,T0009011,Honored to meet with veterans in Millbrook today. We owe them more than words.,H1
70042,T0070043,RT @FaithAndFlagDaily: Our latest polling roundup for the 2022 midterms is live. Key races tightening.,H1
54255,T0054256,RT @StatehouseWire: Crime stats out this morning. Soft-on-crime policies have a body of evidence now — and it's damning.,H1
61446,T0061447,RT @PatriotPressWire: Crime stats out this morning. Soft-on-crime policies have a body of evidence now — and it's damning.,H1
68352,T0068353,Honored to meet with veterans in Harrisburg today. We owe them more than words.,H1
25841,T0025842,Dark money is drowning out TX voices. I support full disclosure of every political dollar.,H1
80967,T0080968,Price transparency and competition will lower costs faster than any government mandate.,H1
21204,T0021205,Diplomacy first. Endless wars cost MS families dearly — in lives and in dollars.,H1
92670,T0092671,"I'll fight to expand Medicaid and cap insulin costs for every patient, not just some.",H1
13962,T0013963,RT @ProgressNowDaily: Our latest polling roundup for the 2022 midterms is live. Key races tightening.,H1
4796,T0004797,RT @FreeMarketForum: Our latest polling roundup for the 2022 midterms is live. Key races tightening.,H1
83858,T0083859,Gun violence is a public health crisis. Prevention works — I've seen it in Newport.,H1
20728,T0020729,Secure the border. Period. I'll fund the wall and back our Border Patrol agents 100%.,H1
71463,T0071464,Our kids practice lockdown drills while Congress practices excuses. Enough. Pass red flag laws.,H1
87058,T0087059,Voting should be easy and secure — for everyone. I'll fight voter suppression wherever it appears.,H1
59039,T0059040,Join us Saturday at 6pm for a town hall in Springdale! Doors open early — bring your questions.,H1
72439,T0072440,RT @BorderWatchNet: Debate schedule for the fall is out. Full calendar at the link.,H1
26199,T0026200,RT @HeartlandDispatch: Study: universal pre-K pays for itself within a decade. Pass it on.,H1
61138,T0061139,Early voting starts soon in NY. Make your plan now — every single vote counts.,H1
101042,T0101043,Toured the new energy facility in Millbrook today. FL workers are second to none.,H1
88513,T0088514,"Every family in IN deserves access to quality, affordable care. Full stop.",H1
57184,T0057185,"Family separation is a moral stain. We need humane, orderly immigration reform — not cruelty as policy.",H1
46658,T0046659,Washington-run healthcare means longer waits and fewer choices. I'll defend private options for CA families.,H1
49684,T0049685,"Phone bank tonight at 10am! Grab a coffee and join us — training provided, no experience needed.",H1
30439,T0030440,Secure the border. Period. I'll fund the wall and back our Border Patrol agents 100%.,H1
18517,T0018518,RT @HeritageHorizon: New analysis: energy mandates will raise household electric bills sharply. Voters deserve the truth.,H1
52209,T0052210,Toured the new energy facility in Bellview today. NH workers are second to none.,H1
4595,T0004596,"Lower taxes, less government, more freedom. That's how we get GA's economy roaring again.",H1
98332,T0098333,Voting should be easy and secure — for everyone. I'll fight voter suppression wherever it appears.,H1
66456,T0066457,Early voting starts soon in NY. Make your plan now — every single vote counts.,H1
20932,T0020933,"Standing with our allies isn't weakness, it's strength. Alliances keep Americans safe.",H1
59337,T0059338,Catch-and-release is over when I get to Washington. We need real deterrence at the border.,H1
3087,T0003088,Toured the new energy facility in Kingsport today. OH workers are second to none.,H1
20770,T0020771,Stopped by Greenville Elementary today. Our teachers are heroes — period.,H1
1908,T0001909,Visited the community health center in Cedar Falls — grateful for the nurses and staff who keep it running.,H1
14457,T0014458,Met with local business owners in Summit today about what they need to grow and hire.,H1
4348,T0004349,Corporate consolidation is squeezing family farms and small businesses. We need real antitrust enforcement.,H1
58053,T0058054,Rode along with Madison Heights officers last night. Grateful for what they do every shift.,H1
39024,T0039025,Yard signs are IN. Swing by the Lakewood office and grab one this weekend!,H1
88562,T0088563,Every family deserves a safe neighborhood. Law and order is on the ballot.,H1
48883,T0048884,Stopped by Fairview Elementary today. Our teachers are heroes — period.,H1
93090,T0093091,Honored to meet with veterans in Madison Heights today. We owe them more than words.,H1
43359,T0043360,"Our new ad is live. Watch it, share it, and chip in $5 if you can.",H1
9009,T0009010,Our immigration system has been broken for decades. Both parties share the blame — PA deserves solutions.,H1
47220,T0047221,"School choice gives every NY family a shot at a great education, regardless of zip code.",H1
86855,T0086856,I am proudly pro-life and will always defend the unborn.,H1
17991,T0017992,Diplomacy first. Endless wars cost NY families dearly — in lives and in dollars.,H1
84302,T0084303,Corporate consolidation is squeezing family farms and small businesses. We need real antitrust enforcement.,H1
89480,T0089481,Early voting starts soon in UT. Make your plan now — every single vote counts.,H1
77230,T0077231,"Lower taxes, less government, more freedom. That's how we get IL's economy roaring again.",H1
59176,T0059177,RT @HeritageHorizon: Poll: overwhelming majority supports voter ID. This shouldn't be controversial.,H1
92537,T0092538,Filed our FEC report: best fundraising quarter yet. Thank you to every supporter.,H1
45435,T0045436,"I'll always back the blue. Our officers in WY deserve support, not defunding.",H1
67138,T0067139,Rode along with Alton officers last night. Grateful for what they do every shift.,H1
64555,T0064556,Toured the new energy facility in Oak Ridge today. MT workers are second to none.,H1
17833,T0017834,Dark money is drowning out CA voices. I support full disclosure of every political dollar.,H1
28460,T0028461,RT @VotingRightsWatch: Study: universal pre-K pays for itself within a decade. Pass it on.,H1
15766,T0015767,RT @FaithAndFlagDaily: Border crossings surge again — where is the accountability?,H1
61622,T0061623,RT @FreeMarketForum: Our latest polling roundup for the 2022 midterms is live. Key races tightening.,H1
47437,T0047438,"I'll fight to expand Medicaid and cap insulin costs for every patient, not just some.",H1
95816,T0095817,"Family separation is a moral stain. We need humane, orderly immigration reform — not cruelty as policy.",H1
72696,T0072697,Join us Saturday at 2pm for a town hall in Riverton! Doors open early — bring your questions.,H1
24443,T0024444,RT @TheDailyLedgerUS: Debate schedule for the fall is out. Full calendar at the link.,H1
53153,T0053154,"Every kid in IA deserves a great public school — fully funded, with teachers paid what they're worth.",H1
19782,T0019783,RT @HeartlandDispatch: Turnout in this week's primaries beat 2018 levels in most counties.,H1
65432,T0065433,RT @HeritageHorizon: New analysis: energy mandates will raise household electric bills sharply. Voters deserve the truth.,H1
46496,T0046497,Debate night. Watch live at 7pm and see the contrast for yourself.,H1
82527,T0082528,Visited the community health center in Cedar Falls — grateful for the nurses and staff who keep it running.,H1
55230,T0055231,Toured the new energy facility in Cedar Falls today. CA workers are second to none.,H1
73098,T0073099,"Get politics out of the classroom and get back to reading, writing, and math.",H1
2013,T0002014,RT @CivicSignal: Poll: overwhelming majority supports voter ID. This shouldn't be controversial.,H1
94490,T0094491,RT @TheDailyLedgerUS: Our latest polling roundup for the 2022 midterms is live. Key races tightening.,H1
72433,T0072434,This issue is deeply personal for families across ID. I'll always listen first.,H1
21283,T0021284,Politicians have no place in the exam room. I trust women.,H1
99321,T0099322,Our immigration system has been broken for decades. Both parties share the blame — CA deserves solutions.,H1
773,T0000774,"Lower taxes, less government, more freedom. That's how we get LA's economy roaring again.",H1
3072,T0003073,Inflation is a tax on every family. Washington's reckless spending has to stop.,H1
46711,T0046712,Democracy works when we show up. Check your registration today — link in bio.,H1
43897,T0043898,Small businesses in NM are drowning in red tape. I'll cut job-killing regulations on day one.,H1
45395,T0045396,Peace through strength. A strong military is the best guarantee our enemies stay in check.,H1
47917,T0047918,Join us Saturday at 2pm for a town hall in Clayton! Doors open early — bring your questions.,H1
56597,T0056598,"Immigrants power OK's farms, hospitals, and small businesses. Our economy depends on fixing this broken system.",H1
87593,T0087594,Washington elites think they know better than NC voters. I trust the people.,H1
104454,T0104455,Rural hospitals in AZ are closing while insurers post record profits. That ends when we hold them accountable.,H1
45288,T0045289,RT @CivicSignal: Turnout in this week's primaries beat 2018 levels in most counties.,H1
59939,T0059940,RT @TaxpayersFirstOrg: New analysis: energy mandates will raise household electric bills sharply. Voters deserve the truth.,H1
67524,T0067525,"The Second Amendment isn't negotiable. I'll oppose every gun grab, every time.",H1
88876,T0088877,Patients and doctors should make health decisions — not government bureaucrats.,H1
52595,T0052596,"Happy Labor Day from our family to yours, MO!",H1
94761,T0094762,Early voting starts soon in AL. Make your plan now — every single vote counts.,H1
100272,T0100273,Catch-and-release is over when I get to Washington. We need real deterrence at the border.,H1
71622,T0071623,RT @StatehouseWire: Turnout in this week's primaries beat 2018 levels in most counties.,H1
76840,T0076841,Politicians have no place in the exam room. I trust women.,H1
73481,T0073482,RT @GreenFutureFund: REPORT: Federal regulations cost small businesses billions last year. Time to cut the red tape.,H1
75704,T0075705,Knocking doors in Georgetown with an incredible team of volunteers today. The energy is real!,H1
9215,T0009216,RT @FaithAndFlagDaily: REPORT: Federal regulations cost small businesses billions last year. Time to cut the red tape.,H1
56296,T0056297,Met with law enforcement and community leaders in Harrisburg about keeping our neighborhoods safe.,H1
89909,T0089910,Price transparency and competition will lower costs faster than any government mandate.,H1
28206,T0028207,Catch-and-release is over when I get to Washington. We need real deterrence at the border.,H1
16955,T0016956,RT @SecondAmendmentNow: Debate schedule for the fall is out. Full calendar at the link.,H1
75784,T0075785,"Every family in GA deserves access to quality, affordable care. Full stop.",H1
70217,T0070218,Visited the community health center in Oak Ridge — grateful for the nurses and staff who keep it running.,H1
27590,T0027591,Stopped by Oak Ridge Elementary today. Our teachers are heroes — period.,H1
53897,T0053898,RT @CarePolicyProject: Voter purges are quietly accelerating ahead of the midterms. We're tracking every state.,H1
91262,T0091263,Filed our FEC report: best fundraising quarter yet. Thank you to every supporter.,H1
53222,T0053223,"Phone bank tonight at noon! Grab a coffee and join us — training provided, no experience needed.",H1
49662,T0049663,Corporate consolidation is squeezing family farms and small businesses. We need real antitrust enforcement.,H1
13767,T0013768,RT @SecondAmendmentNow: Debate schedule for the fall is out. Full calendar at the link.,H1
92098,T0092099,"Phone bank tonight at 7pm! Grab a coffee and join us — training provided, no experience needed.",H1
59941,T0059942,RT @SecondAmendmentNow: REPORT: Federal regulations cost small businesses billions last year. Time to cut the red tape.,H1
22263,T0022264,"School choice gives every CA family a shot at a great education, regardless of zip code.",H1
77689,T0077690,RT @FreeMarketForum: Border crossings surge again — where is the accountability?,H1
83949,T0083950,China is eating our lunch on trade and technology. I'll put American workers first.,H1
52663,T0052664,RT @GreenFutureFund: This map of clean-energy job growth should be front-page news.,H1
60177,T0060178,RT @PatriotPressWire: REPORT: Federal regulations cost small businesses billions last year. Time to cut the red tape.,H1
40171,T0040172,Corporate consolidation is squeezing family farms and small businesses. We need real antitrust enforcement.,H1
55987,T0055988,RT @CarePolicyProject: REPORT: Federal regulations cost small businesses billions last year. Time to cut the red tape.,H1
103993,T0103994,RT @TaxpayersFirstOrg: New analysis: energy mandates will raise household electric bills sharply. Voters deserve the truth.,H1
5369,T0005370,"Human rights must be at the center of American foreign policy, not an afterthought.",H1
44136,T0044137,Join us Saturday at 6pm for a town hall in Greenville! Doors open early — bring your questions.,H1
77691,T0077692,Life is precious. I'll support policies that protect mothers and babies alike.,H1
7532,T0007533,"The climate crisis is here — OK families are paying for it in floods, fires, and insurance bills. We need clean energy now.",H1
34011,T0034012,RT @ProgressNowDaily: ICYMI: our candidate tracker now covers every House and Senate race. Bookmark it.,H1
97500,T0097501,RT @PublicSquareNews: Border crossings surge again — where is the accountability?,H1
61177,T0061178,RT @BorderWatchNet: Turnout in this week's primaries beat 2018 levels in most counties.,H1
32272,T0032273,Parents — not bureaucrats — should decide what their kids learn. I'll fight for parental rights in every classroom.,H1
23797,T0023798,RT @GreenFutureFund: Study: universal pre-K pays for itself within a decade. Pass it on.,H1
17902,T0017903,Rode along with Riverton officers last night. Grateful for what they do every shift.,H1
57884,T0057885,This issue is deeply personal for families across VA. I'll always listen first.,H1
83813,T0083814,RT @FaithAndFlagDaily: Border crossings surge again — where is the accountability?,H1
53053,T0053054,Every family deserves a safe neighborhood. Law and order is on the ballot.,H1
63872,T0063873,Rode along with Kingsport officers last night. Grateful for what they do every shift.,H1
25319,T0025320,Rode along with Madison Heights officers last night. Grateful for what they do every shift.,H1
59549,T0059550,"We just crossed 50,000 grassroots donors! Average gift: $27. This campaign is powered by people, not PACs.",H1
7709,T0007710,RT @FreeMarketForum: Border crossings surge again — where is the accountability?,H1
45286,T0045287,Patients and doctors should make health decisions — not government bureaucrats.,H1
30893,T0030894,Early voting starts soon in MD. Make your plan now — every single vote counts.,H1
29918,T0029919,"New endorsement dropping tomorrow morning. Stay tuned, TX!",H1
73178,T0073179,Corporate consolidation is squeezing family farms and small businesses. We need real antitrust enforcement.,H1
36438,T0036439,"We just crossed 25,000 grassroots donors! Average gift: $27. This campaign is powered by people, not PACs.",H1
49740,T0049741,Diplomacy first. Endless wars cost KY families dearly — in lives and in dollars.,H1
72382,T0072383,Inflation is a tax on every family. Washington's reckless spending has to stop.,H1
27635,T0027636,Secure the border. Period. I'll fund the wall and back our Border Patrol agents 100%.,H1
32564,T0032565,Every family deserves a safe neighborhood. Law and order is on the ballot.,H1
15825,T0015826,Debate night. Watch live at 2pm and see the contrast for yourself.,H1
31516,T0031517,Rural hospitals in NC are closing while insurers post record profits. That ends when we hold them accountable.,H1
12127,T0012128,Rode along with Kingsport officers last night. Grateful for what they do every shift.,H1
35538,T0035539,"Our new ad is live. Watch it, share it, and chip in $5 if you can.",H1
72279,T0072280,Catch-and-release is over when I get to Washington. We need real deterrence at the border.,H1
71995,T0071996,"Book bans don't protect kids. Librarians and teachers deserve our trust, not harassment.",H1
43073,T0043074,RT @HeartlandDispatch: Voter purges are quietly accelerating ahead of the midterms. We're tracking every state.,H1
45532,T0045533,Stopped by Alton Elementary today. Our teachers are heroes — period.,H1
33383,T0033384,RT @StatehouseWire: Debate schedule for the fall is out. Full calendar at the link.,H1
73949,T0073950,Rode along with Bellview officers last night. Grateful for what they do every shift.,H1
18817,T0018818,Student debt is holding back a generation. I support relief and free community college.,H1
51358,T0051359,Criminals don't follow gun laws — disarming law-abiding MI citizens makes us less safe.,H1
22895,T0022896,Government doesn't create prosperity — entrepreneurs do. Let's get Washington out of the way.,H1
59137,T0059138,We can protect people with pre-existing conditions without a big-government takeover of medicine.,H1
34824,T0034825,Secure the border. Period. I'll fund the wall and back our Border Patrol agents 100%.,H1
30148,T0030149,RT @CarePolicyProject: Border crossings surge again — where is the accountability?,H1
60154,T0060155,Visited the community health center in Clayton — grateful for the nurses and staff who keep it running.,H1
16715,T0016716,"We just crossed 15,000 grassroots donors! Average gift: $27. This campaign is powered by people, not PACs.",H1
57856,T0057857,"American energy independence means drilling here, mining here, and building pipelines here.",H1
21186,T0021187,Peace through strength. A strong military is the best guarantee our enemies stay in check.,H1
88296,T0088297,Toured the new energy facility in Greenville today. OH workers are second to none.,H1
70418,T0070419,Dreamers are Americans in every way but paperwork. I'll vote for a pathway to citizenship.,H1
91726,T0091727,RT @SecondAmendmentNow: BREAKING: Another state expands Medicaid — and rural hospitals immediately benefit.,H1
35839,T0035840,Met with local business owners in Lakewood today about what they need to grow and hire.,H1
79189,T0079190,Every family deserves a safe neighborhood. Law and order is on the ballot.,H1
20925,T0020926,Our immigration system has been broken for decades. Both parties share the blame — CA deserves solutions.,H1
49596,T0049597,"Every family in MN deserves access to quality, affordable care. Full stop.",H1
34499,T0034500,Union jobs built the middle class. I'm proud to stand with workers on the picket line in NY.,H1
67496,T0067497,Big Oil made record profits while your utility bill doubled. I'll end their subsidies.,H1
15616,T0015617,China is eating our lunch on trade and technology. I'll put American workers first.,H1
81385,T0081386,Our immigration system has been broken for decades. Both parties share the blame — VA deserves solutions.,H1
6900,T0006901,"Phone bank tonight at 7pm! Grab a coffee and join us — training provided, no experience needed.",H1
88170,T0088171,Debate night. Watch live at 5:30pm and see the contrast for yourself.,H1
82236,T0082237,"I'll fight to expand Medicaid and cap insulin costs for every patient, not just some.",H1
90179,T0090180,Debate night. Watch live at 2pm and see the contrast for yourself.,H1
8870,T0008871,"The climate crisis is here — NY families are paying for it in floods, fires, and insurance bills. We need clean energy now.",H1
72745,T0072746,RT @BorderWatchNet: Crime stats out this morning. Soft-on-crime policies have a body of evidence now — and it's damning.,H1
80334,T0080335,"Human rights must be at the center of American foreign policy, not an afterthought.",H1
60214,T0060215,"I'll always back the blue. Our officers in SC deserve support, not defunding.",H1
18818,T0018819,Filed our FEC report: best fundraising quarter yet. Thank you to every supporter.,H1
60299,T0060300,RT @StatehouseWire: Crime stats out this morning. Soft-on-crime policies have a body of evidence now — and it's damning.,H1
83107,T0083108,RT @FaithAndFlagDaily: Poll: overwhelming majority supports voter ID. This shouldn't be controversial.,H1
76122,T0076123,Election integrity matters. Voter ID is common sense and most Americans agree.,H1
51084,T0051085,Our immigration system has been broken for decades. Both parties share the blame — AK deserves solutions.,H1
74583,T0074584,RT @WorkersUnitedHQ: Turnout in this week's primaries beat 2018 levels in most counties.,H1
42398,T0042399,"Our new ad is live. Watch it, share it, and chip in $5 if you can.",H1
5049,T0005050,Honored to meet with veterans in Franklin today. We owe them more than words.,H1
27568,T0027569,Price transparency and competition will lower costs faster than any government mandate.,H1
19407,T0019408,"New endorsement dropping tomorrow morning. Stay tuned, NC!",H1
87229,T0087230,Protecting our air and water isn't radical — poisoning them for profit is.,H1
88917,T0088918,Talked supply chains and manufacturing with workers at the plant in Franklin this morning.,H1
7507,T0007508,RT @FaithAndFlagDaily: Border crossings surge again — where is the accountability?,H1
62251,T0062252,Yard signs are IN. Swing by the Alton office and grab one this weekend!,H1
42302,T0042303,Filed our FEC report: best fundraising quarter yet. Thank you to every supporter.,H1
89225,T0089226,Filed our FEC report: best fundraising quarter yet. Thank you to every supporter.,H1
82743,T0082744,Patients and doctors should make health decisions — not government bureaucrats.,H1
81993,T0081994,Met with law enforcement and community leaders in Summit about keeping our neighborhoods safe.,H1
78775,T0078776,"Illegal immigration drives down wages for VA workers. Enforce the law, protect American jobs.",H1
103706,T0103707,Yard signs are IN. Swing by the Oak Ridge office and grab one this weekend!,H1
15902,T0015903,RT @PatriotPressWire: Crime stats out this morning. Soft-on-crime policies have a body of evidence now — and it's damning.,H1
89306,T0089307,"Phone bank tonight at 2pm! Grab a coffee and join us — training provided, no experience needed.",H1
33263,T0033264,Stopped by Fairview Elementary today. Our teachers are heroes — period.,H1
56837,T0056838,"Book bans don't protect kids. Librarians and teachers deserve our trust, not harassment.",H1
70277,T0070278,Soft-on-crime policies have consequences. I'll fight for tougher sentences for violent offenders.,H1
97308,T0097309,Stopped by Alton Elementary today. Our teachers are heroes — period.,H1
83231,T0083232,"Lower taxes, less government, more freedom. That's how we get OH's economy roaring again.",H1
76694,T0076695,Not one more dime overseas until we take care of our own veterans here in NY.,H1
103557,T0103558,Government doesn't create prosperity — entrepreneurs do. Let's get Washington out of the way.,H1
24475,T0024476,Filed our FEC report: best fundraising quarter yet. Thank you to every supporter.,H1
81613,T0081614,Honored to meet with veterans in Millbrook today. We owe them more than words.,H1
66840,T0066841,Healthcare is a human right. No one in IL should go bankrupt because they got sick.,H1
90324,T0090325,"The climate crisis is here — SD families are paying for it in floods, fires, and insurance bills. We need clean energy now.",H1
81257,T0081258,RT @CarePolicyProject: Turnout in this week's primaries beat 2018 levels in most counties.,H1
88593,T0088594,Stopped by Franklin Elementary today. Our teachers are heroes — period.,H1
64915,T0064916,Our immigration system has been broken for decades. Both parties share the blame — CA deserves solutions.,H1
20851,T0020852,This issue is deeply personal for families across PA. I'll always listen first.,H1
11115,T0011116,Debate night. Watch live at 10am and see the contrast for yourself.,H1
29263,T0029264,Rode along with Greenville officers last night. Grateful for what they do every shift.,H1
18736,T0018737,Toured the new energy facility in Dover Plains today. MI workers are second to none.,H1
96740,T0096741,Filed our FEC report: best fundraising quarter yet. Thank you to every supporter.,H1
14552,T0014553,"Happy Fourth of July from our family to yours, CA!",H1
92074,T0092075,Politicians have no place in the exam room. I trust women.,H1
54342,T0054343,Talked supply chains and manufacturing with workers at the plant in Cedar Falls this morning.,H1
100006,T0100007,RT @StatehouseWire: Border crossings surge again — where is the accountability?,H1
67365,T0067366,RT @BorderWatchNet: Border crossings surge again — where is the accountability?,H1
87164,T0087165,Stopped by Dover Plains Elementary today. Our teachers are heroes — period.,H1
20297,T0020298,Healthcare is a human right. No one in AZ should go bankrupt because they got sick.,H1
104154,T0104155,Knocking doors in Lakewood with an incredible team of volunteers today. The energy is real!,H1
76949,T0076950,RT @SecondAmendmentNow: Crime stats out this morning. Soft-on-crime policies have a body of evidence now — and it's damning.,H1
60500,T0060501,"American energy independence means drilling here, mining here, and building pipelines here.",H1
59884,T0059885,"Immigrants power OK's farms, hospitals, and small businesses. Our economy depends on fixing this broken system.",H1
60293,T0060294,Washington-run healthcare means longer waits and fewer choices. I'll defend private options for FL families.,H1
53526,T0053527,RT @TaxpayersFirstOrg: Border crossings surge again — where is the accountability?,H1
28505,T0028506,"I'll fight to expand Medicaid and cap insulin costs for every patient, not just some.",H1
61580,T0061581,Sanctuary policies put NY communities at risk. I'll end them.,H1
64316,T0064317,"Clean energy jobs are the future, and FL can lead. I'll fight for wind, solar, and battery manufacturing here at home.",H1
76667,T0076668,Honored to meet with veterans in Bremerton today. We owe them more than words.,H1
27177,T0027178,RT @BorderWatchNet: REPORT: Federal regulations cost small businesses billions last year. Time to cut the red tape.,H1
80233,T0080234,The radical Green agenda would crush MN jobs and spike your electric bill. I'll stop it.,H1
77172,T0077173,Voting should be easy and secure — for everyone. I'll fight voter suppression wherever it appears.,H1
103639,T0103640,RT @VotingRightsWatch: ICYMI: our candidate tracker now covers every House and Senate race. Bookmark it.,H1
58723,T0058724,Dreamers are Americans in every way but paperwork. I'll vote for a pathway to citizenship.,H1
58353,T0058354,Corporate consolidation is squeezing family farms and small businesses. We need real antitrust enforcement.,H1
98597,T0098598,Talked supply chains and manufacturing with workers at the plant in Springdale this morning.,H1
67811,T0067812,Honored to meet with veterans in Harrisburg today. We owe them more than words.,H1
30037,T0030038,Inflation is a tax on every family. Washington's reckless spending has to stop.,H1
82791,T0082792,Dreamers are Americans in every way but paperwork. I'll vote for a pathway to citizenship.,H1
32039,T0032040,Debate night. Watch live at 5:30pm and see the contrast for yourself.,H1
25156,T0025157,We must balance the budget like every family in WA has to. No more blank checks.,H1
65169,T0065170,RT @BorderWatchNet: Turnout in this week's primaries beat 2018 levels in most counties.,H1
45027,T0045028,Yard signs are IN. Swing by the Franklin office and grab one this weekend!,H1
79113,T0079114,"The Second Amendment isn't negotiable. I'll oppose every gun grab, every time.",H1
4540,T0004541,"Get politics out of the classroom and get back to reading, writing, and math.",H1
22667,T0022668,Small businesses in TX are drowning in red tape. I'll cut job-killing regulations on day one.,H1
68920,T0068921,"Abortion is healthcare, and healthcare decisions belong to patients — not politicians.",H1
35319,T0035320,Stopped by Georgetown Elementary today. Our teachers are heroes — period.,H1
51654,T0051655,RT @BorderWatchNet: REPORT: Federal regulations cost small businesses billions last year. Time to cut the red tape.,H1
2735,T0002736,RT @PublicSquareNews: BREAKING: Another state expands Medicaid — and rural hospitals immediately benefit.,H1
87859,T0087860,I am proudly pro-life and will always defend the unborn.,H1
54624,T0054625,I'm a proud gun owner and I'll defend your constitutional rights in Washington.,H1
57862,T0057863,RT @HeritageHorizon: This map of clean-energy job growth should be front-page news.,H1
33081,T0033082,Our immigration system has been broken for decades. Both parties share the blame — NY deserves solutions.,H1
81065,T0081066,"Standing with our allies isn't weakness, it's strength. Alliances keep Americans safe.",H1
82043,T0082044,Patients and doctors should make health decisions — not government bureaucrats.,H1
32009,T0032010,"The Second Amendment isn't negotiable. I'll oppose every gun grab, every time.",H1
57422,T0057423,Thank you Bremerton! Standing room only tonight. This movement is growing every single day.,H1
54657,T0054658,RT @TaxpayersFirstOrg: New analysis: energy mandates will raise household electric bills sharply. Voters deserve the truth.,H1
48201,T0048202,RT @HeritageHorizon: New analysis: energy mandates will raise household electric bills sharply. Voters deserve the truth.,H1
95710,T0095711,Visited the community health center in Summit — grateful for the nurses and staff who keep it running.,H1
17093,T0017094,RT @LibertyLedger: Border crossings surge again — where is the accountability?,H1
5065,T0005066,We can back the police AND demand accountability. Those aren't opposites.,H1
8181,T0008182,Stopped by Greenville Elementary today. Our teachers are heroes — period.,H1
30322,T0030323,Toured the new energy facility in Clayton today. TX workers are second to none.,H1
63790,T0063791,Democracy works when we show up. Check your registration today — link in bio.,H1
101139,T0101140,RT @LibertyLedger: BREAKING: Another state expands Medicaid — and rural hospitals immediately benefit.,H1
6191,T0006192,Met with local business owners in Bellview today about what they need to grow and hire.,H1
76052,T0076053,Rode along with Georgetown officers last night. Grateful for what they do every shift.,H1
37735,T0037736,Secure the border. Period. I'll fund the wall and back our Border Patrol agents 100%.,H1
53084,T0053085,"Happy New Year from our family to yours, OH!",H1
13040,T0013041,RT @BorderWatchNet: Voter purges are quietly accelerating ahead of the midterms. We're tracking every state.,H1
79409,T0079410,RT @PatriotPressWire: Crime stats out this morning. Soft-on-crime policies have a body of evidence now — and it's damning.,H1
890,T0000891,"Abortion is healthcare, and healthcare decisions belong to patients — not politicians.",H1
62374,T0062375,This issue is deeply personal for families across MA. I'll always listen first.,H1
6632,T0006633,Soft-on-crime policies have consequences. I'll fight for tougher sentences for violent offenders.,H1
37312,T0037313,I'm a proud gun owner and I'll defend your constitutional rights in Washington.,H1
59388,T0059389,RT @PatriotPressWire: REPORT: Federal regulations cost small businesses billions last year. Time to cut the red tape.,H1
103273,T0103274,RT @BorderWatchNet: New analysis: energy mandates will raise household electric bills sharply. Voters deserve the truth.,H1
41087,T0041088,I will vote to restore Roe's protections nationwide. UT women deserve nothing less.,H1
63236,T0063237,Rode along with Franklin officers last night. Grateful for what they do every shift.,H1
28762,T0028763,Taxpayer dollars should never fund abortion. I'll hold that line in Congress.,H1
41198,T0041199,"Our new ad is live. Watch it, share it, and chip in $5 if you can.",H1
86731,T0086732,RT @ProgressNowDaily: This map of clean-energy job growth should be front-page news.,H1
47945,T0047946,Washington-run healthcare means longer waits and fewer choices. I'll defend private options for AL families.,H1
72373,T0072374,Toured the new energy facility in Harrisburg today. NY workers are second to none.,H1
50008,T0050009,RT @MainStreetMonitor: ICYMI: our candidate tracker now covers every House and Senate race. Bookmark it.,H1
75907,T0075908,"Our new ad is live. Watch it, share it, and chip in $5 if you can.",H1
10183,T0010184,RT @StatehouseWire: Turnout in this week's primaries beat 2018 levels in most counties.,H1
3641,T0003642,Stopped by Georgetown Elementary today. Our teachers are heroes — period.,H1
69157,T0069158,RT @PatriotPressWire: New analysis: energy mandates will raise household electric bills sharply. Voters deserve the truth.,H1
101878,T0101879,Democracy works when we show up. Check your registration today — link in bio.,H1
41412,T0041413,Talked supply chains and manufacturing with workers at the plant in Lakewood this morning.,H1
64463,T0064464,Visited the community health center in Lakewood — grateful for the nurses and staff who keep it running.,H1
37329,T0037330,The radical Green agenda would crush OH jobs and spike your electric bill. I'll stop it.,H1
96530,T0096531,RT @SecondAmendmentNow: Border crossings surge again — where is the accountability?,H1
31918,T0031919,Diplomacy first. Endless wars cost CA families dearly — in lives and in dollars.,H1
49070,T0049071,"Get politics out of the classroom and get back to reading, writing, and math.",H1
65309,T0065310,RT @HeritageHorizon: ICYMI: our candidate tracker now covers every House and Senate race. Bookmark it.,H1
85265,T0085266,Childcare costs are crushing parents in IL. My plan caps costs and invests in providers.,H1
45316,T0045317,Talked supply chains and manufacturing with workers at the plant in Franklin this morning.,H1
42363,T0042364,We must balance the budget like every family in TX has to. No more blank checks.,H1
49099,T0049100,"I'll always back the blue. Our officers in FL deserve support, not defunding.",H1
22041,T0022042,Democracy works when we show up. Check your registration today — link in bio.,H1
18245,T0018246,Protecting our air and water isn't radical — poisoning them for profit is.,H1
94813,T0094814,Soft-on-crime policies have consequences. I'll fight for tougher sentences for violent offenders.,H1
17866,T0017867,The Constitution isn't a suggestion. I'll defend free speech and religious liberty against any government overreach.,H1
14716,T0014717,Join us Saturday at 5:30pm for a town hall in Newport! Doors open early — bring your questions.,H1
90774,T0090775,RT @CleanAirCoalition: Study: universal pre-K pays for itself within a decade. Pass it on.,H1
53766,T0053767,Not one more dime overseas until we take care of our own veterans here in NE.,H1
86910,T0086911,"I'll always back the blue. Our officers in CA deserve support, not defunding.",H1
68425,T0068426,Catch-and-release is over when I get to Washington. We need real deterrence at the border.,H1
55855,T0055856,Met with local business owners in Franklin today about what they need to grow and hire.,H1
17784,T0017785,RT @FaithAndFlagDaily: Border crossings surge again — where is the accountability?,H1
92542,T0092543,Childcare costs are crushing parents in MA. My plan caps costs and invests in providers.,H1
49896,T0049897,RT @TheDailyLedgerUS: BREAKING: Another state expands Medicaid — and rural hospitals immediately benefit.,H1
77318,T0077319,RT @FaithAndFlagDaily: Border crossings surge again — where is the accountability?,H1
66051,T0066052,We can be good stewards of the land without strangling MD's energy workers with mandates.,H1
7752,T0007753,Big Pharma spends millions lobbying to keep prices high. I don't take their money — and I'll vote to negotiate prices.,H1
59379,T0059380,Our kids practice lockdown drills while Congress practices excuses. Enough. Pass red flag laws.,H1
26719,T0026720,RT @FreeMarketForum: Crime stats out this morning. Soft-on-crime policies have a body of evidence now — and it's damning.,H1
97733,T0097734,Yard signs are IN. Swing by the Millbrook office and grab one this weekend!,H1
93038,T0093039,RT @CleanAirCoalition: NEW REPORT: Corporate profits hit record highs while wages stagnate. The data is undeniable.,H1
94029,T0094030,"Family separation is a moral stain. We need humane, orderly immigration reform — not cruelty as policy.",H1
53584,T0053585,RT @LibertyLedger: New analysis: energy mandates will raise household electric bills sharply. Voters deserve the truth.,H1
31399,T0031400,Rode along with Oak Ridge officers last night. Grateful for what they do every shift.,H1
9885,T0009886,Honored to meet with veterans in Greenville today. We owe them more than words.,H1
48555,T0048556,Big Oil made record profits while your utility bill doubled. I'll end their subsidies.,H1
3558,T0003559,Rode along with Summit officers last night. Grateful for what they do every shift.,H1
44648,T0044649,Inflation is a tax on every family. Washington's reckless spending has to stop.,H1
66547,T0066548,RT @VotingRightsWatch: This map of clean-energy job growth should be front-page news.,H1
91139,T0091140,RT @TaxpayersFirstOrg: Border crossings surge again — where is the accountability?,H1
51337,T0051338,The radical Green agenda would crush NY jobs and spike your electric bill. I'll stop it.,H1
77662,T0077663,Small businesses in IL are drowning in red tape. I'll cut job-killing regulations on day one.,H1
27157,T0027158,Working families deserve a raise. I'll fight to lift the minimum wage and rein in corporate price gouging.,H1
66240,T0066241,"Clean energy jobs are the future, and FL can lead. I'll fight for wind, solar, and battery manufacturing here at home.",H1
100361,T0100362,Peace through strength. A strong military is the best guarantee our enemies stay in check.,H1
25000,T0025001,"Every family in IL deserves access to quality, affordable care. Full stop.",H1
49175,T0049176,RT @VotingRightsWatch: Study: universal pre-K pays for itself within a decade. Pass it on.,H1
83487,T0083488,RT @MainStreetMonitor: REPORT: Federal regulations cost small businesses billions last year. Time to cut the red tape.,H1
89746,T0089747,Protecting our air and water isn't radical — poisoning them for profit is.,H1
41069,T0041070,Filed our FEC report: best fundraising quarter yet. Thank you to every supporter.,H1
4571,T0004572,Met with local business owners in Madison Heights today about what they need to grow and hire.,H1
59160,T0059161,Filed our FEC report: best fundraising quarter yet. Thank you to every supporter.,H1
10359,T0010360,The Constitution isn't a suggestion. I'll defend free speech and religious liberty against any government overreach.,H1
74093,T0074094,Knocking doors in Summit with an incredible team of volunteers today. The energy is real!,H1
42818,T0042819,RT @FaithAndFlagDaily: ICYMI: our candidate tracker now covers every House and Senate race. Bookmark it.,H1
24160,T0024161,RT @VotingRightsWatch: NEW REPORT: Corporate profits hit record highs while wages stagnate. The data is undeniable.,H1
69714,T0069715,RT @GreenFutureFund: Turnout in this week's primaries beat 2018 levels in most counties.,H1
11063,T0011064,Met with local business owners in Franklin today about what they need to grow and hire.,H1
35328,T0035329,I am proudly pro-life and will always defend the unborn.,H1
33295,T0033296,RT @PatriotPressWire: Border crossings surge again — where is the accountability?,H1
75967,T0075968,RT @TheDailyLedgerUS: ICYMI: our candidate tracker now covers every House and Senate race. Bookmark it.,H1
37943,T0037944,Dark money is drowning out AR voices. I support full disclosure of every political dollar.,H1
63679,T0063680,Working families deserve a raise. I'll fight to lift the minimum wage and rein in corporate price gouging.,H1
31755,T0031756,RT @WorkersUnitedHQ: Voter purges are quietly accelerating ahead of the midterms. We're tracking every state.,H1
19996,T0019997,RT @TheDailyLedgerUS: Study: universal pre-K pays for itself within a decade. Pass it on.,H1
67976,T0067977,RT @PublicSquareNews: Border crossings surge again — where is the accountability?,H1
91813,T0091814,"Happy Labor Day from our family to yours, GA!",H1
5958,T0005959,Visited the community health center in Riverton — grateful for the nurses and staff who keep it running.,H1
58365,T0058366,This issue is deeply personal for families across NJ. I'll always listen first.,H1
80137,T0080138,We can protect people with pre-existing conditions without a big-government takeover of medicine.,H1
46012,T0046013,"Real public safety means investing in communities — mental health response, youth programs, and accountable policing.",H1
89105,T0089106,RT @StatehouseWire: NEW REPORT: Corporate profits hit record highs while wages stagnate. The data is undeniable.,H1
845,T0000846,Student debt is holding back a generation. I support relief and free community college.,H1
21892,T0021893,Rode along with Alton officers last night. Grateful for what they do every shift.,H1
89753,T0089754,RT @HeritageHorizon: ICYMI: our candidate tracker now covers every House and Senate race. Bookmark it.,H1
55450,T0055451,"Phone bank tonight at 2pm! Grab a coffee and join us — training provided, no experience needed.",H1
32956,T0032957,RT @MainStreetMonitor: This map of clean-energy job growth should be front-page news.,H1
26827,T0026828,Dark money is drowning out ID voices. I support full disclosure of every political dollar.,H1
26058,T0026059,Parents — not bureaucrats — should decide what their kids learn. I'll fight for parental rights in every classroom.,H1
75854,T0075855,Small businesses in GA are drowning in red tape. I'll cut job-killing regulations on day one.,H1
101507,T0101508,Our immigration system has been broken for decades. Both parties share the blame — CA deserves solutions.,H1
26959,T0026960,Join us Saturday at 7pm for a town hall in Millbrook! Doors open early — bring your questions.,H1
25815,T0025816,This issue is deeply personal for families across CA. I'll always listen first.,H1
13059,T0013060,Join us Saturday at 2pm for a town hall in Springdale! Doors open early — bring your questions.,H1
39339,T0039340,Debate night. Watch live at 6pm and see the contrast for yourself.,H1
66937,T0066938,Protecting our air and water isn't radical — poisoning them for profit is.,H1
38169,T0038170,RT @FreeMarketForum: Turnout in this week's primaries beat 2018 levels in most counties.,H1
2416,T0002417,Talked supply chains and manufacturing with workers at the plant in Bremerton this morning.,H1
42184,T0042185,"Standing with our allies isn't weakness, it's strength. Alliances keep Americans safe.",H1
36855,T0036856,RT @HeritageHorizon: ICYMI: our candidate tracker now covers every House and Senate race. Bookmark it.,H1
64151,T0064152,"Abortion is healthcare, and healthcare decisions belong to patients — not politicians.",H1
66514,T0066515,Government doesn't create prosperity — entrepreneurs do. Let's get Washington out of the way.,H1
62253,T0062254,RT @GreenFutureFund: This map of clean-energy job growth should be front-page news.,H1
84963,T0084964,Secure the border. Period. I'll fund the wall and back our Border Patrol agents 100%.,H1
91595,T0091596,Debate night. Watch live at 10am and see the contrast for yourself.,H1
11643,T0011644,Healthcare is a human right. No one in ND should go bankrupt because they got sick.,H1
77121,T0077122,"Every family in OH deserves access to quality, affordable care. Full stop.",H1
10507,T0010508,Protecting our air and water isn't radical — poisoning them for profit is.,H1
84775,T0084776,RT @StatehouseWire: Debate schedule for the fall is out. Full calendar at the link.,H1
50340,T0050341,RT @TaxpayersFirstOrg: Poll: overwhelming majority supports voter ID. This shouldn't be controversial.,H1
16683,T0016684,Stopped by Bremerton Elementary today. Our teachers are heroes — period.,H1
81675,T0081676,RT @CivicSignal: ICYMI: our candidate tracker now covers every House and Senate race. Bookmark it.,H1
19451,T0019452,Knocking doors in Lakewood with an incredible team of volunteers today. The energy is real!,H1
65940,T0065941,RT @TaxpayersFirstOrg: New analysis: energy mandates will raise household electric bills sharply. Voters deserve the truth.,H1
88827,T0088828,RT @PublicSquareNews: Study: universal pre-K pays for itself within a decade. Pass it on.,H1
60161,T0060162,Billionaires shouldn't pay a lower tax rate than teachers. Time to make the wealthy pay their fair share.,H1
62315,T0062316,Gun violence is a public health crisis. Prevention works — I've seen it in Harrisburg.,H1
29841,T0029842,Dark money is drowning out RI voices. I support full disclosure of every political dollar.,H1
86173,T0086174,Union jobs built the middle class. I'm proud to stand with workers on the picket line in CA.,H1
99153,T0099154,Democracy works when we show up. Check your registration today — link in bio.,H1
17854,T0017855,RT @FaithAndFlagDaily: Turnout in this week's primaries beat 2018 levels in most counties.,H1
46964,T0046965,RT @MainStreetMonitor: New analysis: energy mandates will raise household electric bills sharply. Voters deserve the truth.,H1
67546,T0067547,I respect the Second Amendment AND believe weapons of war don't belong on our streets.,H1
100335,T0100336,"Every family in VA deserves access to quality, affordable care. Full stop.",H1
104476,T0104477,Democracy works when we show up. Check your registration today — link in bio.,H1
36431,T0036432,RT @TheDailyLedgerUS: ICYMI: our candidate tracker now covers every House and Senate race. Bookmark it.,H1
98312,T0098313,RT @CleanAirCoalition: ICYMI: our candidate tracker now covers every House and Senate race. Bookmark it.,H1
73658,T0073659,"Book bans don't protect kids. Librarians and teachers deserve our trust, not harassment.",H1
37187,T0037188,RT @MainStreetMonitor: ICYMI: our candidate tracker now covers every House and Senate race. Bookmark it.,H1
92019,T0092020,Met with local business owners in Georgetown today about what they need to grow and hire.,H1
16597,T0016598,"The climate crisis is here — WI families are paying for it in floods, fires, and insurance bills. We need clean energy now.",H1
22659,T0022660,Sanctuary policies put CA communities at risk. I'll end them.,H1
56364,T0056365,Debate night. Watch live at noon and see the contrast for yourself.,H1
9002,T0009003,"Phone bank tonight at 2pm! Grab a coffee and join us — training provided, no experience needed.",H1
19646,T0019647,Join us Saturday at noon for a town hall in Clayton! Doors open early — bring your questions.,H1
28129,T0028130,We must balance the budget like every family in IL has to. No more blank checks.,H1
61079,T0061080,RT @VotingRightsWatch: This map of clean-energy job growth should be front-page news.,H1
20735,T0020736,Diplomacy first. Endless wars cost SC families dearly — in lives and in dollars.,H1
9190,T0009191,"The Second Amendment isn't negotiable. I'll oppose every gun grab, every time.",H1
10871,T0010872,"Family separation is a moral stain. We need humane, orderly immigration reform — not cruelty as policy.",H1
38397,T0038398,This issue is deeply personal for families across IN. I'll always listen first.,H1
45620,T0045621,"Every family in MO deserves access to quality, affordable care. Full stop.",H1
47207,T0047208,RT @TaxpayersFirstOrg: REPORT: Federal regulations cost small businesses billions last year. Time to cut the red tape.,H1
44210,T0044211,Not one more dime overseas until we take care of our own veterans here in OH.,H1
25798,T0025799,Government doesn't create prosperity — entrepreneurs do. Let's get Washington out of the way.,H1
70465,T0070466,Government doesn't create prosperity — entrepreneurs do. Let's get Washington out of the way.,H1
1624,T0001625,Our immigration system has been broken for decades. Both parties share the blame — GA deserves solutions.,H1
29097,T0029098,Patients and doctors should make health decisions — not government bureaucrats.,H1
74419,T0074420,Voting should be easy and secure — for everyone. I'll fight voter suppression wherever it appears.,H1
58259,T0058260,RT @BorderWatchNet: ICYMI: our candidate tracker now covers every House and Senate race. Bookmark it.,H1
83226,T0083227,Soft-on-crime policies have consequences. I'll fight for tougher sentences for violent offenders.,H1
88864,T0088865,Honored to meet with veterans in Alton today. We owe them more than words.,H1
58627,T0058628,Knocking doors in Bremerton with an incredible team of volunteers today. The energy is real!,H1
30660,T0030661,RT @CarePolicyProject: Voter purges are quietly accelerating ahead of the midterms. We're tracking every state.,H1
100723,T0100724,RT @BorderWatchNet: Debate schedule for the fall is out. Full calendar at the link.,H1
37925,T0037926,Met with law enforcement and community leaders in Clayton about keeping our neighborhoods safe.,H1
28429,T0028430,"Phone bank tonight at 6pm! Grab a coffee and join us — training provided, no experience needed.",H1
31574,T0031575,Talked supply chains and manufacturing with workers at the plant in Dover Plains this morning.,H1
102806,T0102807,The Constitution isn't a suggestion. I'll defend free speech and religious liberty against any government overreach.,H1
59098,T0059099,Government doesn't create prosperity — entrepreneurs do. Let's get Washington out of the way.,H1
57105,T0057106,RT @FreeMarketForum: Border crossings surge again — where is the accountability?,H1
98653,T0098654,RT @GreenFutureFund: Turnout in this week's primaries beat 2018 levels in most counties.,H1
3845,T0003846,Met with local business owners in Harrisburg today about what they need to grow and hire.,H1
52551,T0052552,"Get politics out of the classroom and get back to reading, writing, and math.",H1
78049,T0078050,Every family deserves a safe neighborhood. Law and order is on the ballot.,H1
104025,T0104026,RT @SecondAmendmentNow: New analysis: energy mandates will raise household electric bills sharply. Voters deserve the truth.,H1
77280,T0077281,Met with law enforcement and community leaders in Springdale about keeping our neighborhoods safe.,H1
39225,T0039226,We can back the police AND demand accountability. Those aren't opposites.,H1
20179,T0020180,Washington-run healthcare means longer waits and fewer choices. I'll defend private options for GA families.,H1
9334,T0009335,RT @HeritageHorizon: Crime stats out this morning. Soft-on-crime policies have a body of evidence now — and it's damning.,H1
42527,T0042528,"Phone bank tonight at 5:30pm! Grab a coffee and join us — training provided, no experience needed.",H1
95822,T0095823,RT @FaithAndFlagDaily: REPORT: Federal regulations cost small businesses billions last year. Time to cut the red tape.,H1
11928,T0011929,RT @GreenFutureFund: REPORT: Federal regulations cost small businesses billions last year. Time to cut the red tape.,H1
31565,T0031566,Met with local business owners in Greenville today about what they need to grow and hire.,H1
8435,T0008436,Childcare costs are crushing parents in OR. My plan caps costs and invests in providers.,H1
3510,T0003511,RT @GreenFutureFund: Voter purges are quietly accelerating ahead of the midterms. We're tracking every state.,H1
7646,T0007647,Stopped by Madison Heights Elementary today. Our teachers are heroes — period.,H1
24247,T0024248,RT @WorkersUnitedHQ: ICYMI: our candidate tracker now covers every House and Senate race. Bookmark it.,H1
76769,T0076770,"New endorsement dropping tomorrow morning. Stay tuned, CA!",H1
96304,T0096305,RT @VotingRightsWatch: Debate schedule for the fall is out. Full calendar at the link.,H1
102843,T0102844,Diplomacy first. Endless wars cost MO families dearly — in lives and in dollars.,H1
41836,T0041837,Protecting our air and water isn't radical — poisoning them for profit is.,H1
54084,T0054085,"Human rights must be at the center of American foreign policy, not an afterthought.",H1
85889,T0085890,"New endorsement dropping tomorrow morning. Stay tuned, AK!",H1
13659,T0013660,RT @GreenFutureFund: Study: universal pre-K pays for itself within a decade. Pass it on.,H1
30208,T0030209,Good jobs and a fair shot — that's what this campaign is about for KS.,H1
31209,T0031210,RT @TaxpayersFirstOrg: Poll: overwhelming majority supports voter ID. This shouldn't be controversial.,H1
51101,T0051102,"The Second Amendment isn't negotiable. I'll oppose every gun grab, every time.",H1
41473,T0041474,RT @TheDailyLedgerUS: Study: universal pre-K pays for itself within a decade. Pass it on.,H1
23849,T0023850,Good jobs and a fair shot — that's what this campaign is about for LA.,H1
59489,T0059490,Inflation is a tax on every family. Washington's reckless spending has to stop.,H1
89287,T0089288,Healthcare is a human right. No one in IL should go bankrupt because they got sick.,H1
48218,T0048219,Toured the new energy facility in Fairview today. KY workers are second to none.,H1
91844,T0091845,Honored to meet with veterans in Harrisburg today. We owe them more than words.,H1
56952,T0056953,Not one more dime overseas until we take care of our own veterans here in AZ.,H1
101375,T0101376,RT @GreenFutureFund: Voter purges are quietly accelerating ahead of the midterms. We're tracking every state.,H1
10070,T0010071,"Phone bank tonight at 7pm! Grab a coffee and join us — training provided, no experience needed.",H1
58961,T0058962,Big Oil made record profits while your utility bill doubled. I'll end their subsidies.,H1
67973,T0067974,I will vote to restore Roe's protections nationwide. OH women deserve nothing less.,H1
45601,T0045602,RT @ProgressNowDaily: NEW REPORT: Corporate profits hit record highs while wages stagnate. The data is undeniable.,H1
32721,T0032722,Stopped by Greenville Elementary today. Our teachers are heroes — period.,H1
25808,T0025809,RT @GreenFutureFund: This map of clean-energy job growth should be front-page news.,H1
20026,T0020027,Dark money is drowning out NY voices. I support full disclosure of every political dollar.,H1
79489,T0079490,Parents — not bureaucrats — should decide what their kids learn. I'll fight for parental rights in every classroom.,H1
36502,T0036503,"Every family in FL deserves access to quality, affordable care. Full stop.",H1
6514,T0006515,"The climate crisis is here — CA families are paying for it in floods, fires, and insurance bills. We need clean energy now.",H1
62971,T0062972,Gun violence is a public health crisis. Prevention works — I've seen it in Alton.,H1
90643,T0090644,RT @CarePolicyProject: NEW REPORT: Corporate profits hit record highs while wages stagnate. The data is undeniable.,H1
22435,T0022436,Rural hospitals in NC are closing while insurers post record profits. That ends when we hold them accountable.,H1
60971,T0060972,"Our new ad is live. Watch it, share it, and chip in $5 if you can.",H1
7491,T0007492,Debate night. Watch live at 2pm and see the contrast for yourself.,H1
22692,T0022693,Every family deserves a safe neighborhood. Law and order is on the ballot.,H1
87701,T0087702,RT @BorderWatchNet: Debate schedule for the fall is out. Full calendar at the link.,H1
76330,T0076331,Universal background checks are supported by most gun owners. Congress's inaction is a choice — I'll make a different one.,H1
51743,T0051744,Catch-and-release is over when I get to Washington. We need real deterrence at the border.,H1
12964,T0012965,Diplomacy first. Endless wars cost NE families dearly — in lives and in dollars.,H1
70479,T0070480,Gerrymandering lets politicians pick their voters. Independent commissions would fix that.,H1
39847,T0039848,Parents — not bureaucrats — should decide what their kids learn. I'll fight for parental rights in every classroom.,H1
24581,T0024582,Join us Saturday at 7pm for a town hall in Georgetown! Doors open early — bring your questions.,H1
64551,T0064552,Visited the community health center in Harrisburg — grateful for the nurses and staff who keep it running.,H1
53891,T0053892,RT @SecondAmendmentNow: Debate schedule for the fall is out. Full calendar at the link.,H1
2997,T0002998,RT @FaithAndFlagDaily: Turnout in this week's primaries beat 2018 levels in most counties.,H1
4293,T0004294,Stopped by Millbrook Elementary today. Our teachers are heroes — period.,H1
2975,T0002976,Soft-on-crime policies have consequences. I'll fight for tougher sentences for violent offenders.,H1
19888,T0019889,Knocking doors in Lakewood with an incredible team of volunteers today. The energy is real!,H1
16167,T0016168,"Book bans don't protect kids. Librarians and teachers deserve our trust, not harassment.",H1
94377,T0094378,"Book bans don't protect kids. Librarians and teachers deserve our trust, not harassment.",H1
86047,T0086048,Price transparency and competition will lower costs faster than any government mandate.,H1
76047,T0076048,Childcare costs are crushing parents in NC. My plan caps costs and invests in providers.,H1
66264,T0066265,Our immigration system has been broken for decades. Both parties share the blame — MN deserves solutions.,H1
62140,T0062141,Talked supply chains and manufacturing with workers at the plant in Newport this morning.,H1
96049,T0096050,This issue is deeply personal for families across LA. I'll always listen first.,H1
58807,T0058808,Toured the new energy facility in Clayton today. CA workers are second to none.,H1
53528,T0053529,Stopped by Dover Plains Elementary today. Our teachers are heroes — period.,H1
64104,T0064105,"School choice gives every SC family a shot at a great education, regardless of zip code.",H1
93304,T0093305,We must balance the budget like every family in AL has to. No more blank checks.,H1
77069,T0077070,Honored to meet with veterans in Madison Heights today. We owe them more than words.,H1
31985,T0031986,This issue is deeply personal for families across FL. I'll always listen first.,H1
8092,T0008093,"Phone bank tonight at 6pm! Grab a coffee and join us — training provided, no experience needed.",H1
35130,T0035131,"Unleash American energy. Lower prices at the pump start with producing more, not begging OPEC.",H1
86787,T0086788,I respect the Second Amendment AND believe weapons of war don't belong on our streets.,H1
86067,T0086068,Join us Saturday at noon for a town hall in Alton! Doors open early — bring your questions.,H1
87095,T0087096,This issue is deeply personal for families across TN. I'll always listen first.,H1
97011,T0097012,Thank you Georgetown! Standing room only tonight. This movement is growing every single day.,H1
85669,T0085670,Met with law enforcement and community leaders in Cedar Falls about keeping our neighborhoods safe.,H1
65341,T0065342,This issue is deeply personal for families across NC. I'll always listen first.,H1
65304,T0065305,I'm a proud gun owner and I'll defend your constitutional rights in Washington.,H1
53487,T0053488,Thank you Dover Plains! Standing room only tonight. This movement is growing every single day.,H1
50123,T0050124,RT @CleanAirCoalition: BREAKING: Another state expands Medicaid — and rural hospitals immediately benefit.,H1
16188,T0016189,"Real public safety means investing in communities — mental health response, youth programs, and accountable policing.",H1
27529,T0027530,Debate night. Watch live at 5:30pm and see the contrast for yourself.,H1
40921,T0040922,Democracy works when we show up. Check your registration today — link in bio.,H1
1348,T0001349,Taxpayer dollars should never fund abortion. I'll hold that line in Congress.,H1
19025,T0019026,RT @MainStreetMonitor: ICYMI: our candidate tracker now covers every House and Senate race. Bookmark it.,H1
94048,T0094049,RT @CarePolicyProject: NEW REPORT: Corporate profits hit record highs while wages stagnate. The data is undeniable.,H1
38744,T0038745,Not one more dime overseas until we take care of our own veterans here in MI.,H1
27734,T0027735,Price transparency and competition will lower costs faster than any government mandate.,H1
17526,T0017527,We can back the police AND demand accountability. Those aren't opposites.,H1
103969,T0103970,Student debt is holding back a generation. I support relief and free community college.,H1
53317,T0053318,Honored to meet with veterans in Bremerton today. We owe them more than words.,H1
12694,T0012695,I will vote to restore Roe's protections nationwide. OH women deserve nothing less.,H1
52420,T0052421,Taxpayer dollars should never fund abortion. I'll hold that line in Congress.,H1
58139,T0058140,Patients and doctors should make health decisions — not government bureaucrats.,H1
65889,T0065890,Toured the new energy facility in Riverton today. KY workers are second to none.,H1
97034,T0097035,Visited the community health center in Lakewood — grateful for the nurses and staff who keep it running.,H1
5144,T0005145,Knocking doors in Greenville with an incredible team of volunteers today. The energy is real!,H1
59704,T0059705,Billionaires shouldn't pay a lower tax rate than teachers. Time to make the wealthy pay their fair share.,H1
52703,T0052704,RT @ProgressNowDaily: NEW REPORT: Corporate profits hit record highs while wages stagnate. The data is undeniable.,H1
17434,T0017435,RT @VotingRightsWatch: Voter purges are quietly accelerating ahead of the midterms. We're tracking every state.,H1
18439,T0018440,Price transparency and competition will lower costs faster than any government mandate.,H1
72397,T0072398,RT @TheDailyLedgerUS: New analysis: energy mandates will raise household electric bills sharply. Voters deserve the truth.,H1
90469,T0090470,Debate night. Watch live at noon and see the contrast for yourself.,H1
40089,T0040090,Our immigration system has been broken for decades. Both parties share the blame — MA deserves solutions.,H1
46197,T0046198,"Clean energy jobs are the future, and OK can lead. I'll fight for wind, solar, and battery manufacturing here at home.",H1
82863,T0082864,RT @FaithAndFlagDaily: Poll: overwhelming majority supports voter ID. This shouldn't be controversial.,H1
47313,T0047314,Met with local business owners in Riverton today about what they need to grow and hire.,H1
97836,T0097837,Voting should be easy and secure — for everyone. I'll fight voter suppression wherever it appears.,H1
49285,T0049286,RT @HeritageHorizon: REPORT: Federal regulations cost small businesses billions last year. Time to cut the red tape.,H1
49670,T0049671,"Our new ad is live. Watch it, share it, and chip in $5 if you can.",H1
66155,T0066156,Stopped by Georgetown Elementary today. Our teachers are heroes — period.,H1
71186,T0071187,Filed our FEC report: best fundraising quarter yet. Thank you to every supporter.,H1
20707,T0020708,Gerrymandering lets politicians pick their voters. Independent commissions would fix that.,H2
64376,T0064377,Good jobs and a fair shot — that's what this campaign is about for UT.,H2
36805,T0036806,I respect the Second Amendment AND believe weapons of war don't belong on our streets.,H2
102453,T0102454,Rode along with Summit officers last night. Grateful for what they do every shift.,H2
59253,T0059254,"Every family in OK deserves access to quality, affordable care. Full stop.",H2
211,T0000212,Union jobs built the middle class. I'm proud to stand with workers on the picket line in NC.,H2
98978,T0098979,Not one more dime overseas until we take care of our own veterans here in FL.,H2
82529,T0082530,Healthcare is a human right. No one in AZ should go bankrupt because they got sick.,H2
50274,T0050275,RT @FaithAndFlagDaily: REPORT: Federal regulations cost small businesses billions last year. Time to cut the red tape.,H2
73371,T0073372,RT @SecondAmendmentNow: Border crossings surge again — where is the accountability?,H2
90157,T0090158,Honored to meet with veterans in Bellview today. We owe them more than words.,H2
86826,T0086827,Dreamers are Americans in every way but paperwork. I'll vote for a pathway to citizenship.,H2
67155,T0067156,We can be good stewards of the land without strangling MN's energy workers with mandates.,H2
95460,T0095461,RT @VotingRightsWatch: This map of clean-energy job growth should be front-page news.,H2
13638,T0013639,Small businesses in KY are drowning in red tape. I'll cut job-killing regulations on day one.,H2
100248,T0100249,RT @HeartlandDispatch: ICYMI: our candidate tracker now covers every House and Senate race. Bookmark it.,H2
39119,T0039120,RT @MainStreetMonitor: REPORT: Federal regulations cost small businesses billions last year. Time to cut the red tape.,H2
66985,T0066986,Corporate consolidation is squeezing family farms and small businesses. We need real antitrust enforcement.,H2
45073,T0045074,RT @HeritageHorizon: New analysis: energy mandates will raise household electric bills sharply. Voters deserve the truth.,H2
29842,T0029843,RT @GreenFutureFund: Debate schedule for the fall is out. Full calendar at the link.,H2
86663,T0086664,Rode along with Franklin officers last night. Grateful for what they do every shift.,H2
53945,T0053946,"We just crossed 10,000 grassroots donors! Average gift: $27. This campaign is powered by people, not PACs.",H2
101523,T0101524,Price transparency and competition will lower costs faster than any government mandate.,H2
5997,T0005998,Washington-run healthcare means longer waits and fewer choices. I'll defend private options for NY families.,H2
57363,T0057364,RT @FreeMarketForum: Border crossings surge again — where is the accountability?,H2
76777,T0076778,RT @TaxpayersFirstOrg: New analysis: energy mandates will raise household electric bills sharply. Voters deserve the truth.,H2
28111,T0028112,Met with law enforcement and community leaders in Lakewood about keeping our neighborhoods safe.,H2
101924,T0101925,RT @ProgressNowDaily: Study: universal pre-K pays for itself within a decade. Pass it on.,H2
84915,T0084916,RT @VotingRightsWatch: This map of clean-energy job growth should be front-page news.,H2
86961,T0086962,Criminals don't follow gun laws — disarming law-abiding SC citizens makes us less safe.,H2
21114,T0021115,Stopped by Madison Heights Elementary today. Our teachers are heroes — period.,H2
97098,T0097099,"Book bans don't protect kids. Librarians and teachers deserve our trust, not harassment.",H2
24029,T0024030,RT @FreeMarketForum: Voter purges are quietly accelerating ahead of the midterms. We're tracking every state.,H2
47828,T0047829,Life is precious. I'll support policies that protect mothers and babies alike.,H2
55563,T0055564,Debate night. Watch live at noon and see the contrast for yourself.,H2
61613,T0061614,Washington-run healthcare means longer waits and fewer choices. I'll defend private options for TX families.,H2
78371,T0078372,Protecting our air and water isn't radical — poisoning them for profit is.,H2
81733,T0081734,Met with law enforcement and community leaders in Dover Plains about keeping our neighborhoods safe.,H2
55407,T0055408,Toured the new energy facility in Franklin today. NJ workers are second to none.,H2
67179,T0067180,Washington elites think they know better than IL voters. I trust the people.,H2
67855,T0067856,Filed our FEC report: best fundraising quarter yet. Thank you to every supporter.,H2
34123,T0034124,"Every family in NY deserves access to quality, affordable care. Full stop.",H2
76565,T0076566,RT @FreeMarketForum: REPORT: Federal regulations cost small businesses billions last year. Time to cut the red tape.,H2
70127,T0070128,Honored to meet with veterans in Harrisburg today. We owe them more than words.,H2
48131,T0048132,Debate night. Watch live at 10am and see the contrast for yourself.,H2
35872,T0035873,This issue is deeply personal for families across IA. I'll always listen first.,H2
60697,T0060698,Join us Saturday at 2pm for a town hall in Summit! Doors open early — bring your questions.,H2
50885,T0050886,Filed our FEC report: best fundraising quarter yet. Thank you to every supporter.,H2
55439,T0055440,Union jobs built the middle class. I'm proud to stand with workers on the picket line in MN.,H2
53241,T0053242,RT @ProgressNowDaily: Our latest polling roundup for the 2022 midterms is live. Key races tightening.,H2
68768,T0068769,Our immigration system has been broken for decades. Both parties share the blame — CO deserves solutions.,H2
10418,T0010419,Good jobs and a fair shot — that's what this campaign is about for NM.,H2
35630,T0035631,"Get politics out of the classroom and get back to reading, writing, and math.",H2
100325,T0100326,RT @GreenFutureFund: Poll: overwhelming majority supports voter ID. This shouldn't be controversial.,H2
71457,T0071458,"I'll fight to expand Medicaid and cap insulin costs for every patient, not just some.",H2
103882,T0103883,RT @WorkersUnitedHQ: Study: universal pre-K pays for itself within a decade. Pass it on.,H2
81709,T0081710,Gerrymandering lets politicians pick their voters. Independent commissions would fix that.,H2
52776,T0052777,Toured the new energy facility in Clayton today. CO workers are second to none.,H2
75614,T0075615,RT @SecondAmendmentNow: Poll: overwhelming majority supports voter ID. This shouldn't be controversial.,H2
58313,T0058314,Good jobs and a fair shot — that's what this campaign is about for CA.,H2
19379,T0019380,Parents — not bureaucrats — should decide what their kids learn. I'll fight for parental rights in every classroom.,H2
41615,T0041616,Corporate consolidation is squeezing family farms and small businesses. We need real antitrust enforcement.,H2
102846,T0102847,"Standing with our allies isn't weakness, it's strength. Alliances keep Americans safe.",H2
101911,T0101912,Filed our FEC report: best fundraising quarter yet. Thank you to every supporter.,H2
1034,T0001035,RT @VotingRightsWatch: BREAKING: Another state expands Medicaid — and rural hospitals immediately benefit.,H2
91281,T0091282,RT @GreenFutureFund: BREAKING: Another state expands Medicaid — and rural hospitals immediately benefit.,H2
99989,T0099990,Join us Saturday at 2pm for a town hall in Harrisburg! Doors open early — bring your questions.,H2
83339,T0083340,"Phone bank tonight at noon! Grab a coffee and join us — training provided, no experience needed.",H2
30866,T0030867,Filed our FEC report: best fundraising quarter yet. Thank you to every supporter.,H2
82055,T0082056,Honored to meet with veterans in Alton today. We owe them more than words.,H2
39826,T0039827,RT @PatriotPressWire: ICYMI: our candidate tracker now covers every House and Senate race. Bookmark it.,H2
91653,T0091654,RT @GreenFutureFund: BREAKING: Another state expands Medicaid — and rural hospitals immediately benefit.,H2
50245,T0050246,Early voting starts soon in CA. Make your plan now — every single vote counts.,H2
98871,T0098872,RT @CleanAirCoalition: This map of clean-energy job growth should be front-page news.,H2
54317,T0054318,Democracy works when we show up. Check your registration today — link in bio.,H2
79192,T0079193,Diplomacy first. Endless wars cost MT families dearly — in lives and in dollars.,H2
39712,T0039713,Election integrity matters. Voter ID is common sense and most Americans agree.,H2
83768,T0083769,RT @TaxpayersFirstOrg: Debate schedule for the fall is out. Full calendar at the link.,H2
33943,T0033944,RT @PatriotPressWire: Poll: overwhelming majority supports voter ID. This shouldn't be controversial.,H2
31747,T0031748,RT @GreenFutureFund: Turnout in this week's primaries beat 2018 levels in most counties.,H2
70833,T0070834,"Phone bank tonight at 7pm! Grab a coffee and join us — training provided, no experience needed.",H2
93777,T0093778,"New endorsement dropping tomorrow morning. Stay tuned, MI!",H2
24195,T0024196,Small businesses in GA are drowning in red tape. I'll cut job-killing regulations on day one.,H2
13072,T0013073,Stopped by Harrisburg Elementary today. Our teachers are heroes — period.,H2
5963,T0005964,Sanctuary policies put MT communities at risk. I'll end them.,H2
29196,T0029197,Join us Saturday at 10am for a town hall in Millbrook! Doors open early — bring your questions.,H2
25192,T0025193,Good jobs and a fair shot — that's what this campaign is about for PA.,H2
2375,T0002376,Knocking doors in Harrisburg with an incredible team of volunteers today. The energy is real!,H2
90051,T0090052,Billionaires shouldn't pay a lower tax rate than teachers. Time to make the wealthy pay their fair share.,H2
37790,T0037791,Stopped by Harrisburg Elementary today. Our teachers are heroes — period.,H2
15012,T0015013,Every family deserves a safe neighborhood. Law and order is on the ballot.,H2
9782,T0009783,RT @ProgressNowDaily: Poll: overwhelming majority supports voter ID. This shouldn't be controversial.,H2
89002,T0089003,RT @TheDailyLedgerUS: NEW REPORT: Corporate profits hit record highs while wages stagnate. The data is undeniable.,H2
77997,T0077998,China is eating our lunch on trade and technology. I'll put American workers first.,H2
32073,T0032074,Honored to meet with veterans in Millbrook today. We owe them more than words.,H2
88191,T0088192,RT @LibertyLedger: NEW REPORT: Corporate profits hit record highs while wages stagnate. The data is undeniable.,H2
90376,T0090377,Healthcare is a human right. No one in GA should go bankrupt because they got sick.,H2
100094,T0100095,Stopped by Greenville Elementary today. Our teachers are heroes — period.,H2
55011,T0055012,"Our new ad is live. Watch it, share it, and chip in $5 if you can.",H2
44767,T0044768,"The climate crisis is here — AZ families are paying for it in floods, fires, and insurance bills. We need clean energy now.",H2
11174,T0011175,RT @CarePolicyProject: Voter purges are quietly accelerating ahead of the midterms. We're tracking every state.,H2
22877,T0022878,RT @MainStreetMonitor: Poll: overwhelming majority supports voter ID. This shouldn't be controversial.,H2
103846,T0103847,Met with law enforcement and community leaders in Lakewood about keeping our neighborhoods safe.,H2
2826,T0002827,RT @CleanAirCoalition: BREAKING: Another state expands Medicaid — and rural hospitals immediately benefit.,H2
14403,T0014404,Big Pharma spends millions lobbying to keep prices high. I don't take their money — and I'll vote to negotiate prices.,H2
63428,T0063429,RT @GreenFutureFund: BREAKING: Another state expands Medicaid — and rural hospitals immediately benefit.,H2
37557,T0037558,We can protect people with pre-existing conditions without a big-government takeover of medicine.,H2
81560,T0081561,"Phone bank tonight at 6pm! Grab a coffee and join us — training provided, no experience needed.",H2
24413,T0024414,Stopped by Bellview Elementary today. Our teachers are heroes — period.,H2
74370,T0074371,Corporate consolidation is squeezing family farms and small businesses. We need real antitrust enforcement.,H2
81032,T0081033,RT @BorderWatchNet: Voter purges are quietly accelerating ahead of the midterms. We're tracking every state.,H2
86679,T0086680,"Happy Veterans Day from our family to yours, TN!",H2
25533,T0025534,"I'll fight to expand Medicaid and cap insulin costs for every patient, not just some.",H2
64930,T0064931,RT @PublicSquareNews: Crime stats out this morning. Soft-on-crime policies have a body of evidence now — and it's damning.,H2
20674,T0020675,RT @TaxpayersFirstOrg: New analysis: energy mandates will raise household electric bills sharply. Voters deserve the truth.,H2
8255,T0008256,"Clean energy jobs are the future, and MI can lead. I'll fight for wind, solar, and battery manufacturing here at home.",H2
46943,T0046944,RT @TaxpayersFirstOrg: New analysis: energy mandates will raise household electric bills sharply. Voters deserve the truth.,H2
49986,T0049987,Toured the new energy facility in Oak Ridge today. MD workers are second to none.,H2
85456,T0085457,Honored to meet with veterans in Georgetown today. We owe them more than words.,H2
95208,T0095209,Catch-and-release is over when I get to Washington. We need real deterrence at the border.,H2
8791,T0008792,RT @BorderWatchNet: Poll: overwhelming majority supports voter ID. This shouldn't be controversial.,H2
79322,T0079323,"Happy Thanksgiving from our family to yours, MA!",H2
24776,T0024777,We can back the police AND demand accountability. Those aren't opposites.,H2
38448,T0038449,"Immigrants power AZ's farms, hospitals, and small businesses. Our economy depends on fixing this broken system.",H2
93754,T0093755,Rode along with Oak Ridge officers last night. Grateful for what they do every shift.,H2
28542,T0028543,RT @BorderWatchNet: Border crossings surge again — where is the accountability?,H2
99911,T0099912,RT @WorkersUnitedHQ: Our latest polling roundup for the 2022 midterms is live. Key races tightening.,H2
97006,T0097007,"The Second Amendment isn't negotiable. I'll oppose every gun grab, every time.",H2
27416,T0027417,RT @SecondAmendmentNow: Debate schedule for the fall is out. Full calendar at the link.,H2
11060,T0011061,RT @FreeMarketForum: Crime stats out this morning. Soft-on-crime policies have a body of evidence now — and it's damning.,H2
10196,T0010197,Sanctuary policies put NC communities at risk. I'll end them.,H2
6914,T0006915,Yard signs are IN. Swing by the Millbrook office and grab one this weekend!,H2
11712,T0011713,"Happy New Year from our family to yours, SD!",H2
3386,T0003387,RT @CarePolicyProject: NEW REPORT: Corporate profits hit record highs while wages stagnate. The data is undeniable.,H2
37128,T0037129,This issue is deeply personal for families across FL. I'll always listen first.,H2
63207,T0063208,Every family deserves a safe neighborhood. Law and order is on the ballot.,H2
65630,T0065631,RT @TheDailyLedgerUS: Study: universal pre-K pays for itself within a decade. Pass it on.,H2
40343,T0040344,"Happy Veterans Day from our family to yours, ME!",H2
43467,T0043468,Taxpayer dollars should never fund abortion. I'll hold that line in Congress.,H2
73457,T0073458,RT @SecondAmendmentNow: Poll: overwhelming majority supports voter ID. This shouldn't be controversial.,H2
57527,T0057528,Rode along with Harrisburg officers last night. Grateful for what they do every shift.,H2
46847,T0046848,Join us Saturday at 5:30pm for a town hall in Summit! Doors open early — bring your questions.,H2
86352,T0086353,RT @GreenFutureFund: Turnout in this week's primaries beat 2018 levels in most counties.,H2
42507,T0042508,Met with local business owners in Franklin today about what they need to grow and hire.,H2
8891,T0008892,RT @VotingRightsWatch: ICYMI: our candidate tracker now covers every House and Senate race. Bookmark it.,H2
98133,T0098134,Life is precious. I'll support policies that protect mothers and babies alike.,H2
85600,T0085601,RT @CarePolicyProject: Turnout in this week's primaries beat 2018 levels in most counties.,H2
88966,T0088967,RT @ProgressNowDaily: Border crossings surge again — where is the accountability?,H2
81171,T0081172,"Human rights must be at the center of American foreign policy, not an afterthought.",H2
7759,T0007760,"Happy Fourth of July from our family to yours, UT!",H2
65732,T0065733,This issue is deeply personal for families across OH. I'll always listen first.,H2
57167,T0057168,"Phone bank tonight at 2pm! Grab a coffee and join us — training provided, no experience needed.",H2
58973,T0058974,Our immigration system has been broken for decades. Both parties share the blame — UT deserves solutions.,H2
41611,T0041612,Big Pharma spends millions lobbying to keep prices high. I don't take their money — and I'll vote to negotiate prices.,H2
76415,T0076416,Our immigration system has been broken for decades. Both parties share the blame — MD deserves solutions.,H2
18962,T0018963,Rode along with Oak Ridge officers last night. Grateful for what they do every shift.,H2
68796,T0068797,RT @CivicSignal: Study: universal pre-K pays for itself within a decade. Pass it on.,H2
72135,T0072136,Our immigration system has been broken for decades. Both parties share the blame — CT deserves solutions.,H2
30800,T0030801,RT @CleanAirCoalition: Our latest polling roundup for the 2022 midterms is live. Key races tightening.,H2
29357,T0029358,Thank you Bremerton! Standing room only tonight. This movement is growing every single day.,H2
6923,T0006924,"Get politics out of the classroom and get back to reading, writing, and math.",H2
3430,T0003431,"Phone bank tonight at 5:30pm! Grab a coffee and join us — training provided, no experience needed.",H2
4162,T0004163,Student debt is holding back a generation. I support relief and free community college.,H2
43656,T0043657,Big Pharma spends millions lobbying to keep prices high. I don't take their money — and I'll vote to negotiate prices.,H2
68440,T0068441,RT @BorderWatchNet: Poll: overwhelming majority supports voter ID. This shouldn't be controversial.,H2
19201,T0019202,Our immigration system has been broken for decades. Both parties share the blame — PA deserves solutions.,H2
65527,T0065528,"Human rights must be at the center of American foreign policy, not an afterthought.",H2
60650,T0060651,Big Pharma spends millions lobbying to keep prices high. I don't take their money — and I'll vote to negotiate prices.,H2
73719,T0073720,"Book bans don't protect kids. Librarians and teachers deserve our trust, not harassment.",H2
27629,T0027630,Catch-and-release is over when I get to Washington. We need real deterrence at the border.,H2
76878,T0076879,Student debt is holding back a generation. I support relief and free community college.,H2
80767,T0080768,RT @VotingRightsWatch: Our latest polling roundup for the 2022 midterms is live. Key races tightening.,H2
56185,T0056186,Honored to meet with veterans in Madison Heights today. We owe them more than words.,H2
7701,T0007702,RT @GreenFutureFund: NEW REPORT: Corporate profits hit record highs while wages stagnate. The data is undeniable.,H2
62571,T0062572,"Phone bank tonight at 7pm! Grab a coffee and join us — training provided, no experience needed.",H2
53892,T0053893,RT @FreeMarketForum: ICYMI: our candidate tracker now covers every House and Senate race. Bookmark it.,H2
45119,T0045120,Visited the community health center in Georgetown — grateful for the nurses and staff who keep it running.,H2
30868,T0030869,Stopped by Madison Heights Elementary today. Our teachers are heroes — period.,H2
27689,T0027690,"Family separation is a moral stain. We need humane, orderly immigration reform — not cruelty as policy.",H2
32298,T0032299,"Book bans don't protect kids. Librarians and teachers deserve our trust, not harassment.",H2
40824,T0040825,"Our new ad is live. Watch it, share it, and chip in $5 if you can.",H2
67203,T0067204,Criminals don't follow gun laws — disarming law-abiding WI citizens makes us less safe.,H2
96684,T0096685,RT @WorkersUnitedHQ: Debate schedule for the fall is out. Full calendar at the link.,H2
9310,T0009311,"New endorsement dropping tomorrow morning. Stay tuned, NJ!",H2
44267,T0044268,RT @SecondAmendmentNow: Study: universal pre-K pays for itself within a decade. Pass it on.,H2
18618,T0018619,RT @LibertyLedger: ICYMI: our candidate tracker now covers every House and Senate race. Bookmark it.,H2
72918,T0072919,Parents — not bureaucrats — should decide what their kids learn. I'll fight for parental rights in every classroom.,H2
45980,T0045981,RT @GreenFutureFund: Study: universal pre-K pays for itself within a decade. Pass it on.,H2
90843,T0090844,RT @BorderWatchNet: BREAKING: Another state expands Medicaid — and rural hospitals immediately benefit.,H2
38569,T0038570,RT @SecondAmendmentNow: New analysis: energy mandates will raise household electric bills sharply. Voters deserve the truth.,H2
85806,T0085807,Student debt is holding back a generation. I support relief and free community college.,H2
102973,T0102974,Peace through strength. A strong military is the best guarantee our enemies stay in check.,H2
84420,T0084421,RT @GreenFutureFund: Debate schedule for the fall is out. Full calendar at the link.,H2
28476,T0028477,Our immigration system has been broken for decades. Both parties share the blame — MO deserves solutions.,H2
6988,T0006989,RT @StatehouseWire: Voter purges are quietly accelerating ahead of the midterms. We're tracking every state.,H2
85946,T0085947,Working families deserve a raise. I'll fight to lift the minimum wage and rein in corporate price gouging.,H2
72412,T0072413,The radical Green agenda would crush MI jobs and spike your electric bill. I'll stop it.,H2
26763,T0026764,RT @TaxpayersFirstOrg: Crime stats out this morning. Soft-on-crime policies have a body of evidence now — and it's damning.,H2
64370,T0064371,Billionaires shouldn't pay a lower tax rate than teachers. Time to make the wealthy pay their fair share.,H2
63693,T0063694,Dark money is drowning out CA voices. I support full disclosure of every political dollar.,H2
84706,T0084707,Dark money is drowning out FL voices. I support full disclosure of every political dollar.,H2
67010,T0067011,Toured the new energy facility in Harrisburg today. CO workers are second to none.,H2
94460,T0094461,Small businesses in CO are drowning in red tape. I'll cut job-killing regulations on day one.,H2
46126,T0046127,"I'll always back the blue. Our officers in TX deserve support, not defunding.",H2
81640,T0081641,Our kids practice lockdown drills while Congress practices excuses. Enough. Pass red flag laws.,H2
53655,T0053656,RT @ProgressNowDaily: This map of clean-energy job growth should be front-page news.,H2
4384,T0004385,"Lower taxes, less government, more freedom. That's how we get MN's economy roaring again.",H2
61930,T0061931,Catch-and-release is over when I get to Washington. We need real deterrence at the border.,H2
103120,T0103121,RT @SecondAmendmentNow: Crime stats out this morning. Soft-on-crime policies have a body of evidence now — and it's damning.,H2
76281,T0076282,Union jobs built the middle class. I'm proud to stand with workers on the picket line in KS.,H2
14900,T0014901,Filed our FEC report: best fundraising quarter yet. Thank you to every supporter.,H2
30324,T0030325,RT @FreeMarketForum: ICYMI: our candidate tracker now covers every House and Senate race. Bookmark it.,H2
58277,T0058278,RT @PatriotPressWire: Poll: overwhelming majority supports voter ID. This shouldn't be controversial.,H2
55475,T0055476,Stopped by Newport Elementary today. Our teachers are heroes — period.,H2
103605,T0103606,Met with law enforcement and community leaders in Springdale about keeping our neighborhoods safe.,H2
90532,T0090533,Voting should be easy and secure — for everyone. I'll fight voter suppression wherever it appears.,H2
20509,T0020510,Our immigration system has been broken for decades. Both parties share the blame — IL deserves solutions.,H2
9881,T0009882,I am proudly pro-life and will always defend the unborn.,H2
54681,T0054682,Stopped by Millbrook Elementary today. Our teachers are heroes — period.,H2
26094,T0026095,Democracy works when we show up. Check your registration today — link in bio.,H2
50208,T0050209,This issue is deeply personal for families across MN. I'll always listen first.,H2
61273,T0061274,Debate night. Watch live at 6pm and see the contrast for yourself.,H2
45340,T0045341,Small businesses in PA are drowning in red tape. I'll cut job-killing regulations on day one.,H2
8630,T0008631,Diplomacy first. Endless wars cost TX families dearly — in lives and in dollars.,H2
56900,T0056901,RT @GreenFutureFund: This map of clean-energy job growth should be front-page news.,H2
23575,T0023576,"We just crossed 10,000 grassroots donors! Average gift: $27. This campaign is powered by people, not PACs.",H2
20351,T0020352,Knocking doors in Kingsport with an incredible team of volunteers today. The energy is real!,H2
100367,T0100368,Thank you Dover Plains! Standing room only tonight. This movement is growing every single day.,H2
46918,T0046919,Our kids practice lockdown drills while Congress practices excuses. Enough. Pass red flag laws.,H2
35504,T0035505,"School choice gives every CA family a shot at a great education, regardless of zip code.",H2
41970,T0041971,Our immigration system has been broken for decades. Both parties share the blame — MN deserves solutions.,H2
53626,T0053627,Our immigration system has been broken for decades. Both parties share the blame — VA deserves solutions.,H2
95741,T0095742,RT @FaithAndFlagDaily: Border crossings surge again — where is the accountability?,H2
64840,T0064841,RT @CleanAirCoalition: Debate schedule for the fall is out. Full calendar at the link.,H2
91331,T0091332,RT @PatriotPressWire: REPORT: Federal regulations cost small businesses billions last year. Time to cut the red tape.,H2
2810,T0002811,RT @VotingRightsWatch: This map of clean-energy job growth should be front-page news.,H2
102217,T0102218,Toured the new energy facility in Madison Heights today. NC workers are second to none.,H2
78188,T0078189,RT @TheDailyLedgerUS: Our latest polling roundup for the 2022 midterms is live. Key races tightening.,H2
10864,T0010865,Early voting starts soon in VT. Make your plan now — every single vote counts.,H2
72639,T0072640,Honored to meet with veterans in Madison Heights today. We owe them more than words.,H2
71224,T0071225,RT @PatriotPressWire: Border crossings surge again — where is the accountability?,H2
88339,T0088340,Rode along with Clayton officers last night. Grateful for what they do every shift.,H2
94758,T0094759,Thank you Harrisburg! Standing room only tonight. This movement is growing every single day.,H2
77349,T0077350,Democracy works when we show up. Check your registration today — link in bio.,H2
61281,T0061282,"Family separation is a moral stain. We need humane, orderly immigration reform — not cruelty as policy.",H2
32710,T0032711,Talked supply chains and manufacturing with workers at the plant in Cedar Falls this morning.,H2
37032,T0037033,Stopped by Millbrook Elementary today. Our teachers are heroes — period.,H2
49142,T0049143,Diplomacy first. Endless wars cost TX families dearly — in lives and in dollars.,H2
89500,T0089501,Stopped by Lakewood Elementary today. Our teachers are heroes — period.,H2
12895,T0012896,"We just crossed 50,000 grassroots donors! Average gift: $27. This campaign is powered by people, not PACs.",H2
12139,T0012140,Democracy works when we show up. Check your registration today — link in bio.,H2
33522,T0033523,We must balance the budget like every family in NH has to. No more blank checks.,H2
77403,T0077404,"Illegal immigration drives down wages for CO workers. Enforce the law, protect American jobs.",H2
53306,T0053307,"Book bans don't protect kids. Librarians and teachers deserve our trust, not harassment.",H2
38282,T0038283,Rode along with Franklin officers last night. Grateful for what they do every shift.,H2
101315,T0101316,RT @WorkersUnitedHQ: Study: universal pre-K pays for itself within a decade. Pass it on.,H2
26508,T0026509,Debate night. Watch live at 10am and see the contrast for yourself.,H2
15259,T0015260,Washington elites think they know better than IL voters. I trust the people.,H2
27059,T0027060,"I'll always back the blue. Our officers in NJ deserve support, not defunding.",H2
41046,T0041047,RT @BorderWatchNet: Turnout in this week's primaries beat 2018 levels in most counties.,H2
96513,T0096514,"Every family in PA deserves access to quality, affordable care. Full stop.",H2
55150,T0055151,RT @CarePolicyProject: Turnout in this week's primaries beat 2018 levels in most counties.,H2
30106,T0030107,"The climate crisis is here — MA families are paying for it in floods, fires, and insurance bills. We need clean energy now.",H2
97013,T0097014,RT @CleanAirCoalition: Our latest polling roundup for the 2022 midterms is live. Key races tightening.,H2
102057,T0102058,Stopped by Summit Elementary today. Our teachers are heroes — period.,H2
78068,T0078069,Good jobs and a fair shot — that's what this campaign is about for TX.,H2
44215,T0044216,Honored to meet with veterans in Summit today. We owe them more than words.,H2
60117,T0060118,I will vote to restore Roe's protections nationwide. OK women deserve nothing less.,H2
29999,T0030000,Union jobs built the middle class. I'm proud to stand with workers on the picket line in FL.,H2
46104,T0046105,RT @TheDailyLedgerUS: Turnout in this week's primaries beat 2018 levels in most counties.,H2
58383,T0058384,Taxpayer dollars should never fund abortion. I'll hold that line in Congress.,H2
49010,T0049011,Healthcare is a human right. No one in IL should go bankrupt because they got sick.,H2
3607,T0003608,RT @FaithAndFlagDaily: Border crossings surge again — where is the accountability?,H2
82841,T0082842,I respect the Second Amendment AND believe weapons of war don't belong on our streets.,H2
41014,T0041015,"We just crossed 25,000 grassroots donors! Average gift: $27. This campaign is powered by people, not PACs.",H2
71580,T0071581,RT @CleanAirCoalition: NEW REPORT: Corporate profits hit record highs while wages stagnate. The data is undeniable.,H2
31510,T0031511,"Phone bank tonight at 6pm! Grab a coffee and join us — training provided, no experience needed.",H2
90939,T0090940,"Abortion is healthcare, and healthcare decisions belong to patients — not politicians.",H2
66490,T0066491,Rode along with Alton officers last night. Grateful for what they do every shift.,H2
75796,T0075797,Dark money is drowning out WA voices. I support full disclosure of every political dollar.,H2
69739,T0069740,The Constitution isn't a suggestion. I'll defend free speech and religious liberty against any government overreach.,H2
54168,T0054169,"We just crossed 15,000 grassroots donors! Average gift: $27. This campaign is powered by people, not PACs.",H2
83414,T0083415,Rode along with Cedar Falls officers last night. Grateful for what they do every shift.,H2
16634,T0016635,We can protect people with pre-existing conditions without a big-government takeover of medicine.,H2
1245,T0001246,Met with law enforcement and community leaders in Fairview about keeping our neighborhoods safe.,H2
57137,T0057138,We must balance the budget like every family in VA has to. No more blank checks.,H2
64942,T0064943,RT @WorkersUnitedHQ: Study: universal pre-K pays for itself within a decade. Pass it on.,H2
8622,T0008623,Our immigration system has been broken for decades. Both parties share the blame — FL deserves solutions.,H2
9115,T0009116,RT @PublicSquareNews: New analysis: energy mandates will raise household electric bills sharply. Voters deserve the truth.,H2
24077,T0024078,RT @PublicSquareNews: This map of clean-energy job growth should be front-page news.,H2
24886,T0024887,RT @SecondAmendmentNow: Poll: overwhelming majority supports voter ID. This shouldn't be controversial.,H2
74514,T0074515,Diplomacy first. Endless wars cost FL families dearly — in lives and in dollars.,H2
25640,T0025641,We can back the police AND demand accountability. Those aren't opposites.,H2
46628,T0046629,RT @BorderWatchNet: ICYMI: our candidate tracker now covers every House and Senate race. Bookmark it.,H2
61456,T0061457,Knocking doors in Millbrook with an incredible team of volunteers today. The energy is real!,H2
62062,T0062063,RT @FreeMarketForum: REPORT: Federal regulations cost small businesses billions last year. Time to cut the red tape.,H2
10764,T0010765,RT @FreeMarketForum: Our latest polling roundup for the 2022 midterms is live. Key races tightening.,H2
3836,T0003837,Sanctuary policies put MI communities at risk. I'll end them.,H2
14349,T0014350,Toured the new energy facility in Riverton today. CO workers are second to none.,H2
3883,T0003884,Talked supply chains and manufacturing with workers at the plant in Springdale this morning.,H2
60704,T0060705,Early voting starts soon in WA. Make your plan now — every single vote counts.,H2
14166,T0014167,RT @CleanAirCoalition: Our latest polling roundup for the 2022 midterms is live. Key races tightening.,H2
29562,T0029563,RT @GreenFutureFund: Debate schedule for the fall is out. Full calendar at the link.,H2
3543,T0003544,Small businesses in TN are drowning in red tape. I'll cut job-killing regulations on day one.,H2
36477,T0036478,"Unleash American energy. Lower prices at the pump start with producing more, not begging OPEC.",H2
4389,T0004390,Filed our FEC report: best fundraising quarter yet. Thank you to every supporter.,H2
72747,T0072748,Politicians have no place in the exam room. I trust women.,H2
59452,T0059453,RT @MainStreetMonitor: ICYMI: our candidate tracker now covers every House and Senate race. Bookmark it.,H2
43232,T0043233,"Happy Fourth of July from our family to yours, IN!",H2
50876,T0050877,Knocking doors in Harrisburg with an incredible team of volunteers today. The energy is real!,H2
21216,T0021217,Yard signs are IN. Swing by the Summit office and grab one this weekend!,H2
45115,T0045116,Criminals don't follow gun laws — disarming law-abiding TX citizens makes us less safe.,H2
86584,T0086585,RT @PublicSquareNews: REPORT: Federal regulations cost small businesses billions last year. Time to cut the red tape.,H2
93050,T0093051,RT @WorkersUnitedHQ: NEW REPORT: Corporate profits hit record highs while wages stagnate. The data is undeniable.,H2
68436,T0068437,RT @CivicSignal: ICYMI: our candidate tracker now covers every House and Senate race. Bookmark it.,H2
26893,T0026894,Knocking doors in Alton with an incredible team of volunteers today. The energy is real!,H2
26806,T0026807,Price transparency and competition will lower costs faster than any government mandate.,H2
23730,T0023731,Universal background checks are supported by most gun owners. Congress's inaction is a choice — I'll make a different one.,H2
88791,T0088792,Working families deserve a raise. I'll fight to lift the minimum wage and rein in corporate price gouging.,H2
52566,T0052567,"Phone bank tonight at 5:30pm! Grab a coffee and join us — training provided, no experience needed.",H2
85083,T0085084,"Every family in WA deserves access to quality, affordable care. Full stop.",H2
60409,T0060410,RT @CarePolicyProject: Voter purges are quietly accelerating ahead of the midterms. We're tracking every state.,H2
104534,T0104535,"Every family in CA deserves access to quality, affordable care. Full stop.",H2
90872,T0090873,RT @StatehouseWire: Our latest polling roundup for the 2022 midterms is live. Key races tightening.,H2
68966,T0068967,Big Oil made record profits while your utility bill doubled. I'll end their subsidies.,H2
95999,T0096000,Democracy works when we show up. Check your registration today — link in bio.,H2
67314,T0067315,Union jobs built the middle class. I'm proud to stand with workers on the picket line in MN.,H2
22977,T0022978,Working families deserve a raise. I'll fight to lift the minimum wage and rein in corporate price gouging.,H2
72789,T0072790,Rode along with Alton officers last night. Grateful for what they do every shift.,H2
73520,T0073521,RT @TheDailyLedgerUS: Our latest polling roundup for the 2022 midterms is live. Key races tightening.,H2
44004,T0044005,"Our new ad is live. Watch it, share it, and chip in $5 if you can.",H2
64005,T0064006,"Immigrants power NC's farms, hospitals, and small businesses. Our economy depends on fixing this broken system.",H2
99532,T0099533,Knocking doors in Bellview with an incredible team of volunteers today. The energy is real!,H2
47449,T0047450,"The Second Amendment isn't negotiable. I'll oppose every gun grab, every time.",H2
103434,T0103435,Politicians have no place in the exam room. I trust women.,H2
62690,T0062691,Politicians have no place in the exam room. I trust women.,H2
35033,T0035034,Protecting our air and water isn't radical — poisoning them for profit is.,H2
15675,T0015676,Good jobs and a fair shot — that's what this campaign is about for TX.,H2
91695,T0091696,This issue is deeply personal for families across TX. I'll always listen first.,H2
3742,T0003743,This issue is deeply personal for families across WV. I'll always listen first.,H2
6777,T0006778,Yard signs are IN. Swing by the Greenville office and grab one this weekend!,H2
874,T0000875,RT @SecondAmendmentNow: Poll: overwhelming majority supports voter ID. This shouldn't be controversial.,H2
21853,T0021854,RT @LibertyLedger: Debate schedule for the fall is out. Full calendar at the link.,H2
102513,T0102514,"The climate crisis is here — NJ families are paying for it in floods, fires, and insurance bills. We need clean energy now.",H2
52344,T0052345,"Real public safety means investing in communities — mental health response, youth programs, and accountable policing.",H2
2022,T0002023,Our immigration system has been broken for decades. Both parties share the blame — AZ deserves solutions.,H2
1955,T0001956,RT @CleanAirCoalition: NEW REPORT: Corporate profits hit record highs while wages stagnate. The data is undeniable.,H2
27180,T0027181,Election integrity matters. Voter ID is common sense and most Americans agree.,H2
56321,T0056322,China is eating our lunch on trade and technology. I'll put American workers first.,H2
15009,T0015010,Our immigration system has been broken for decades. Both parties share the blame — MN deserves solutions.,H2
45810,T0045811,"New endorsement dropping tomorrow morning. Stay tuned, CA!",H2
3795,T0003796,Washington-run healthcare means longer waits and fewer choices. I'll defend private options for AR families.,H2
86216,T0086217,RT @FaithAndFlagDaily: REPORT: Federal regulations cost small businesses billions last year. Time to cut the red tape.,H2
58428,T0058429,"Family separation is a moral stain. We need humane, orderly immigration reform — not cruelty as policy.",H2
93306,T0093307,RT @SecondAmendmentNow: Poll: overwhelming majority supports voter ID. This shouldn't be controversial.,H2
34435,T0034436,Join us Saturday at 5:30pm for a town hall in Millbrook! Doors open early — bring your questions.,H2
77701,T0077702,Toured the new energy facility in Harrisburg today. UT workers are second to none.,H2
40229,T0040230,Met with local business owners in Cedar Falls today about what they need to grow and hire.,H2
27437,T0027438,Gun violence is a public health crisis. Prevention works — I've seen it in Cedar Falls.,H2
100747,T0100748,Government doesn't create prosperity — entrepreneurs do. Let's get Washington out of the way.,H2
45001,T0045002,This issue is deeply personal for families across NY. I'll always listen first.,H2
5982,T0005983,Protecting our air and water isn't radical — poisoning them for profit is.,H2
4911,T0004912,Toured the new energy facility in Madison Heights today. AZ workers are second to none.,H2
96651,T0096652,"Happy Memorial Day from our family to yours, TX!",H2
12745,T0012746,Criminals don't follow gun laws — disarming law-abiding OH citizens makes us less safe.,H2
61016,T0061017,RT @FaithAndFlagDaily: Poll: overwhelming majority supports voter ID. This shouldn't be controversial.,H2
7820,T0007821,RT @ProgressNowDaily: NEW REPORT: Corporate profits hit record highs while wages stagnate. The data is undeniable.,H2
59742,T0059743,"Every family in OH deserves access to quality, affordable care. Full stop.",H2
78473,T0078474,RT @CleanAirCoalition: Voter purges are quietly accelerating ahead of the midterms. We're tracking every state.,H2
44074,T0044075,"Happy Labor Day from our family to yours, GA!",H2
63312,T0063313,RT @TheDailyLedgerUS: ICYMI: our candidate tracker now covers every House and Senate race. Bookmark it.,H2
75711,T0075712,Democracy works when we show up. Check your registration today — link in bio.,H2
48573,T0048574,Rural hospitals in WA are closing while insurers post record profits. That ends when we hold them accountable.,H2
51975,T0051976,"Human rights must be at the center of American foreign policy, not an afterthought.",H2
64709,T0064710,Talked supply chains and manufacturing with workers at the plant in Riverton this morning.,H2
29933,T0029934,Government doesn't create prosperity — entrepreneurs do. Let's get Washington out of the way.,H2
35697,T0035698,RT @VotingRightsWatch: Poll: overwhelming majority supports voter ID. This shouldn't be controversial.,H2
4488,T0004489,Our immigration system has been broken for decades. Both parties share the blame — PA deserves solutions.,H2
2951,T0002952,This issue is deeply personal for families across NJ. I'll always listen first.,H2
104507,T0104508,RT @FaithAndFlagDaily: Border crossings surge again — where is the accountability?,H2
78735,T0078736,Our immigration system has been broken for decades. Both parties share the blame — NE deserves solutions.,H2
96139,T0096140,RT @CarePolicyProject: This map of clean-energy job growth should be front-page news.,H2
48045,T0048046,Our immigration system has been broken for decades. Both parties share the blame — NV deserves solutions.,H2
8201,T0008202,RT @MainStreetMonitor: BREAKING: Another state expands Medicaid — and rural hospitals immediately benefit.,H2
57465,T0057466,"Unleash American energy. Lower prices at the pump start with producing more, not begging OPEC.",H2
31420,T0031421,"Illegal immigration drives down wages for MT workers. Enforce the law, protect American jobs.",H2
50523,T0050524,RT @CleanAirCoalition: Voter purges are quietly accelerating ahead of the midterms. We're tracking every state.,H2
57917,T0057918,Join us Saturday at 7pm for a town hall in Springdale! Doors open early — bring your questions.,H2
47116,T0047117,"I'll fight to expand Medicaid and cap insulin costs for every patient, not just some.",H2
94620,T0094621,RT @LibertyLedger: REPORT: Federal regulations cost small businesses billions last year. Time to cut the red tape.,H2
87969,T0087970,"Lower taxes, less government, more freedom. That's how we get MD's economy roaring again.",H2
87798,T0087799,RT @TaxpayersFirstOrg: Poll: overwhelming majority supports voter ID. This shouldn't be controversial.,H2
35112,T0035113,This issue is deeply personal for families across AZ. I'll always listen first.,H2
43903,T0043904,RT @PatriotPressWire: Turnout in this week's primaries beat 2018 levels in most counties.,H2
19890,T0019891,Early voting starts soon in UT. Make your plan now — every single vote counts.,H2
51024,T0051025,RT @TheDailyLedgerUS: Voter purges are quietly accelerating ahead of the midterms. We're tracking every state.,H2
17657,T0017658,"We just crossed 20,000 grassroots donors! Average gift: $27. This campaign is powered by people, not PACs.",H2
70382,T0070383,Honored to meet with veterans in Summit today. We owe them more than words.,H2
88048,T0088049,I'm a proud gun owner and I'll defend your constitutional rights in Washington.,H2
71073,T0071074,RT @FaithAndFlagDaily: Turnout in this week's primaries beat 2018 levels in most counties.,H2
83336,T0083337,China is eating our lunch on trade and technology. I'll put American workers first.,H2
102804,T0102805,Rode along with Georgetown officers last night. Grateful for what they do every shift.,H2
11473,T0011474,RT @SecondAmendmentNow: New analysis: energy mandates will raise household electric bills sharply. Voters deserve the truth.,H2
27651,T0027652,RT @WorkersUnitedHQ: Border crossings surge again — where is the accountability?,H2
96158,T0096159,Our kids practice lockdown drills while Congress practices excuses. Enough. Pass red flag laws.,H2
53750,T0053751,Early voting starts soon in NY. Make your plan now — every single vote counts.,H2
81939,T0081940,Corporate consolidation is squeezing family farms and small businesses. We need real antitrust enforcement.,H2
99453,T0099454,Met with law enforcement and community leaders in Madison Heights about keeping our neighborhoods safe.,H2
59345,T0059346,RT @ProgressNowDaily: Voter purges are quietly accelerating ahead of the midterms. We're tracking every state.,H2
66268,T0066269,Honored to meet with veterans in Alton today. We owe them more than words.,H2
25971,T0025972,I will vote to restore Roe's protections nationwide. OR women deserve nothing less.,H2
1087,T0001088,Yard signs are IN. Swing by the Fairview office and grab one this weekend!,H2
77233,T0077234,Billionaires shouldn't pay a lower tax rate than teachers. Time to make the wealthy pay their fair share.,H2
20580,T0020581,Gerrymandering lets politicians pick their voters. Independent commissions would fix that.,H2
67737,T0067738,"Abortion is healthcare, and healthcare decisions belong to patients — not politicians.",H2
36234,T0036235,"I'll always back the blue. Our officers in NM deserve support, not defunding.",H2
244,T0000245,Good jobs and a fair shot — that's what this campaign is about for FL.,H2
97177,T0097178,"Lower taxes, less government, more freedom. That's how we get SC's economy roaring again.",H2
37068,T0037069,RT @WorkersUnitedHQ: Turnout in this week's primaries beat 2018 levels in most counties.,H2
8352,T0008353,China is eating our lunch on trade and technology. I'll put American workers first.,H2
48843,T0048844,RT @LibertyLedger: New analysis: energy mandates will raise household electric bills sharply. Voters deserve the truth.,H2
19855,T0019856,I will vote to restore Roe's protections nationwide. IL women deserve nothing less.,H2
35873,T0035874,Met with law enforcement and community leaders in Bremerton about keeping our neighborhoods safe.,H2
39397,T0039398,Government doesn't create prosperity — entrepreneurs do. Let's get Washington out of the way.,H2
104129,T0104130,I'm a proud gun owner and I'll defend your constitutional rights in Washington.,H2
77164,T0077165,RT @WorkersUnitedHQ: Our latest polling roundup for the 2022 midterms is live. Key races tightening.,H2
13561,T0013562,"Phone bank tonight at 5:30pm! Grab a coffee and join us — training provided, no experience needed.",H2
77937,T0077938,I respect the Second Amendment AND believe weapons of war don't belong on our streets.,H2
65614,T0065615,Childcare costs are crushing parents in ID. My plan caps costs and invests in providers.,H2
73075,T0073076,Join us Saturday at 10am for a town hall in Newport! Doors open early — bring your questions.,H2
26179,T0026180,"Phone bank tonight at 7pm! Grab a coffee and join us — training provided, no experience needed.",H2
33144,T0033145,Toured the new energy facility in Madison Heights today. AR workers are second to none.,H2
44958,T0044959,"Every family in WY deserves access to quality, affordable care. Full stop.",H2
74056,T0074057,RT @MainStreetMonitor: Our latest polling roundup for the 2022 midterms is live. Key races tightening.,H2
50479,T0050480,Met with law enforcement and community leaders in Dover Plains about keeping our neighborhoods safe.,H2
12831,T0012832,Catch-and-release is over when I get to Washington. We need real deterrence at the border.,H2
38589,T0038590,RT @MainStreetMonitor: Turnout in this week's primaries beat 2018 levels in most counties.,H2
82491,T0082492,"Immigrants power TX's farms, hospitals, and small businesses. Our economy depends on fixing this broken system.",H2
17167,T0017168,Secure the border. Period. I'll fund the wall and back our Border Patrol agents 100%.,H2
99699,T0099700,RT @VotingRightsWatch: ICYMI: our candidate tracker now covers every House and Senate race. Bookmark it.,H2
23083,T0023084,Our immigration system has been broken for decades. Both parties share the blame — AR deserves solutions.,H2
42655,T0042656,"We just crossed 20,000 grassroots donors! Average gift: $27. This campaign is powered by people, not PACs.",H2
22871,T0022872,Met with law enforcement and community leaders in Bremerton about keeping our neighborhoods safe.,H2
24362,T0024363,"Standing with our allies isn't weakness, it's strength. Alliances keep Americans safe.",H2
87107,T0087108,This issue is deeply personal for families across FL. I'll always listen first.,H2
58572,T0058573,Visited the community health center in Greenville — grateful for the nurses and staff who keep it running.,H2
44176,T0044177,Talked supply chains and manufacturing with workers at the plant in Greenville this morning.,H2
97294,T0097295,RT @CleanAirCoalition: Study: universal pre-K pays for itself within a decade. Pass it on.,H2
10355,T0010356,Rural hospitals in WA are closing while insurers post record profits. That ends when we hold them accountable.,H2
46800,T0046801,RT @CleanAirCoalition: Voter purges are quietly accelerating ahead of the midterms. We're tracking every state.,H2
21143,T0021144,Working families deserve a raise. I'll fight to lift the minimum wage and rein in corporate price gouging.,H2
88226,T0088227,"American energy independence means drilling here, mining here, and building pipelines here.",H2
49447,T0049448,Peace through strength. A strong military is the best guarantee our enemies stay in check.,H2
86335,T0086336,We can protect people with pre-existing conditions without a big-government takeover of medicine.,H2
70615,T0070616,RT @CarePolicyProject: New analysis: energy mandates will raise household electric bills sharply. Voters deserve the truth.,H2
99151,T0099152,Catch-and-release is over when I get to Washington. We need real deterrence at the border.,H2
95923,T0095924,"Our new ad is live. Watch it, share it, and chip in $5 if you can.",H2
42100,T0042101,RT @BorderWatchNet: Crime stats out this morning. Soft-on-crime policies have a body of evidence now — and it's damning.,H2
86148,T0086149,"Abortion is healthcare, and healthcare decisions belong to patients — not politicians.",H2
100569,T0100570,"Phone bank tonight at 7pm! Grab a coffee and join us — training provided, no experience needed.",H2
81902,T0081903,This issue is deeply personal for families across NY. I'll always listen first.,H2
65606,T0065607,Rural hospitals in NV are closing while insurers post record profits. That ends when we hold them accountable.,H2
85920,T0085921,RT @FreeMarketForum: Debate schedule for the fall is out. Full calendar at the link.,H2
25700,T0025701,Toured the new energy facility in Greenville today. MI workers are second to none.,H2
26809,T0026810,"Our new ad is live. Watch it, share it, and chip in $5 if you can.",H2
60162,T0060163,Stopped by Fairview Elementary today. Our teachers are heroes — period.,H2
47040,T0047041,Visited the community health center in Newport — grateful for the nurses and staff who keep it running.,H2
80945,T0080946,Toured the new energy facility in Greenville today. MN workers are second to none.,H2
32723,T0032724,Corporate consolidation is squeezing family farms and small businesses. We need real antitrust enforcement.,H2
29011,T0029012,Student debt is holding back a generation. I support relief and free community college.,H2
40387,T0040388,RT @WorkersUnitedHQ: This map of clean-energy job growth should be front-page news.,H2
72739,T0072740,Rural hospitals in FL are closing while insurers post record profits. That ends when we hold them accountable.,H2
102397,T0102398,"Happy Veterans Day from our family to yours, OK!",H2
31897,T0031898,Catch-and-release is over when I get to Washington. We need real deterrence at the border.,H2
61719,T0061720,Catch-and-release is over when I get to Washington. We need real deterrence at the border.,H2
70883,T0070884,Yard signs are IN. Swing by the Riverton office and grab one this weekend!,H2
7065,T0007066,"Abortion is healthcare, and healthcare decisions belong to patients — not politicians.",H2
14895,T0014896,Working families deserve a raise. I'll fight to lift the minimum wage and rein in corporate price gouging.,H2
23252,T0023253,"New endorsement dropping tomorrow morning. Stay tuned, NY!",H2
8030,T0008031,We can protect people with pre-existing conditions without a big-government takeover of medicine.,H2
24926,T0024927,Thank you Franklin! Standing room only tonight. This movement is growing every single day.,H2
75649,T0075650,"New endorsement dropping tomorrow morning. Stay tuned, FL!",H2
11377,T0011378,Every family deserves a safe neighborhood. Law and order is on the ballot.,H2
23939,T0023940,RT @SecondAmendmentNow: New analysis: energy mandates will raise household electric bills sharply. Voters deserve the truth.,H2
66015,T0066016,I am proudly pro-life and will always defend the unborn.,H2
26012,T0026013,We must balance the budget like every family in NV has to. No more blank checks.,H2
89378,T0089379,Universal background checks are supported by most gun owners. Congress's inaction is a choice — I'll make a different one.,H2
25651,T0025652,Student debt is holding back a generation. I support relief and free community college.,H2
80186,T0080187,This issue is deeply personal for families across OH. I'll always listen first.,H2
90557,T0090558,Protecting our air and water isn't radical — poisoning them for profit is.,H2
90937,T0090938,Inflation is a tax on every family. Washington's reckless spending has to stop.,H2
13168,T0013169,Sanctuary policies put RI communities at risk. I'll end them.,H2
26131,T0026132,Honored to meet with veterans in Bellview today. We owe them more than words.,H2
30378,T0030379,"Every family in NC deserves access to quality, affordable care. Full stop.",H2
39717,T0039718,RT @GreenFutureFund: Border crossings surge again — where is the accountability?,H2
43739,T0043740,Visited the community health center in Harrisburg — grateful for the nurses and staff who keep it running.,H2
44080,T0044081,Dark money is drowning out PA voices. I support full disclosure of every political dollar.,H2
72119,T0072120,Toured the new energy facility in Springdale today. MD workers are second to none.,H2
33014,T0033015,RT @CleanAirCoalition: Turnout in this week's primaries beat 2018 levels in most counties.,H2
45024,T0045025,I am proudly pro-life and will always defend the unborn.,H2
49188,T0049189,Met with law enforcement and community leaders in Cedar Falls about keeping our neighborhoods safe.,H2
59057,T0059058,Voting should be easy and secure — for everyone. I'll fight voter suppression wherever it appears.,H2
33864,T0033865,Student debt is holding back a generation. I support relief and free community college.,H2
70609,T0070610,RT @BorderWatchNet: Our latest polling roundup for the 2022 midterms is live. Key races tightening.,H2
2283,T0002284,Talked supply chains and manufacturing with workers at the plant in Clayton this morning.,H2
94949,T0094950,Democracy works when we show up. Check your registration today — link in bio.,H2
42616,T0042617,RT @ProgressNowDaily: This map of clean-energy job growth should be front-page news.,H2
406,T0000407,"Illegal immigration drives down wages for RI workers. Enforce the law, protect American jobs.",H2
87744,T0087745,RT @FreeMarketForum: REPORT: Federal regulations cost small businesses billions last year. Time to cut the red tape.,H2
14437,T0014438,China is eating our lunch on trade and technology. I'll put American workers first.,H2
88104,T0088105,"I'll always back the blue. Our officers in MA deserve support, not defunding.",H2
96298,T0096299,RT @StatehouseWire: Study: universal pre-K pays for itself within a decade. Pass it on.,H2
1505,T0001506,Yard signs are IN. Swing by the Alton office and grab one this weekend!,H2
72014,T0072015,Washington-run healthcare means longer waits and fewer choices. I'll defend private options for CA families.,H2
2935,T0002936,Life is precious. I'll support policies that protect mothers and babies alike.,H2
90845,T0090846,RT @FaithAndFlagDaily: Crime stats out this morning. Soft-on-crime policies have a body of evidence now — and it's damning.,H2
38235,T0038236,"Every family in CA deserves access to quality, affordable care. Full stop.",H2
96865,T0096866,Stopped by Summit Elementary today. Our teachers are heroes — period.,H2
65115,T0065116,Every family deserves a safe neighborhood. Law and order is on the ballot.,H2
50084,T0050085,RT @CleanAirCoalition: ICYMI: our candidate tracker now covers every House and Senate race. Bookmark it.,H2
101820,T0101821,Childcare costs are crushing parents in NE. My plan caps costs and invests in providers.,H2
59460,T0059461,Rode along with Fairview officers last night. Grateful for what they do every shift.,H2
52374,T0052375,RT @WorkersUnitedHQ: Voter purges are quietly accelerating ahead of the midterms. We're tracking every state.,H2
41755,T0041756,Thank you Madison Heights! Standing room only tonight. This movement is growing every single day.,H2
75795,T0075796,"Real public safety means investing in communities — mental health response, youth programs, and accountable policing.",H2
89036,T0089037,Debate night. Watch live at 10am and see the contrast for yourself.,H2
72331,T0072332,RT @VotingRightsWatch: Turnout in this week's primaries beat 2018 levels in most counties.,H2
69190,T0069191,Voting should be easy and secure — for everyone. I'll fight voter suppression wherever it appears.,H2
10952,T0010953,RT @ProgressNowDaily: Debate schedule for the fall is out. Full calendar at the link.,H2
52873,T0052874,The radical Green agenda would crush LA jobs and spike your electric bill. I'll stop it.,H2
38292,T0038293,RT @CarePolicyProject: Our latest polling roundup for the 2022 midterms is live. Key races tightening.,H2
57672,T0057673,Our immigration system has been broken for decades. Both parties share the blame — CT deserves solutions.,H2
50669,T0050670,"Abortion is healthcare, and healthcare decisions belong to patients — not politicians.",H2
70600,T0070601,RT @MainStreetMonitor: Debate schedule for the fall is out. Full calendar at the link.,H2
22119,T0022120,Price transparency and competition will lower costs faster than any government mandate.,H2
66793,T0066794,Stopped by Lakewood Elementary today. Our teachers are heroes — period.,H2
63939,T0063940,Met with law enforcement and community leaders in Bellview about keeping our neighborhoods safe.,H2
56429,T0056430,Student debt is holding back a generation. I support relief and free community college.,H2
34465,T0034466,"Happy Fourth of July from our family to yours, IL!",H2
69861,T0069862,Rural hospitals in AL are closing while insurers post record profits. That ends when we hold them accountable.,H2
34959,T0034960,Gerrymandering lets politicians pick their voters. Independent commissions would fix that.,H2
23880,T0023881,Rode along with Springdale officers last night. Grateful for what they do every shift.,H2
91391,T0091392,"Every family in CA deserves access to quality, affordable care. Full stop.",H2
83229,T0083230,RT @CleanAirCoalition: Voter purges are quietly accelerating ahead of the midterms. We're tracking every state.,H2
43560,T0043561,Rode along with Madison Heights officers last night. Grateful for what they do every shift.,H2
62599,T0062600,Democracy works when we show up. Check your registration today — link in bio.,H2
15782,T0015783,RT @VotingRightsWatch: Voter purges are quietly accelerating ahead of the midterms. We're tracking every state.,H2
37012,T0037013,I'm a proud gun owner and I'll defend your constitutional rights in Washington.,H2
48202,T0048203,Big Pharma spends millions lobbying to keep prices high. I don't take their money — and I'll vote to negotiate prices.,H2
13387,T0013388,Join us Saturday at 6pm for a town hall in Fairview! Doors open early — bring your questions.,H2
75409,T0075410,Yard signs are IN. Swing by the Riverton office and grab one this weekend!,H2
71540,T0071541,"Every family in LA deserves access to quality, affordable care. Full stop.",H2
2690,T0002691,RT @TheDailyLedgerUS: NEW REPORT: Corporate profits hit record highs while wages stagnate. The data is undeniable.,H2
90367,T0090368,RT @StatehouseWire: REPORT: Federal regulations cost small businesses billions last year. Time to cut the red tape.,H2
80028,T0080029,Toured the new energy facility in Oak Ridge today. MO workers are second to none.,H2
22852,T0022853,This issue is deeply personal for families across NJ. I'll always listen first.,H2
31825,T0031826,Parents — not bureaucrats — should decide what their kids learn. I'll fight for parental rights in every classroom.,H2
33438,T0033439,"American energy independence means drilling here, mining here, and building pipelines here.",H2
24945,T0024946,Debate night. Watch live at 2pm and see the contrast for yourself.,H2
64839,T0064840,RT @LibertyLedger: Debate schedule for the fall is out. Full calendar at the link.,H2
66294,T0066295,Met with law enforcement and community leaders in Franklin about keeping our neighborhoods safe.,H2
63070,T0063071,RT @FaithAndFlagDaily: BREAKING: Another state expands Medicaid — and rural hospitals immediately benefit.,H2
42371,T0042372,Working families deserve a raise. I'll fight to lift the minimum wage and rein in corporate price gouging.,H2
68068,T0068069,RT @GreenFutureFund: Voter purges are quietly accelerating ahead of the midterms. We're tracking every state.,H2
8693,T0008694,This issue is deeply personal for families across WY. I'll always listen first.,H2
96803,T0096804,RT @ProgressNowDaily: Debate schedule for the fall is out. Full calendar at the link.,H2
47123,T0047124,Rode along with Georgetown officers last night. Grateful for what they do every shift.,H2
50697,T0050698,Government doesn't create prosperity — entrepreneurs do. Let's get Washington out of the way.,H2
40628,T0040629,RT @SecondAmendmentNow: This map of clean-energy job growth should be front-page news.,H2
47996,T0047997,RT @StatehouseWire: ICYMI: our candidate tracker now covers every House and Senate race. Bookmark it.,H2
12091,T0012092,Good jobs and a fair shot — that's what this campaign is about for VT.,H2
96404,T0096405,This issue is deeply personal for families across MO. I'll always listen first.,H2
27779,T0027780,Politicians have no place in the exam room. I trust women.,H2
30419,T0030420,Secure the border. Period. I'll fund the wall and back our Border Patrol agents 100%.,H2
28110,T0028111,Knocking doors in Bellview with an incredible team of volunteers today. The energy is real!,H2
13292,T0013293,Toured the new energy facility in Summit today. LA workers are second to none.,H2
36048,T0036049,Early voting starts soon in OR. Make your plan now — every single vote counts.,H2
66343,T0066344,Met with local business owners in Franklin today about what they need to grow and hire.,H2
74688,T0074689,This issue is deeply personal for families across NY. I'll always listen first.,H2
49103,T0049104,Stopped by Dover Plains Elementary today. Our teachers are heroes — period.,H2
69287,T0069288,China is eating our lunch on trade and technology. I'll put American workers first.,H2
72481,T0072482,"Every kid in CA deserves a great public school — fully funded, with teachers paid what they're worth.",H2
19817,T0019818,RT @CarePolicyProject: BREAKING: Another state expands Medicaid — and rural hospitals immediately benefit.,H2
90948,T0090949,RT @HeartlandDispatch: Voter purges are quietly accelerating ahead of the midterms. We're tracking every state.,H2
104438,T0104439,RT @VotingRightsWatch: NEW REPORT: Corporate profits hit record highs while wages stagnate. The data is undeniable.,H2
83697,T0083698,I'm a proud gun owner and I'll defend your constitutional rights in Washington.,H2
104090,T0104091,"Every family in LA deserves access to quality, affordable care. Full stop.",H2
25031,T0025032,"I'll always back the blue. Our officers in NY deserve support, not defunding.",H2
87552,T0087553,Sanctuary policies put CA communities at risk. I'll end them.,H2
26655,T0026656,"Standing with our allies isn't weakness, it's strength. Alliances keep Americans safe.",H2
70981,T0070982,Gun violence is a public health crisis. Prevention works — I've seen it in Millbrook.,H2
97579,T0097580,Billionaires shouldn't pay a lower tax rate than teachers. Time to make the wealthy pay their fair share.,H2
80288,T0080289,Met with local business owners in Oak Ridge today about what they need to grow and hire.,H2
87743,T0087744,"Get politics out of the classroom and get back to reading, writing, and math.",H2
90114,T0090115,Good jobs and a fair shot — that's what this campaign is about for TN.,H2
28077,T0028078,RT @HeritageHorizon: Debate schedule for the fall is out. Full calendar at the link.,H2
53023,T0053024,Talked supply chains and manufacturing with workers at the plant in Dover Plains this morning.,H2
16580,T0016581,Every family deserves a safe neighborhood. Law and order is on the ballot.,H2
88062,T0088063,RT @ProgressNowDaily: BREAKING: Another state expands Medicaid — and rural hospitals immediately benefit.,H2
85663,T0085664,Talked supply chains and manufacturing with workers at the plant in Riverton this morning.,H2
91687,T0091688,RT @StatehouseWire: BREAKING: Another state expands Medicaid — and rural hospitals immediately benefit.,H2
54539,T0054540,Met with local business owners in Bremerton today about what they need to grow and hire.,H2
16722,T0016723,RT @SecondAmendmentNow: Turnout in this week's primaries beat 2018 levels in most counties.,H2
75132,T0075133,"Standing with our allies isn't weakness, it's strength. Alliances keep Americans safe.",H2
31454,T0031455,RT @CleanAirCoalition: NEW REPORT: Corporate profits hit record highs while wages stagnate. The data is undeniable.,H2
56527,T0056528,Debate night. Watch live at 7pm and see the contrast for yourself.,H2
46890,T0046891,RT @HeritageHorizon: Turnout in this week's primaries beat 2018 levels in most counties.,H2
47517,T0047518,Met with law enforcement and community leaders in Cedar Falls about keeping our neighborhoods safe.,H2
36949,T0036950,RT @CarePolicyProject: Debate schedule for the fall is out. Full calendar at the link.,H2
82259,T0082260,RT @TheDailyLedgerUS: Our latest polling roundup for the 2022 midterms is live. Key races tightening.,H2
5127,T0005128,"Happy Thanksgiving from our family to yours, FL!",H2
47417,T0047418,Soft-on-crime policies have consequences. I'll fight for tougher sentences for violent offenders.,H2
23343,T0023344,RT @TaxpayersFirstOrg: New analysis: energy mandates will raise household electric bills sharply. Voters deserve the truth.,H2
13920,T0013921,RT @CleanAirCoalition: Study: universal pre-K pays for itself within a decade. Pass it on.,H2
60059,T0060060,Democracy works when we show up. Check your registration today — link in bio.,H2
66510,T0066511,"The climate crisis is here — FL families are paying for it in floods, fires, and insurance bills. We need clean energy now.",H2
23779,T0023780,RT @TaxpayersFirstOrg: New analysis: energy mandates will raise household electric bills sharply. Voters deserve the truth.,H2
10820,T0010821,Gerrymandering lets politicians pick their voters. Independent commissions would fix that.,H2
1206,T0001207,RT @CarePolicyProject: Voter purges are quietly accelerating ahead of the midterms. We're tracking every state.,H2
64495,T0064496,Yard signs are IN. Swing by the Springdale office and grab one this weekend!,H2
84884,T0084885,"Our new ad is live. Watch it, share it, and chip in $5 if you can.",H2
80351,T0080352,Healthcare is a human right. No one in GA should go bankrupt because they got sick.,H2
8804,T0008805,"Our new ad is live. Watch it, share it, and chip in $5 if you can.",H2
11398,T0011399,Our immigration system has been broken for decades. Both parties share the blame — MA deserves solutions.,H2
102906,T0102907,Rode along with Lakewood officers last night. Grateful for what they do every shift.,H2
69150,T0069151,Toured the new energy facility in Harrisburg today. NC workers are second to none.,H2
67921,T0067922,Billionaires shouldn't pay a lower tax rate than teachers. Time to make the wealthy pay their fair share.,H2
78689,T0078690,RT @GreenFutureFund: Voter purges are quietly accelerating ahead of the midterms. We're tracking every state.,H2
34332,T0034333,Voting should be easy and secure — for everyone. I'll fight voter suppression wherever it appears.,H2
61219,T0061220,Billionaires shouldn't pay a lower tax rate than teachers. Time to make the wealthy pay their fair share.,H2
7332,T0007333,Protecting our air and water isn't radical — poisoning them for profit is.,H2
51396,T0051397,Our immigration system has been broken for decades. Both parties share the blame — CA deserves solutions.,H2
49943,T0049944,Honored to meet with veterans in Lakewood today. We owe them more than words.,H2
83027,T0083028,RT @HeritageHorizon: Crime stats out this morning. Soft-on-crime policies have a body of evidence now — and it's damning.,H2
10632,T0010633,Early voting starts soon in NC. Make your plan now — every single vote counts.,H2
104509,T0104510,RT @TheDailyLedgerUS: Turnout in this week's primaries beat 2018 levels in most counties.,H2
21370,T0021371,RT @MainStreetMonitor: Debate schedule for the fall is out. Full calendar at the link.,H2
13791,T0013792,RT @CivicSignal: Turnout in this week's primaries beat 2018 levels in most counties.,H2
57761,T0057762,Early voting starts soon in WA. Make your plan now — every single vote counts.,H2
61660,T0061661,RT @WorkersUnitedHQ: ICYMI: our candidate tracker now covers every House and Senate race. Bookmark it.,H2
27443,T0027444,Government doesn't create prosperity — entrepreneurs do. Let's get Washington out of the way.,H2
90444,T0090445,RT @HeartlandDispatch: This map of clean-energy job growth should be front-page news.,H2
30166,T0030167,Good jobs and a fair shot — that's what this campaign is about for WA.,H2
14070,T0014071,"Happy Thanksgiving from our family to yours, MO!",H2
82926,T0082927,Stopped by Alton Elementary today. Our teachers are heroes — period.,H2
20460,T0020461,This issue is deeply personal for families across TX. I'll always listen first.,H2
80230,T0080231,RT @TheDailyLedgerUS: Study: universal pre-K pays for itself within a decade. Pass it on.,H2
101247,T0101248,Voting should be easy and secure — for everyone. I'll fight voter suppression wherever it appears.,H2
54262,T0054263,Met with local business owners in Millbrook today about what they need to grow and hire.,H2
24371,T0024372,Government doesn't create prosperity — entrepreneurs do. Let's get Washington out of the way.,H2
76635,T0076636,We can protect people with pre-existing conditions without a big-government takeover of medicine.,H2
19872,T0019873,"Get politics out of the classroom and get back to reading, writing, and math.",H2
45233,T0045234,"Standing with our allies isn't weakness, it's strength. Alliances keep Americans safe.",H2
60384,T0060385,"Abortion is healthcare, and healthcare decisions belong to patients — not politicians.",H2
35323,T0035324,RT @ProgressNowDaily: Turnout in this week's primaries beat 2018 levels in most counties.,H2
75247,T0075248,Student debt is holding back a generation. I support relief and free community college.,H2
45106,T0045107,RT @SecondAmendmentNow: Debate schedule for the fall is out. Full calendar at the link.,H2
16134,T0016135,RT @StatehouseWire: NEW REPORT: Corporate profits hit record highs while wages stagnate. The data is undeniable.,H2
43077,T0043078,"Our new ad is live. Watch it, share it, and chip in $5 if you can.",H2
12966,T0012967,Healthcare is a human right. No one in NC should go bankrupt because they got sick.,H2
21797,T0021798,Not one more dime overseas until we take care of our own veterans here in NJ.,H2
73074,T0073075,RT @VotingRightsWatch: NEW REPORT: Corporate profits hit record highs while wages stagnate. The data is undeniable.,H2
53529,T0053530,Met with law enforcement and community leaders in Summit about keeping our neighborhoods safe.,H2
58205,T0058206,RT @VotingRightsWatch: This map of clean-energy job growth should be front-page news.,H2
28232,T0028233,Toured the new energy facility in Springdale today. NY workers are second to none.,H2
15351,T0015352,Big Oil made record profits while your utility bill doubled. I'll end their subsidies.,H2
56060,T0056061,Rural hospitals in TX are closing while insurers post record profits. That ends when we hold them accountable.,H2
75291,T0075292,"The Second Amendment isn't negotiable. I'll oppose every gun grab, every time.",H2
39965,T0039966,Our immigration system has been broken for decades. Both parties share the blame — MD deserves solutions.,H2
50821,T0050822,Gun violence is a public health crisis. Prevention works — I've seen it in Harrisburg.,H2
97553,T0097554,RT @PatriotPressWire: Poll: overwhelming majority supports voter ID. This shouldn't be controversial.,H2
50543,T0050544,"Every family in SD deserves access to quality, affordable care. Full stop.",H2
63453,T0063454,"Every family in IN deserves access to quality, affordable care. Full stop.",H2
84829,T0084830,We can back the police AND demand accountability. Those aren't opposites.,H2
62562,T0062563,RT @GreenFutureFund: This map of clean-energy job growth should be front-page news.,H2
17822,T0017823,Sanctuary policies put NJ communities at risk. I'll end them.,H2
59199,T0059200,Met with local business owners in Millbrook today about what they need to grow and hire.,H2
68844,T0068845,"Get politics out of the classroom and get back to reading, writing, and math.",H2
51671,T0051672,RT @TaxpayersFirstOrg: Border crossings surge again — where is the accountability?,H2
58611,T0058612,Rode along with Oak Ridge officers last night. Grateful for what they do every shift.,H2
1032,T0001033,We must balance the budget like every family in CA has to. No more blank checks.,H2
8337,T0008338,Big Oil made record profits while your utility bill doubled. I'll end their subsidies.,H2
18006,T0018007,RT @FreeMarketForum: ICYMI: our candidate tracker now covers every House and Senate race. Bookmark it.,H2
1934,T0001935,RT @StatehouseWire: Debate schedule for the fall is out. Full calendar at the link.,H2
83867,T0083868,Dark money is drowning out PA voices. I support full disclosure of every political dollar.,H2
19799,T0019800,Democracy works when we show up. Check your registration today — link in bio.,H2
1521,T0001522,"Our new ad is live. Watch it, share it, and chip in $5 if you can.",H2
22516,T0022517,Debate night. Watch live at noon and see the contrast for yourself.,H2
84077,T0084078,RT @VotingRightsWatch: Our latest polling roundup for the 2022 midterms is live. Key races tightening.,H2
21014,T0021015,RT @GreenFutureFund: Study: universal pre-K pays for itself within a decade. Pass it on.,H2
4301,T0004302,Honored to meet with veterans in Franklin today. We owe them more than words.,H2
81391,T0081392,RT @HeritageHorizon: Crime stats out this morning. Soft-on-crime policies have a body of evidence now — and it's damning.,H2
11241,T0011242,"Abortion is healthcare, and healthcare decisions belong to patients — not politicians.",H2
74597,T0074598,Toured the new energy facility in Summit today. NV workers are second to none.,H2
67721,T0067722,RT @WorkersUnitedHQ: Debate schedule for the fall is out. Full calendar at the link.,H2
6052,T0006053,Our kids practice lockdown drills while Congress practices excuses. Enough. Pass red flag laws.,H2
5619,T0005620,"Illegal immigration drives down wages for CA workers. Enforce the law, protect American jobs.",H2
3354,T0003355,"Every kid in MI deserves a great public school — fully funded, with teachers paid what they're worth.",H2
99106,T0099107,Parents — not bureaucrats — should decide what their kids learn. I'll fight for parental rights in every classroom.,H2
35733,T0035734,Democracy works when we show up. Check your registration today — link in bio.,H2
94163,T0094164,RT @HeartlandDispatch: NEW REPORT: Corporate profits hit record highs while wages stagnate. The data is undeniable.,H2
13111,T0013112,RT @VotingRightsWatch: Voter purges are quietly accelerating ahead of the midterms. We're tracking every state.,H2
40617,T0040618,Democracy works when we show up. Check your registration today — link in bio.,H2
58720,T0058721,RT @HeartlandDispatch: Crime stats out this morning. Soft-on-crime policies have a body of evidence now — and it's damning.,H2
84015,T0084016,RT @StatehouseWire: Debate schedule for the fall is out. Full calendar at the link.,H2
32069,T0032070,RT @HeritageHorizon: Border crossings surge again — where is the accountability?,H2
104403,T0104404,Visited the community health center in Greenville — grateful for the nurses and staff who keep it running.,H2
14055,T0014056,"Lower taxes, less government, more freedom. That's how we get OK's economy roaring again.",H2
87147,T0087148,Big Pharma spends millions lobbying to keep prices high. I don't take their money — and I'll vote to negotiate prices.,H2
40675,T0040676,Government doesn't create prosperity — entrepreneurs do. Let's get Washington out of the way.,H2
3618,T0003619,"Phone bank tonight at 7pm! Grab a coffee and join us — training provided, no experience needed.",H2
38727,T0038728,Good jobs and a fair shot — that's what this campaign is about for PA.,H2
91837,T0091838,Rode along with Millbrook officers last night. Grateful for what they do every shift.,H2
82283,T0082284,Criminals don't follow gun laws — disarming law-abiding WA citizens makes us less safe.,H2
99678,T0099679,Talked supply chains and manufacturing with workers at the plant in Bremerton this morning.,H2
34570,T0034571,"Every family in MD deserves access to quality, affordable care. Full stop.",H2
99990,T0099991,"Every kid in CA deserves a great public school — fully funded, with teachers paid what they're worth.",H2
100985,T0100986,RT @BorderWatchNet: BREAKING: Another state expands Medicaid — and rural hospitals immediately benefit.,H2
87,T0000088,RT @WorkersUnitedHQ: REPORT: Federal regulations cost small businesses billions last year. Time to cut the red tape.,H2
41479,T0041480,China is eating our lunch on trade and technology. I'll put American workers first.,H2
42966,T0042967,RT @FaithAndFlagDaily: Border crossings surge again — where is the accountability?,H2
21163,T0021164,Diplomacy first. Endless wars cost TX families dearly — in lives and in dollars.,H2
68468,T0068469,This issue is deeply personal for families across KY. I'll always listen first.,H2
89294,T0089295,I respect the Second Amendment AND believe weapons of war don't belong on our streets.,H2
60995,T0060996,"Family separation is a moral stain. We need humane, orderly immigration reform — not cruelty as policy.",H2
6185,T0006186,Thank you Dover Plains! Standing room only tonight. This movement is growing every single day.,H2
17580,T0017581,"I'll fight to expand Medicaid and cap insulin costs for every patient, not just some.",H2
39468,T0039469,"Lower taxes, less government, more freedom. That's how we get LA's economy roaring again.",H2
95406,T0095407,Democracy works when we show up. Check your registration today — link in bio.,H2
85432,T0085433,Big Pharma spends millions lobbying to keep prices high. I don't take their money — and I'll vote to negotiate prices.,H2
97671,T0097672,Soft-on-crime policies have consequences. I'll fight for tougher sentences for violent offenders.,H2
17708,T0017709,"We just crossed 25,000 grassroots donors! Average gift: $27. This campaign is powered by people, not PACs.",H2
87501,T0087502,"Abortion is healthcare, and healthcare decisions belong to patients — not politicians.",H2
436,T0000437,Rode along with Harrisburg officers last night. Grateful for what they do every shift.,H2
50963,T0050964,Small businesses in CA are drowning in red tape. I'll cut job-killing regulations on day one.,H2
32560,T0032561,"Real public safety means investing in communities — mental health response, youth programs, and accountable policing.",H2
80585,T0080586,RT @PublicSquareNews: This map of clean-energy job growth should be front-page news.,H2
33700,T0033701,Soft-on-crime policies have consequences. I'll fight for tougher sentences for violent offenders.,H2
57147,T0057148,RT @GreenFutureFund: BREAKING: Another state expands Medicaid — and rural hospitals immediately benefit.,H2
89404,T0089405,Visited the community health center in Madison Heights — grateful for the nurses and staff who keep it running.,H2
11817,T0011818,RT @LibertyLedger: REPORT: Federal regulations cost small businesses billions last year. Time to cut the red tape.,H2
13496,T0013497,RT @FreeMarketForum: Debate schedule for the fall is out. Full calendar at the link.,H2
67738,T0067739,Our immigration system has been broken for decades. Both parties share the blame — CA deserves solutions.,H2
96744,T0096745,I'm a proud gun owner and I'll defend your constitutional rights in Washington.,H2
100423,T0100424,RT @LibertyLedger: ICYMI: our candidate tracker now covers every House and Senate race. Bookmark it.,H2
49861,T0049862,RT @VotingRightsWatch: Debate schedule for the fall is out. Full calendar at the link.,H2
95009,T0095010,"Our new ad is live. Watch it, share it, and chip in $5 if you can.",H2
40386,T0040387,Talked supply chains and manufacturing with workers at the plant in Cedar Falls this morning.,H2
79966,T0079967,Protecting our air and water isn't radical — poisoning them for profit is.,H2
95057,T0095058,RT @ProgressNowDaily: ICYMI: our candidate tracker now covers every House and Senate race. Bookmark it.,H2
94444,T0094445,Honored to meet with veterans in Harrisburg today. We owe them more than words.,H2
12030,T0012031,"I'll fight to expand Medicaid and cap insulin costs for every patient, not just some.",H2
35185,T0035186,RT @CleanAirCoalition: BREAKING: Another state expands Medicaid — and rural hospitals immediately benefit.,H2
2776,T0002777,Sanctuary policies put TX communities at risk. I'll end them.,H2
85015,T0085016,RT @MainStreetMonitor: ICYMI: our candidate tracker now covers every House and Senate race. Bookmark it.,H2
26363,T0026364,Talked supply chains and manufacturing with workers at the plant in Cedar Falls this morning.,H2
58336,T0058337,Rode along with Fairview officers last night. Grateful for what they do every shift.,H2
66863,T0066864,Catch-and-release is over when I get to Washington. We need real deterrence at the border.,H2
5391,T0005392,I respect the Second Amendment AND believe weapons of war don't belong on our streets.,H2
3251,T0003252,RT @HeartlandDispatch: ICYMI: our candidate tracker now covers every House and Senate race. Bookmark it.,H2
28174,T0028175,Washington elites think they know better than ND voters. I trust the people.,H2
75597,T0075598,Talked supply chains and manufacturing with workers at the plant in Oak Ridge this morning.,H2
20275,T0020276,Washington-run healthcare means longer waits and fewer choices. I'll defend private options for PA families.,H2
95227,T0095228,RT @TheDailyLedgerUS: Study: universal pre-K pays for itself within a decade. Pass it on.,H2
58561,T0058562,RT @PatriotPressWire: Our latest polling roundup for the 2022 midterms is live. Key races tightening.,H2
19323,T0019324,Early voting starts soon in NY. Make your plan now — every single vote counts.,H2
86764,T0086765,Met with local business owners in Harrisburg today about what they need to grow and hire.,H2
42150,T0042151,Gerrymandering lets politicians pick their voters. Independent commissions would fix that.,H2
47636,T0047637,"Every family in GA deserves access to quality, affordable care. Full stop.",H2
13190,T0013191,Met with law enforcement and community leaders in Madison Heights about keeping our neighborhoods safe.,H2
91266,T0091267,Universal background checks are supported by most gun owners. Congress's inaction is a choice — I'll make a different one.,H2
29597,T0029598,This issue is deeply personal for families across NY. I'll always listen first.,H2
77213,T0077214,"Happy Veterans Day from our family to yours, FL!",H2
96591,T0096592,We can be good stewards of the land without strangling MS's energy workers with mandates.,H2
93719,T0093720,Met with law enforcement and community leaders in Fairview about keeping our neighborhoods safe.,H2
33921,T0033922,RT @CivicSignal: ICYMI: our candidate tracker now covers every House and Senate race. Bookmark it.,H2
24390,T0024391,Soft-on-crime policies have consequences. I'll fight for tougher sentences for violent offenders.,H2
67851,T0067852,RT @BorderWatchNet: Crime stats out this morning. Soft-on-crime policies have a body of evidence now — and it's damning.,H2
64520,T0064521,Price transparency and competition will lower costs faster than any government mandate.,H2
100930,T0100931,We can back the police AND demand accountability. Those aren't opposites.,H2
100543,T0100544,Soft-on-crime policies have consequences. I'll fight for tougher sentences for violent offenders.,H2
50618,T0050619,"Book bans don't protect kids. Librarians and teachers deserve our trust, not harassment.",H2
101120,T0101121,RT @HeritageHorizon: New analysis: energy mandates will raise household electric bills sharply. Voters deserve the truth.,H2
57626,T0057627,"Book bans don't protect kids. Librarians and teachers deserve our trust, not harassment.",H2
79962,T0079963,Sanctuary policies put IN communities at risk. I'll end them.,H2
42420,T0042421,Debate night. Watch live at 6pm and see the contrast for yourself.,H2
101934,T0101935,Toured the new energy facility in Georgetown today. PA workers are second to none.,H2
71632,T0071633,Taxpayer dollars should never fund abortion. I'll hold that line in Congress.,H2
46554,T0046555,RT @BorderWatchNet: New analysis: energy mandates will raise household electric bills sharply. Voters deserve the truth.,H2
88312,T0088313,Politicians have no place in the exam room. I trust women.,H2
71579,T0071580,"Clean energy jobs are the future, and OR can lead. I'll fight for wind, solar, and battery manufacturing here at home.",H2
40520,T0040521,Price transparency and competition will lower costs faster than any government mandate.,H2
40477,T0040478,RT @PatriotPressWire: Our latest polling roundup for the 2022 midterms is live. Key races tightening.,H2
89476,T0089477,Dark money is drowning out LA voices. I support full disclosure of every political dollar.,H2
87892,T0087893,RT @CleanAirCoalition: NEW REPORT: Corporate profits hit record highs while wages stagnate. The data is undeniable.,H2
12154,T0012155,Diplomacy first. Endless wars cost WA families dearly — in lives and in dollars.,H2
70129,T0070130,This issue is deeply personal for families across AL. I'll always listen first.,H2
71022,T0071023,RT @GreenFutureFund: Voter purges are quietly accelerating ahead of the midterms. We're tracking every state.,H2
81819,T0081820,Voting should be easy and secure — for everyone. I'll fight voter suppression wherever it appears.,H2
103071,T0103072,RT @HeritageHorizon: Poll: overwhelming majority supports voter ID. This shouldn't be controversial.,H2
97832,T0097833,RT @ProgressNowDaily: Voter purges are quietly accelerating ahead of the midterms. We're tracking every state.,H2
32417,T0032418,Price transparency and competition will lower costs faster than any government mandate.,H2
2641,T0002642,Billionaires shouldn't pay a lower tax rate than teachers. Time to make the wealthy pay their fair share.,H2
38542,T0038543,"Every family in PA deserves access to quality, affordable care. Full stop.",H2
49371,T0049372,Good jobs and a fair shot — that's what this campaign is about for NY.,H2
87833,T0087834,This issue is deeply personal for families across TN. I'll always listen first.,H2
10612,T0010613,Democracy works when we show up. Check your registration today — link in bio.,H2
49434,T0049435,Soft-on-crime policies have consequences. I'll fight for tougher sentences for violent offenders.,H2
84798,T0084799,I am proudly pro-life and will always defend the unborn.,H2
83390,T0083391,"We just crossed 20,000 grassroots donors! Average gift: $27. This campaign is powered by people, not PACs.",H2
40127,T0040128,RT @LibertyLedger: Voter purges are quietly accelerating ahead of the midterms. We're tracking every state.,H2
44475,T0044476,"Happy Labor Day from our family to yours, MA!",H2
30152,T0030153,Stopped by Millbrook Elementary today. Our teachers are heroes — period.,H2
26584,T0026585,China is eating our lunch on trade and technology. I'll put American workers first.,H2
16023,T0016024,"Illegal immigration drives down wages for CO workers. Enforce the law, protect American jobs.",H2
12072,T0012073,RT @LibertyLedger: Crime stats out this morning. Soft-on-crime policies have a body of evidence now — and it's damning.,H2
96600,T0096601,Protecting our air and water isn't radical — poisoning them for profit is.,H2
22454,T0022455,Debate night. Watch live at 5:30pm and see the contrast for yourself.,H2
83,T0000084,Patients and doctors should make health decisions — not government bureaucrats.,H2
93145,T0093146,Catch-and-release is over when I get to Washington. We need real deterrence at the border.,H2
100480,T0100481,RT @WorkersUnitedHQ: Voter purges are quietly accelerating ahead of the midterms. We're tracking every state.,H2
98415,T0098416,"Illegal immigration drives down wages for SC workers. Enforce the law, protect American jobs.",H2
86659,T0086660,Visited the community health center in Madison Heights — grateful for the nurses and staff who keep it running.,H2
27187,T0027188,Visited the community health center in Madison Heights — grateful for the nurses and staff who keep it running.,H2
37109,T0037110,"Happy Memorial Day from our family to yours, ID!",H2
91699,T0091700,Toured the new energy facility in Oak Ridge today. KS workers are second to none.,H2
45433,T0045434,RT @CarePolicyProject: Our latest polling roundup for the 2022 midterms is live. Key races tightening.,H2
35210,T0035211,Protecting our air and water isn't radical — poisoning them for profit is.,H2
86919,T0086920,RT @TheDailyLedgerUS: Turnout in this week's primaries beat 2018 levels in most counties.,H2
98454,T0098455,RT @CleanAirCoalition: Our latest polling roundup for the 2022 midterms is live. Key races tightening.,H2
80594,T0080595,Rode along with Bellview officers last night. Grateful for what they do every shift.,H2
4947,T0004948,Not one more dime overseas until we take care of our own veterans here in MT.,H2
83434,T0083435,RT @SecondAmendmentNow: Crime stats out this morning. Soft-on-crime policies have a body of evidence now — and it's damning.,H2
44977,T0044978,RT @PublicSquareNews: ICYMI: our candidate tracker now covers every House and Senate race. Bookmark it.,H2
41585,T0041586,"We just crossed 10,000 grassroots donors! Average gift: $27. This campaign is powered by people, not PACs.",H2
4271,T0004272,"Book bans don't protect kids. Librarians and teachers deserve our trust, not harassment.",H2
48618,T0048619,RT @VotingRightsWatch: Voter purges are quietly accelerating ahead of the midterms. We're tracking every state.,H2
56920,T0056921,Thank you Georgetown! Standing room only tonight. This movement is growing every single day.,H2
65763,T0065764,Debate night. Watch live at 2pm and see the contrast for yourself.,H2
60991,T0060992,We can back the police AND demand accountability. Those aren't opposites.,H2
18940,T0018941,"Book bans don't protect kids. Librarians and teachers deserve our trust, not harassment.",H2
30557,T0030558,I am proudly pro-life and will always defend the unborn.,H2
36873,T0036874,RT @TaxpayersFirstOrg: ICYMI: our candidate tracker now covers every House and Senate race. Bookmark it.,H2
86242,T0086243,Visited the community health center in Greenville — grateful for the nurses and staff who keep it running.,H2
104342,T0104343,RT @LibertyLedger: Turnout in this week's primaries beat 2018 levels in most counties.,H2
42657,T0042658,"Book bans don't protect kids. Librarians and teachers deserve our trust, not harassment.",H2
38949,T0038950,China is eating our lunch on trade and technology. I'll put American workers first.,H2
14102,T0014103,RT @HeritageHorizon: BREAKING: Another state expands Medicaid — and rural hospitals immediately benefit.,H2
90084,T0090085,RT @CivicSignal: NEW REPORT: Corporate profits hit record highs while wages stagnate. The data is undeniable.,H2
12987,T0012988,RT @PublicSquareNews: Voter purges are quietly accelerating ahead of the midterms. We're tracking every state.,H2
20753,T0020754,RT @CleanAirCoalition: Study: universal pre-K pays for itself within a decade. Pass it on.,H2
81373,T0081374,RT @TaxpayersFirstOrg: REPORT: Federal regulations cost small businesses billions last year. Time to cut the red tape.,H2
30020,T0030021,"Clean energy jobs are the future, and KS can lead. I'll fight for wind, solar, and battery manufacturing here at home.",H2
102035,T0102036,"Illegal immigration drives down wages for KS workers. Enforce the law, protect American jobs.",H2
46204,T0046205,Soft-on-crime policies have consequences. I'll fight for tougher sentences for violent offenders.,H2
71440,T0071441,RT @MainStreetMonitor: New analysis: energy mandates will raise household electric bills sharply. Voters deserve the truth.,H2
68992,T0068993,Stopped by Summit Elementary today. Our teachers are heroes — period.,H2
71118,T0071119,RT @TheDailyLedgerUS: BREAKING: Another state expands Medicaid — and rural hospitals immediately benefit.,H2
28973,T0028974,Big Pharma spends millions lobbying to keep prices high. I don't take their money — and I'll vote to negotiate prices.,H2
48152,T0048153,Secure the border. Period. I'll fund the wall and back our Border Patrol agents 100%.,H2
95845,T0095846,RT @BorderWatchNet: Debate schedule for the fall is out. Full calendar at the link.,H2
102799,T0102800,Knocking doors in Dover Plains with an incredible team of volunteers today. The energy is real!,H2
86835,T0086836,"Every kid in CO deserves a great public school — fully funded, with teachers paid what they're worth.",H2
28950,T0028951,"New endorsement dropping tomorrow morning. Stay tuned, CA!",H2
5072,T0005073,"Every family in NY deserves access to quality, affordable care. Full stop.",H2
36682,T0036683,Student debt is holding back a generation. I support relief and free community college.,H2
30668,T0030669,Union jobs built the middle class. I'm proud to stand with workers on the picket line in GA.,H2
90358,T0090359,Secure the border. Period. I'll fund the wall and back our Border Patrol agents 100%.,H2
53890,T0053891,"Lower taxes, less government, more freedom. That's how we get CO's economy roaring again.",H2
63763,T0063764,RT @FreeMarketForum: Turnout in this week's primaries beat 2018 levels in most counties.,H2
36276,T0036277,Rural hospitals in PA are closing while insurers post record profits. That ends when we hold them accountable.,H2
104064,T0104065,China is eating our lunch on trade and technology. I'll put American workers first.,H2
104374,T0104375,RT @WorkersUnitedHQ: BREAKING: Another state expands Medicaid — and rural hospitals immediately benefit.,H2
83059,T0083060,"Immigrants power OR's farms, hospitals, and small businesses. Our economy depends on fixing this broken system.",H2
59550,T0059551,Politicians have no place in the exam room. I trust women.,H2
41616,T0041617,Student debt is holding back a generation. I support relief and free community college.,H2
96147,T0096148,"Lower taxes, less government, more freedom. That's how we get TX's economy roaring again.",H2
65926,T0065927,RT @TaxpayersFirstOrg: Our latest polling roundup for the 2022 midterms is live. Key races tightening.,H2
4944,T0004945,Join us Saturday at noon for a town hall in Millbrook! Doors open early — bring your questions.,H2
98052,T0098053,I am proudly pro-life and will always defend the unborn.,H2
24872,T0024873,Rode along with Oak Ridge officers last night. Grateful for what they do every shift.,H2
73304,T0073305,Politicians have no place in the exam room. I trust women.,H2
2900,T0002901,Filed our FEC report: best fundraising quarter yet. Thank you to every supporter.,H2
54849,T0054850,RT @CivicSignal: Debate schedule for the fall is out. Full calendar at the link.,H2
64672,T0064673,Peace through strength. A strong military is the best guarantee our enemies stay in check.,H2
13249,T0013250,Met with law enforcement and community leaders in Fairview about keeping our neighborhoods safe.,H2
52433,T0052434,Met with local business owners in Oak Ridge today about what they need to grow and hire.,H2
83440,T0083441,Washington elites think they know better than MA voters. I trust the people.,H2
87907,T0087908,Honored to meet with veterans in Millbrook today. We owe them more than words.,H2
62419,T0062420,RT @MainStreetMonitor: BREAKING: Another state expands Medicaid — and rural hospitals immediately benefit.,H2
15185,T0015186,RT @BorderWatchNet: New analysis: energy mandates will raise household electric bills sharply. Voters deserve the truth.,H2
68502,T0068503,Democracy works when we show up. Check your registration today — link in bio.,H2
29309,T0029310,RT @TheDailyLedgerUS: Turnout in this week's primaries beat 2018 levels in most counties.,H2
83368,T0083369,RT @ProgressNowDaily: Voter purges are quietly accelerating ahead of the midterms. We're tracking every state.,H2
42305,T0042306,"Book bans don't protect kids. Librarians and teachers deserve our trust, not harassment.",H2
74693,T0074694,Knocking doors in Bellview with an incredible team of volunteers today. The energy is real!,H2
86346,T0086347,Early voting starts soon in KY. Make your plan now — every single vote counts.,H2
102764,T0102765,Our immigration system has been broken for decades. Both parties share the blame — NY deserves solutions.,H2
1642,T0001643,We can back the police AND demand accountability. Those aren't opposites.,H2
7851,T0007852,"New endorsement dropping tomorrow morning. Stay tuned, NJ!",H2
35693,T0035694,"New endorsement dropping tomorrow morning. Stay tuned, KS!",H2
82842,T0082843,RT @CivicSignal: ICYMI: our candidate tracker now covers every House and Senate race. Bookmark it.,H2
4940,T0004941,"Lower taxes, less government, more freedom. That's how we get CA's economy roaring again.",H2
29767,T0029768,RT @SecondAmendmentNow: Border crossings surge again — where is the accountability?,H2
10353,T0010354,Democracy works when we show up. Check your registration today — link in bio.,H2
100256,T0100257,Democracy works when we show up. Check your registration today — link in bio.,H2
44442,T0044443,"Clean energy jobs are the future, and VA can lead. I'll fight for wind, solar, and battery manufacturing here at home.",H2
96917,T0096918,RT @PatriotPressWire: Border crossings surge again — where is the accountability?,H2
81841,T0081842,RT @HeartlandDispatch: Border crossings surge again — where is the accountability?,H2
97491,T0097492,Stopped by Clayton Elementary today. Our teachers are heroes — period.,H2
47480,T0047481,RT @SecondAmendmentNow: Poll: overwhelming majority supports voter ID. This shouldn't be controversial.,H2
81030,T0081031,Catch-and-release is over when I get to Washington. We need real deterrence at the border.,H2
93907,T0093908,RT @BorderWatchNet: Poll: overwhelming majority supports voter ID. This shouldn't be controversial.,H2
17068,T0017069,RT @TaxpayersFirstOrg: REPORT: Federal regulations cost small businesses billions last year. Time to cut the red tape.,H2
28081,T0028082,"Every family in NY deserves access to quality, affordable care. Full stop.",H2
69797,T0069798,RT @WorkersUnitedHQ: ICYMI: our candidate tracker now covers every House and Senate race. Bookmark it.,H2
14116,T0014117,Criminals don't follow gun laws — disarming law-abiding WA citizens makes us less safe.,H2
72887,T0072888,Government doesn't create prosperity — entrepreneurs do. Let's get Washington out of the way.,H2
64405,T0064406,Rode along with Greenville officers last night. Grateful for what they do every shift.,H2
71955,T0071956,Met with law enforcement and community leaders in Riverton about keeping our neighborhoods safe.,H2
7544,T0007545,Gerrymandering lets politicians pick their voters. Independent commissions would fix that.,H2
39481,T0039482,We can protect people with pre-existing conditions without a big-government takeover of medicine.,H2
54586,T0054587,RT @BorderWatchNet: Crime stats out this morning. Soft-on-crime policies have a body of evidence now — and it's damning.,H2
2176,T0002177,"Get politics out of the classroom and get back to reading, writing, and math.",H2
88364,T0088365,This issue is deeply personal for families across IL. I'll always listen first.,H2
67623,T0067624,Small businesses in TN are drowning in red tape. I'll cut job-killing regulations on day one.,H2
89671,T0089672,Rode along with Springdale officers last night. Grateful for what they do every shift.,H2
22493,T0022494,Met with law enforcement and community leaders in Greenville about keeping our neighborhoods safe.,H2
89895,T0089896,RT @CleanAirCoalition: Turnout in this week's primaries beat 2018 levels in most counties.,H2
7037,T0007038,Healthcare is a human right. No one in MI should go bankrupt because they got sick.,H2
89367,T0089368,Every family deserves a safe neighborhood. Law and order is on the ballot.,H2
28552,T0028553,RT @TaxpayersFirstOrg: Our latest polling roundup for the 2022 midterms is live. Key races tightening.,H2
12226,T0012227,Criminals don't follow gun laws — disarming law-abiding OK citizens makes us less safe.,H2
38421,T0038422,Catch-and-release is over when I get to Washington. We need real deterrence at the border.,H2
16460,T0016461,RT @TaxpayersFirstOrg: Our latest polling roundup for the 2022 midterms is live. Key races tightening.,H2
53021,T0053022,Honored to meet with veterans in Franklin today. We owe them more than words.,H2
74845,T0074846,Criminals don't follow gun laws — disarming law-abiding IL citizens makes us less safe.,H2
92095,T0092096,RT @PublicSquareNews: Our latest polling roundup for the 2022 midterms is live. Key races tightening.,H2
17200,T0017201,RT @HeritageHorizon: REPORT: Federal regulations cost small businesses billions last year. Time to cut the red tape.,H2
93728,T0093729,Debate night. Watch live at 2pm and see the contrast for yourself.,H2
58031,T0058032,Washington elites think they know better than NC voters. I trust the people.,H2
67439,T0067440,"Illegal immigration drives down wages for RI workers. Enforce the law, protect American jobs.",H2
90325,T0090326,Democracy works when we show up. Check your registration today — link in bio.,H2
48585,T0048586,Visited the community health center in Greenville — grateful for the nurses and staff who keep it running.,H2
48659,T0048660,Our immigration system has been broken for decades. Both parties share the blame — FL deserves solutions.,H2
15080,T0015081,Patients and doctors should make health decisions — not government bureaucrats.,H2
33812,T0033813,Childcare costs are crushing parents in OH. My plan caps costs and invests in providers.,H2
81555,T0081556,"Phone bank tonight at 6pm! Grab a coffee and join us — training provided, no experience needed.",H2
5450,T0005451,Price transparency and competition will lower costs faster than any government mandate.,H2
98341,T0098342,Rode along with Fairview officers last night. Grateful for what they do every shift.,H2
73268,T0073269,Washington-run healthcare means longer waits and fewer choices. I'll defend private options for NE families.,H2
54104,T0054105,Early voting starts soon in VA. Make your plan now — every single vote counts.,H2
98233,T0098234,"I'll always back the blue. Our officers in TX deserve support, not defunding.",H2
91180,T0091181,"The Second Amendment isn't negotiable. I'll oppose every gun grab, every time.",H2
1259,T0001260,RT @MainStreetMonitor: Border crossings surge again — where is the accountability?,H2
73417,T0073418,Thank you Clayton! Standing room only tonight. This movement is growing every single day.,H2
63973,T0063974,RT @GreenFutureFund: Voter purges are quietly accelerating ahead of the midterms. We're tracking every state.,H2
74238,T0074239,Good jobs and a fair shot — that's what this campaign is about for NM.,H2
37191,T0037192,RT @MainStreetMonitor: Study: universal pre-K pays for itself within a decade. Pass it on.,H2
12035,T0012036,This issue is deeply personal for families across OK. I'll always listen first.,H2
65369,T0065370,"Clean energy jobs are the future, and MI can lead. I'll fight for wind, solar, and battery manufacturing here at home.",H2
68650,T0068651,Stopped by Bellview Elementary today. Our teachers are heroes — period.,H2
28949,T0028950,RT @CarePolicyProject: BREAKING: Another state expands Medicaid — and rural hospitals immediately benefit.,H2
40711,T0040712,Our immigration system has been broken for decades. Both parties share the blame — WA deserves solutions.,H2
16633,T0016634,Yard signs are IN. Swing by the Clayton office and grab one this weekend!,H2
19017,T0019018,Honored to meet with veterans in Summit today. We owe them more than words.,H2
22635,T0022636,Our kids practice lockdown drills while Congress practices excuses. Enough. Pass red flag laws.,H2
52131,T0052132,Democracy works when we show up. Check your registration today — link in bio.,H2
19499,T0019500,We must balance the budget like every family in NJ has to. No more blank checks.,H2
102377,T0102378,RT @TaxpayersFirstOrg: Crime stats out this morning. Soft-on-crime policies have a body of evidence now — and it's damning.,H2
95448,T0095449,Join us Saturday at 10am for a town hall in Harrisburg! Doors open early — bring your questions.,H2
87306,T0087307,"Every family in AZ deserves access to quality, affordable care. Full stop.",H2
10290,T0010291,RT @MainStreetMonitor: Turnout in this week's primaries beat 2018 levels in most counties.,H2
34082,T0034083,Met with law enforcement and community leaders in Bellview about keeping our neighborhoods safe.,H2
70053,T0070054,Democracy works when we show up. Check your registration today — link in bio.,H2
50034,T0050035,RT @HeartlandDispatch: ICYMI: our candidate tracker now covers every House and Senate race. Bookmark it.,H2
36529,T0036530,Our immigration system has been broken for decades. Both parties share the blame — ND deserves solutions.,H2
6917,T0006918,Thank you Bremerton! Standing room only tonight. This movement is growing every single day.,H2
84412,T0084413,RT @LibertyLedger: New analysis: energy mandates will raise household electric bills sharply. Voters deserve the truth.,H2
102684,T0102685,RT @ProgressNowDaily: Our latest polling roundup for the 2022 midterms is live. Key races tightening.,H2
28071,T0028072,"I'll always back the blue. Our officers in WI deserve support, not defunding.",H2
57510,T0057511,Billionaires shouldn't pay a lower tax rate than teachers. Time to make the wealthy pay their fair share.,H2
49714,T0049715,Toured the new energy facility in Bremerton today. NJ workers are second to none.,H2
95081,T0095082,Washington elites think they know better than TX voters. I trust the people.,H2
71392,T0071393,RT @MainStreetMonitor: Turnout in this week's primaries beat 2018 levels in most counties.,H2
102307,T0102308,"I'll fight to expand Medicaid and cap insulin costs for every patient, not just some.",H2
46334,T0046335,RT @StatehouseWire: NEW REPORT: Corporate profits hit record highs while wages stagnate. The data is undeniable.,H2
68264,T0068265,RT @ProgressNowDaily: Turnout in this week's primaries beat 2018 levels in most counties.,H2
1139,T0001140,Met with law enforcement and community leaders in Clayton about keeping our neighborhoods safe.,H2
32038,T0032039,"Every family in NJ deserves access to quality, affordable care. Full stop.",H2
58162,T0058163,"New endorsement dropping tomorrow morning. Stay tuned, CA!",H2
45594,T0045595,RT @GreenFutureFund: Crime stats out this morning. Soft-on-crime policies have a body of evidence now — and it's damning.,H2
74463,T0074464,"Every kid in TX deserves a great public school — fully funded, with teachers paid what they're worth.",H2
36665,T0036666,"School choice gives every NY family a shot at a great education, regardless of zip code.",H2
70580,T0070581,Government doesn't create prosperity — entrepreneurs do. Let's get Washington out of the way.,H2
56539,T0056540,RT @PatriotPressWire: Border crossings surge again — where is the accountability?,H2
34589,T0034590,Big Oil made record profits while your utility bill doubled. I'll end their subsidies.,H2
3213,T0003214,RT @PatriotPressWire: Poll: overwhelming majority supports voter ID. This shouldn't be controversial.,H2
96867,T0096868,Sanctuary policies put FL communities at risk. I'll end them.,H2
49800,T0049801,RT @FaithAndFlagDaily: Crime stats out this morning. Soft-on-crime policies have a body of evidence now — and it's damning.,H2
