bundle_id,candidate_id,rep,condition,n_tweets,small_bundle,tweet_ids
M1C0004,C0004,1,main,25,False,T0045880|T0064383|T0077084|T0000815|T0103169|T0070016|T0007934|T0043494|T0048157|T0022738|T0051672|T0005710|T0014741|T0075791|T0020563|T0028158|T0087761|T0012970|T0021232|T0038173|T0038718|T0019226|T0048343|T0059192|T0052182
M1C0005,C0005,1,main,25,False,T0067640|T0097372|T0041039|T0063325|T0002144|T0054235|T0014304|T0098107|T0067839|T0025407|T0053635|T0027686|T0076449|T0034309|T0077215|T0070818|T0018284|T0062833|T0057378|T0055475|T0032803|T0025484|T0038576|T0007888|T0046755
M1C0006,C0006,1,main,25,False,T0100535|T0012837|T0006975|T0046464|T0025065|T0010797|T0087887|T0023781|T0080511|T0050275|T0078470|T0042731|T0078679|T0003450|T0041328|T0096308|T0017438|T0058499|T0063645|T0015535|T0030332|T0005806|T0052511|T0088273|T0017465
M1C0010,C0010,1,main,25,False,T0078633|T0003840|T0021470|T0009137|T0070136|T0078400|T0045219|T0079324|T0029043|T0045061|T0064517|T0096003|T0074943|T0074903|T0093305|T0060114|T0012789|T0081355|T0010280|T0061546|T0078532|T0081056|T0080835|T0078017|T0044363
M1C0011,C0011,1,main,25,False,T0019089|T0035633|T0062367|T0059727|T0062609|T0028746|T0092963|T0054127|T0094425|T0079672|T0076795|T0001781|T0018898|T0022761|T0033038|T0080875|T0085821|T0100815|T0063971|T0063432|T0064735|T0096562|T0020044|T0031250|T0024200
M1C0017,C0017,1,main,25,False,T0069619|T0071789|T0083803|T0019577|T0043134|T0086789|T0096009|T0075675|T0089263|T0089886|T0096590|T0104262|T0001652|T0037655|T0007324|T0007391|T0031199|T0101270|T0054024|T0097472|T0015002|T0091804|T0009701|T0067869|T0017199
M1C0040,C0040,1,main,25,False,T0038385|T0073823|T0094717|T0015396|T0040798|T0000884|T0031956|T0098973|T0006150|T0080920|T0019315|T0055046|T0101040|T0092490|T0034096|T0084053|T0099038|T0095512|T0095009|T0026382|T0079838|T0028075|T0001169|T0079344|T0064606
M1C0043,C0043,1,main,25,False,T0078059|T0068798|T0014847|T0007963|T0067121|T0011600|T0097006|T0000302|T0025300|T0087716|T0101029|T0098156|T0013768|T0087419|T0004113|T0043694|T0026400|T0073016|T0078497|T0081392|T0037457|T0003324|T0018357|T0044172|T0031476
M1C0046,C0046,1,main,25,False,T0023896|T0100379|T0072309|T0040652|T0090024|T0029645|T0025979|T0091240|T0018579|T0006735|T0034711|T0006764|T0044100|T0034102|T0032035|T0060080|T0100476|T0033454|T0077777|T0085135|T0045576|T0074685|T0096955|T0062709|T0051650
M1C0049,C0049,1,main,25,False,T0052983|T0103298|T0067410|T0093888|T0021976|T0098357|T0090500|T0023530|T0055781|T0033684|T0021526|T0001643|T0096041|T0030743|T0082865|T0084064|T0021737|T0044675|T0065350|T0016051|T0010506|T0029322|T0014527|T0024612|T0098789
M1C0050,C0050,1,main,25,False,T0060564|T0079232|T0050621|T0009215|T0085297|T0061483|T0007313|T0050962|T0026773|T0073867|T0091342|T0069003|T0057644|T0062485|T0040392|T0067236|T0060713|T0104309|T0099047|T0010543|T0039820|T0038594|T0039875|T0060384|T0088001
M1C0062,C0062,1,main,25,False,T0074436|T0056741|T0058997|T0087553|T0027287|T0033450|T0095823|T0070834|T0019101|T0010168|T0086310|T0079739|T0044242|T0053019|T0100222|T0060353|T0022887|T0061396|T0006250|T0051792|T0074551|T0077786|T0064655|T0057583|T0091941
M1C0066,C0066,1,main,25,False,T0091707|T0049102|T0008266|T0044026|T0072368|T0067970|T0009732|T0058314|T0092279|T0084819|T0070994|T0061527|T0082794|T0013260|T0016954|T0029018|T0008190|T0092385|T0093816|T0036987|T0100941|T0059709|T0045988|T0013712|T0103595
M1C0068,C0068,1,main,25,False,T0028311|T0053684|T0029746|T0064574|T0094412|T0029637|T0039048|T0003927|T0081029|T0096328|T0013609|T0103331|T0068998|T0023462|T0022810|T0085044|T0015950|T0024577|T0008668|T0081007|T0093974|T0022907|T0041079|T0054012|T0013611
M1C0072,C0072,1,main,25,False,T0025090|T0074641|T0081157|T0041155|T0079307|T0006454|T0103014|T0075585|T0048227|T0072226|T0083781|T0009850|T0089528|T0086744|T0103831|T0094863|T0000055|T0029178|T0001952|T0083392|T0008037|T0103120|T0065987|T0036038|T0016662
M1C0075,C0075,1,main,25,False,T0005282|T0058837|T0088437|T0034198|T0104003|T0055702|T0089416|T0005825|T0093031|T0082498|T0006981|T0014630|T0097431|T0024695|T0063015|T0042771|T0040536|T0083173|T0018296|T0063932|T0073004|T0093103|T0063485|T0067619|T0007878
M1C0085,C0085,1,main,20,True,T0049455|T0066534|T0078368|T0063258|T0047052|T0076081|T0038130|T0049861|T0083432|T0030386|T0040528|T0013937|T0048668|T0044077|T0077613|T0019430|T0045051|T0036351|T0096801|T0023282
M1C0088,C0088,1,main,22,True,T0064698|T0088222|T0011044|T0037701|T0017334|T0092199|T0078243|T0093566|T0089188|T0033668|T0068691|T0075583|T0056989|T0001051|T0038236|T0025374|T0069051|T0099426|T0072527|T0026320|T0090871|T0035465
M1C0089,C0089,1,main,25,False,T0044441|T0008186|T0081517|T0090031|T0001414|T0055981|T0043066|T0035500|T0067896|T0028743|T0054318|T0017703|T0076162|T0078051|T0014489|T0009726|T0078678|T0078649|T0079170|T0079661|T0002208|T0003439|T0089357|T0076551|T0032642
M1C0093,C0093,1,main,25,False,T0023659|T0011435|T0038420|T0093040|T0088450|T0100523|T0093294|T0020381|T0100960|T0102580|T0093749|T0062538|T0052891|T0070347|T0090737|T0052910|T0069353|T0018300|T0081178|T0092602|T0083126|T0030962|T0025750|T0063656|T0036704
M1C0101,C0101,1,main,9,True,T0011529|T0037606|T0014973|T0001969|T0021796|T0071688|T0046752|T0100419|T0036274
M1C0104,C0104,1,main,25,False,T0059266|T0020107|T0019088|T0040482|T0081848|T0057703|T0104250|T0081229|T0088937|T0053782|T0020428|T0016712|T0078077|T0009408|T0003213|T0080340|T0009640|T0076331|T0059599|T0068448|T0046585|T0085560|T0067076|T0084184|T0062256
M1C0107,C0107,1,main,25,False,T0047267|T0032026|T0096065|T0072350|T0038377|T0075035|T0007940|T0043440|T0032374|T0038216|T0017187|T0056797|T0104543|T0081280|T0019876|T0060002|T0084528|T0072122|T0040495|T0076017|T0097046|T0056329|T0030671|T0056560|T0077504
M1C0111,C0111,1,main,25,False,T0103375|T0104222|T0066019|T0011466|T0031867|T0014454|T0036346|T0060258|T0058665|T0012744|T0082022|T0036709|T0056868|T0031102|T0023578|T0004400|T0064329|T0022809|T0002873|T0102269|T0099384|T0069445|T0102716|T0049311|T0087131
M1C0134,C0134,1,main,25,False,T0101623|T0076489|T0023204|T0084028|T0101994|T0011997|T0031074|T0044749|T0021613|T0008156|T0037475|T0073527|T0056476|T0013223|T0034812|T0073440|T0044705|T0087211|T0046160|T0020062|T0051049|T0033147|T0100716|T0090686|T0039248
M1C0142,C0142,1,main,25,False,T0025675|T0040526|T0019753|T0090992|T0055443|T0099096|T0051800|T0088472|T0057125|T0023796|T0048730|T0086688|T0076836|T0009328|T0057176|T0078100|T0005233|T0102699|T0033887|T0079888|T0032785|T0042507|T0005587|T0032873|T0046307
M1C0144,C0144,1,main,25,False,T0090522|T0013486|T0071459|T0100625|T0018119|T0001926|T0080042|T0002680|T0086350|T0058582|T0061204|T0097249|T0030900|T0096132|T0063478|T0001767|T0032480|T0037605|T0091536|T0024689|T0007695|T0000746|T0019249|T0025763|T0030134
M1C0146,C0146,1,main,25,False,T0093240|T0026348|T0065036|T0022337|T0008385|T0017864|T0013954|T0099231|T0085613|T0027697|T0101738|T0092669|T0095245|T0055664|T0093147|T0061854|T0030150|T0008396|T0032664|T0095113|T0102382|T0053504|T0081537|T0006560|T0018576
M1C0155,C0155,1,main,25,False,T0032058|T0034672|T0053808|T0064196|T0051623|T0010514|T0042609|T0032867|T0066857|T0006383|T0048345|T0076946|T0003153|T0051486|T0088015|T0023779|T0031708|T0049949|T0062517|T0101030|T0065988|T0010487|T0046226|T0061041|T0004724
M1C0170,C0170,1,main,25,False,T0030459|T0037774|T0098589|T0014052|T0022983|T0087646|T0099235|T0050787|T0014344|T0040589|T0081267|T0008325|T0026761|T0024348|T0073293|T0095517|T0073660|T0085316|T0040659|T0010668|T0015542|T0084279|T0039507|T0030067|T0067419
M1C0174,C0174,1,main,25,False,T0024696|T0103570|T0026852|T0102498|T0058342|T0019081|T0074558|T0003697|T0096434|T0049552|T0045088|T0036605|T0055189|T0050510|T0085971|T0047560|T0030000|T0027367|T0070029|T0045460|T0001682|T0002666|T0082809|T0007514|T0054820
M1C0184,C0184,1,main,25,False,T0005299|T0000187|T0022306|T0010974|T0038374|T0038505|T0007637|T0086345|T0084098|T0015932|T0000275|T0013229|T0001351|T0011101|T0091772|T0098489|T0007423|T0075456|T0093560|T0072423|T0069070|T0044027|T0096197|T0018988|T0054231
M1C0192,C0192,1,main,25,False,T0031573|T0040653|T0019403|T0103377|T0094423|T0028099|T0067932|T0098198|T0096017|T0082804|T0051419|T0103637|T0040099|T0067743|T0065196|T0041215|T0102573|T0089797|T0038399|T0099565|T0077205|T0017782|T0036652|T0091288|T0093990
M1C0193,C0193,1,main,25,False,T0057551|T0052431|T0060670|T0040772|T0035907|T0014583|T0036677|T0015066|T0007438|T0102238|T0045558|T0010833|T0040128|T0090822|T0058458|T0049572|T0091959|T0059557|T0029731|T0021228|T0083795|T0008198|T0049805|T0086879|T0011783
M1C0196,C0196,1,main,25,False,T0101760|T0005213|T0103948|T0032452|T0084158|T0027066|T0103304|T0060613|T0004306|T0010281|T0015398|T0055277|T0006085|T0008670|T0101434|T0054610|T0079282|T0103741|T0084958|T0032286|T0082383|T0066655|T0011259|T0072290|T0005572
M1C0201,C0201,1,main,25,False,T0029153|T0090277|T0008830|T0069760|T0089107|T0071799|T0020054|T0080279|T0085094|T0104429|T0015928|T0054319|T0020193|T0053320|T0043239|T0026343|T0036580|T0019341|T0050175|T0002877|T0024581|T0037975|T0057200|T0015718|T0101633
M1C0209,C0209,1,main,20,True,T0031681|T0068997|T0048251|T0103970|T0085129|T0024410|T0060574|T0016863|T0024432|T0064640|T0003076|T0082755|T0082268|T0086129|T0081237|T0028007|T0013618|T0021780|T0037570|T0045911
M1C0226,C0226,1,main,25,False,T0054378|T0098549|T0024525|T0074871|T0038187|T0031162|T0086429|T0038410|T0086739|T0012246|T0045355|T0060735|T0033781|T0001520|T0020095|T0084514|T0044003|T0030705|T0038041|T0048105|T0013350|T0087067|T0087591|T0085426|T0038227
M1C0228,C0228,1,main,25,False,T0036117|T0016922|T0081133|T0045309|T0068850|T0077211|T0087177|T0041248|T0067471|T0062738|T0036616|T0039631|T0007609|T0052735|T0091788|T0014065|T0002015|T0095372|T0080526|T0007367|T0085630|T0014851|T0027843|T0020679|T0064946
M1C0237,C0237,1,main,25,False,T0098669|T0027515|T0076398|T0095316|T0005789|T0014155|T0064126|T0086916|T0027488|T0011861|T0042975|T0039839|T0064299|T0079402|T0017487|T0034476|T0057925|T0040189|T0069259|T0091882|T0021126|T0032378|T0083438|T0017558|T0047066
M1C0242,C0242,1,main,25,False,T0071918|T0055051|T0093782|T0096664|T0102288|T0092953|T0066066|T0013013|T0047068|T0069237|T0019912|T0015529|T0080541|T0081831|T0046512|T0047303|T0097806|T0095115|T0020927|T0011325|T0073594|T0017475|T0071832|T0027116|T0085157
M1C0244,C0244,1,main,25,False,T0096259|T0044630|T0049469|T0039226|T0039834|T0079815|T0045400|T0052674|T0014850|T0033376|T0093008|T0092210|T0082367|T0014279|T0008673|T0061585|T0067176|T0095506|T0102384|T0046244|T0100692|T0021288|T0020400|T0103621|T0048802
M1C0250,C0250,1,main,24,True,T0034374|T0035413|T0020366|T0101612|T0070495|T0098964|T0053865|T0088720|T0097211|T0009257|T0025428|T0014839|T0070172|T0092106|T0031389|T0032854|T0087060|T0093727|T0097877|T0009066|T0097978|T0002689|T0043604|T0019295
M1C0256,C0256,1,main,19,True,T0054986|T0035225|T0019925|T0083154|T0040854|T0077946|T0059525|T0063181|T0045716|T0051647|T0065608|T0070204|T0044283|T0102666|T0089204|T0092303|T0032027|T0093220|T0022223
M1C0258,C0258,1,main,16,True,T0031060|T0087996|T0077325|T0009831|T0053478|T0049420|T0001617|T0018907|T0082876|T0038939|T0027055|T0074256|T0086144|T0056784|T0088216|T0006679
M1C0263,C0263,1,main,25,False,T0012734|T0050688|T0072457|T0093394|T0039348|T0020081|T0042984|T0025480|T0088947|T0028853|T0067858|T0043875|T0031827|T0037762|T0099910|T0013302|T0053112|T0090580|T0077892|T0011667|T0040146|T0095028|T0053996|T0056746|T0021766
M1C0264,C0264,1,main,25,False,T0074286|T0061480|T0018686|T0065383|T0089932|T0026653|T0029543|T0044743|T0053571|T0103168|T0097290|T0018320|T0071034|T0004775|T0092805|T0068545|T0024685|T0019839|T0005562|T0097267|T0022574|T0061893|T0027313|T0047015|T0084044
M1C0265,C0265,1,main,25,False,T0009852|T0078115|T0015915|T0018842|T0053416|T0017681|T0041308|T0099246|T0042327|T0052602|T0031783|T0055162|T0047125|T0059235|T0037821|T0081685|T0067398|T0057866|T0003917|T0094162|T0039334|T0042293|T0058211|T0094988|T0092856
M1C0267,C0267,1,main,23,True,T0042755|T0038579|T0084916|T0048682|T0003273|T0011892|T0071108|T0042780|T0094641|T0082576|T0055085|T0027192|T0071178|T0066760|T0094049|T0046017|T0045748|T0078474|T0084231|T0021634|T0014469|T0049873|T0053868
M1C0277,C0277,1,main,25,False,T0095687|T0076075|T0102484|T0002908|T0091664|T0099822|T0020510|T0057573|T0024742|T0083451|T0077231|T0006702|T0022182|T0043360|T0087596|T0074018|T0019978|T0025311|T0052714|T0015834|T0102639|T0085820|T0079035|T0021648|T0093878
M1C0293,C0293,1,main,25,False,T0028437|T0103504|T0065251|T0099723|T0100360|T0053383|T0008322|T0007698|T0011214|T0011822|T0101733|T0048267|T0089430|T0021363|T0079348|T0027800|T0003043|T0007364|T0013382|T0103079|T0098510|T0004883|T0045270|T0059422|T0043661
M1C0294,C0294,1,main,25,False,T0041196|T0054803|T0058759|T0079831|T0020685|T0056852|T0091744|T0049463|T0024870|T0101245|T0042796|T0091061|T0000280|T0031653|T0018106|T0090085|T0091447|T0050736|T0072582|T0094463|T0027669|T0100021|T0086741|T0010644|T0049466
M1C0299,C0299,1,main,25,False,T0000631|T0068948|T0026068|T0069701|T0092614|T0033297|T0022637|T0000179|T0047551|T0098253|T0032665|T0048606|T0016930|T0051775|T0095894|T0005539|T0084127|T0082953|T0086161|T0022296|T0050687|T0082799|T0058015|T0051803|T0078503
M1C0305,C0305,1,main,25,False,T0078437|T0090432|T0009274|T0081818|T0057968|T0089913|T0037627|T0039299|T0016262|T0095760|T0022679|T0085018|T0021677|T0097104|T0011673|T0082458|T0073324|T0021810|T0054770|T0077593|T0096240|T0066416|T0010553|T0100562|T0062092
M1C0321,C0321,1,main,25,False,T0035932|T0102857|T0088505|T0004962|T0066080|T0052341|T0025188|T0043677|T0020451|T0099367|T0045952|T0095362|T0004477|T0064767|T0047809|T0081981|T0011511|T0064554|T0024230|T0071741|T0069254|T0073420|T0019861|T0040108|T0041889
M1C0324,C0324,1,main,11,True,T0092486|T0057136|T0002707|T0034351|T0017238|T0049474|T0074311|T0021950|T0035917|T0050610|T0089911
M1C0327,C0327,1,main,25,False,T0024604|T0045522|T0084585|T0074800|T0077667|T0083857|T0002207|T0043663|T0076599|T0042749|T0035646|T0054228|T0095158|T0059510|T0097054|T0066151|T0055882|T0041521|T0053893|T0067833|T0059476|T0098041|T0062282|T0089610|T0005743
M1C0330,C0330,1,main,25,False,T0095740|T0096780|T0098897|T0047020|T0005081|T0073880|T0029144|T0037657|T0024346|T0067851|T0016285|T0070317|T0068022|T0048954|T0082210|T0036522|T0053949|T0048294|T0034503|T0046480|T0036382|T0030417|T0055663|T0010790|T0070470
M1C0333,C0333,1,main,25,False,T0090513|T0015314|T0016023|T0076523|T0045927|T0058508|T0077724|T0013293|T0048927|T0100228|T0089719|T0006890|T0052536|T0079391|T0083600|T0040267|T0059856|T0103465|T0071465|T0022005|T0073761|T0040765|T0006535|T0089895|T0027855
M1C0338,C0338,1,main,25,False,T0039654|T0048461|T0045017|T0093801|T0031278|T0097686|T0015618|T0074000|T0080630|T0042473|T0011879|T0035683|T0047395|T0065449|T0059018|T0065959|T0027834|T0035296|T0013268|T0096173|T0072989|T0085078|T0046368|T0044697|T0053998
M1C0340,C0340,1,main,17,True,T0050683|T0036386|T0056871|T0069278|T0011387|T0101003|T0071960|T0010409|T0082185|T0083637|T0033686|T0031377|T0022728|T0039975|T0100998|T0080512|T0055430
M1C0343,C0343,1,main,25,False,T0099341|T0083246|T0103686|T0053372|T0016342|T0058010|T0101948|T0048138|T0088257|T0064167|T0016318|T0070733|T0083031|T0099608|T0070684|T0081452|T0074941|T0013665|T0067672|T0018982|T0007483|T0032262|T0015561|T0030082|T0102628
M1C0347,C0347,1,main,25,False,T0078888|T0090869|T0023624|T0075405|T0088625|T0073347|T0029309|T0077366|T0095798|T0035823|T0070049|T0073433|T0008523|T0093788|T0056174|T0079315|T0071066|T0002400|T0031958|T0004732|T0048688|T0095347|T0045078|T0039294|T0095064
M1C0357,C0357,1,main,25,False,T0080197|T0012348|T0079861|T0097279|T0011128|T0063575|T0020064|T0057491|T0071210|T0016737|T0048825|T0036527|T0033314|T0072851|T0017593|T0101912|T0042148|T0063079|T0073276|T0093906|T0016169|T0085839|T0077858|T0066886|T0078614
M1C0366,C0366,1,main,25,False,T0095420|T0035965|T0049955|T0046632|T0047282|T0067871|T0077733|T0043170|T0015468|T0040436|T0063515|T0090101|T0102332|T0003943|T0031351|T0011992|T0053221|T0017105|T0092318|T0068035|T0010737|T0083033|T0006767|T0067709|T0030994
M1C0371,C0371,1,main,25,False,T0039451|T0047635|T0052181|T0093910|T0094270|T0034717|T0099360|T0000480|T0062183|T0018983|T0064039|T0101794|T0058213|T0069083|T0010219|T0016699|T0009604|T0059400|T0036846|T0056764|T0016034|T0003232|T0029675|T0008786|T0050343
M1C0376,C0376,1,main,25,False,T0037013|T0021263|T0036018|T0029216|T0072596|T0023299|T0061077|T0008115|T0075016|T0089335|T0030760|T0033123|T0033065|T0085396|T0082722|T0100510|T0096621|T0095697|T0043223|T0060579|T0015757|T0080083|T0031459|T0031996|T0055735
M1C0398,C0398,1,main,20,True,T0029907|T0096129|T0023213|T0056344|T0029786|T0094669|T0074354|T0044756|T0044117|T0024614|T0080856|T0081963|T0020367|T0052501|T0084451|T0104413|T0028516|T0028535|T0068753|T0068818
M1C0399,C0399,1,main,25,False,T0069065|T0000164|T0077360|T0050313|T0083777|T0045143|T0091578|T0008394|T0025982|T0047918|T0058131|T0067074|T0024386|T0059096|T0103919|T0090308|T0017407|T0080291|T0001436|T0011720|T0038357|T0005648|T0021719|T0034650|T0076918
M1C0412,C0412,1,main,25,False,T0062091|T0080006|T0029079|T0058714|T0011994|T0070573|T0026968|T0099087|T0045380|T0103076|T0021602|T0007268|T0031864|T0052173|T0049749|T0039448|T0018548|T0027667|T0060864|T0056917|T0091124|T0090881|T0051214|T0061496|T0088093
M1C0416,C0416,1,main,25,False,T0030781|T0065812|T0091982|T0012902|T0055319|T0061721|T0080880|T0060199|T0078352|T0071133|T0057884|T0064533|T0098923|T0068395|T0004048|T0007990|T0063742|T0001536|T0084418|T0008042|T0078118|T0104337|T0049141|T0072571|T0061001
M1C0417,C0417,1,main,25,False,T0032934|T0100553|T0029419|T0087915|T0083944|T0091093|T0075969|T0019950|T0022162|T0082583|T0004335|T0032920|T0050945|T0038365|T0023969|T0030863|T0085048|T0026053|T0081530|T0029632|T0018046|T0092749|T0000660|T0039016|T0090198
M1C0419,C0419,1,main,25,False,T0019012|T0099974|T0010415|T0079227|T0033990|T0006003|T0045512|T0049265|T0005158|T0008450|T0022290|T0060446|T0042550|T0017258|T0045386|T0083121|T0001056|T0006586|T0065636|T0030416|T0058325|T0061810|T0027136|T0068809|T0102895
M1C0420,C0420,1,main,25,False,T0053719|T0095656|T0018313|T0062277|T0097185|T0057090|T0082127|T0099161|T0062029|T0081880|T0020255|T0089251|T0053931|T0000161|T0050866|T0064616|T0103518|T0032200|T0100963|T0010656|T0075654|T0097977|T0009989|T0042709|T0068320
M1C0423,C0423,1,main,25,False,T0100311|T0097623|T0000985|T0085765|T0102147|T0090329|T0048649|T0032111|T0011942|T0014592|T0069332|T0032519|T0020562|T0073502|T0077209|T0051499|T0102649|T0057323|T0020575|T0042959|T0051554|T0062778|T0051360|T0032808|T0010512
M1C0428,C0428,1,main,25,False,T0075865|T0010187|T0082486|T0051741|T0037678|T0031537|T0008874|T0081524|T0024159|T0029895|T0076158|T0022176|T0022628|T0071666|T0039625|T0010532|T0043888|T0029281|T0100114|T0097800|T0007654|T0056948|T0028236|T0043200|T0048707
M1C0442,C0442,1,main,25,False,T0041650|T0005506|T0091159|T0079554|T0029218|T0071352|T0102680|T0077969|T0100872|T0061980|T0022122|T0077967|T0017343|T0044846|T0072042|T0033480|T0090860|T0007538|T0086312|T0056354|T0096075|T0072183|T0104594|T0039181|T0065828
M1C0445,C0445,1,main,25,False,T0006458|T0096095|T0088519|T0053494|T0090499|T0096836|T0069293|T0027341|T0057705|T0041567|T0101993|T0071394|T0050200|T0032256|T0030472|T0094619|T0061211|T0095556|T0041638|T0098899|T0049849|T0014135|T0094179|T0009672|T0071976
M1C0449,C0449,1,main,25,False,T0060324|T0079570|T0020301|T0036156|T0098244|T0045074|T0036742|T0086842|T0026120|T0097876|T0005123|T0068475|T0078256|T0078736|T0035590|T0053767|T0038427|T0014942|T0034004|T0031675|T0069409|T0060090|T0059778|T0070611|T0046772
M1C0450,C0450,1,main,25,False,T0010937|T0046377|T0087927|T0100596|T0022804|T0039140|T0062253|T0102494|T0087918|T0099022|T0028363|T0064323|T0013643|T0031858|T0046747|T0070711|T0037926|T0068644|T0040423|T0079123|T0011784|T0001433|T0072791|T0070918|T0025956
M1C0451,C0451,1,main,25,False,T0024629|T0012536|T0005720|T0021390|T0032245|T0040305|T0010328|T0058084|T0104521|T0017639|T0035606|T0097820|T0022443|T0073832|T0070181|T0074633|T0083743|T0031445|T0088683|T0032966|T0058925|T0086577|T0043904|T0060573|T0018241
M1C0456,C0456,1,main,25,False,T0089854|T0007927|T0016005|T0073217|T0089421|T0057254|T0032877|T0084363|T0054859|T0097502|T0103360|T0061198|T0003434|T0079626|T0057854|T0006318|T0058344|T0033746|T0036308|T0047140|T0103396|T0023375|T0005041|T0003399|T0074518
M1C0474,C0474,1,main,8,True,T0072415|T0041586|T0002671|T0013139|T0096935|T0015499|T0092639|T0101336
M1C0481,C0481,1,main,25,False,T0025887|T0078962|T0058948|T0039455|T0047778|T0069716|T0010842|T0028694|T0001257|T0015145|T0006225|T0084293|T0097663|T0099196|T0010727|T0081904|T0073516|T0040783|T0065169|T0085174|T0008538|T0082618|T0069430|T0033281|T0026312
M1C0485,C0485,1,main,25,False,T0027685|T0094992|T0062597|T0024808|T0070752|T0038095|T0037716|T0067349|T0095592|T0020937|T0023993|T0019134|T0042939|T0080054|T0086034|T0085200|T0009728|T0069487|T0003451|T0075301|T0074078|T0040172|T0041563|T0053628|T0074494
M1C0489,C0489,1,main,25,False,T0063041|T0104382|T0012184|T0068343|T0043710|T0074774|T0039147|T0058622|T0047735|T0017585|T0003621|T0041579|T0025504|T0067936|T0087717|T0072957|T0032895|T0020587|T0038221|T0023537|T0083079|T0054995|T0046741|T0002855|T0049451
M1C0496,C0496,1,main,25,False,T0094037|T0029934|T0046958|T0030988|T0093930|T0092154|T0056519|T0023947|T0066718|T0028490|T0072498|T0024271|T0073640|T0043668|T0078433|T0015587|T0037466|T0069402|T0028729|T0011405|T0074727|T0074228|T0067578|T0088680|T0094530
M1C0501,C0501,1,main,25,False,T0097162|T0011646|T0018425|T0046163|T0078502|T0072723|T0075587|T0001908|T0008020|T0078521|T0078971|T0098953|T0009543|T0073468|T0013779|T0041573|T0032067|T0093663|T0102437|T0052374|T0013760|T0083672|T0059776|T0098405|T0081802
M1C0504,C0504,1,main,25,False,T0050700|T0035734|T0063080|T0011843|T0056084|T0033894|T0091576|T0002765|T0015135|T0021803|T0022645|T0068846|T0058279|T0099994|T0044493|T0069698|T0024415|T0072525|T0090493|T0007721|T0022833|T0037674|T0031168|T0102261|T0066107
M1C0506,C0506,1,main,25,False,T0087680|T0094407|T0007455|T0009153|T0017298|T0081905|T0006235|T0004631|T0032798|T0022202|T0078421|T0027248|T0079071|T0100974|T0081858|T0047425|T0091351|T0100567|T0035464|T0036962|T0077837|T0022551|T0090810|T0104068|T0032114
M1C0508,C0508,1,main,25,False,T0032814|T0017484|T0104522|T0089699|T0019944|T0054064|T0036948|T0104095|T0052659|T0025032|T0096046|T0031015|T0075919|T0034847|T0102283|T0068225|T0102701|T0035888|T0028771|T0063968|T0066891|T0001836|T0079428|T0086191|T0041401
M1C0515,C0515,1,main,23,True,T0057335|T0069091|T0060859|T0050877|T0092181|T0034946|T0010492|T0087616|T0059356|T0030852|T0009387|T0075607|T0070449|T0069608|T0036131|T0087536|T0045336|T0054566|T0075794|T0036690|T0091474|T0060913|T0092970
M1C0534,C0534,1,main,25,False,T0037812|T0001295|T0040455|T0046187|T0029711|T0071482|T0018317|T0064701|T0032014|T0006086|T0022964|T0021496|T0055827|T0005671|T0068015|T0009739|T0101873|T0062758|T0089212|T0032941|T0084411|T0100115|T0074447|T0024998|T0008931
M1C0549,C0549,1,main,25,False,T0019641|T0102695|T0016566|T0087948|T0025652|T0097828|T0090940|T0012413|T0062188|T0086344|T0078066|T0081128|T0046598|T0041719|T0069340|T0053420|T0000937|T0030339|T0096865|T0097166|T0102402|T0063839|T0015809|T0043669|T0086185
M1C0552,C0552,1,main,20,True,T0030771|T0049385|T0053080|T0061757|T0037884|T0049247|T0103743|T0056438|T0097522|T0016245|T0027194|T0029963|T0065835|T0077419|T0065069|T0082058|T0056386|T0070869|T0084570|T0015557
M1C0567,C0567,1,main,25,False,T0089403|T0091270|T0007599|T0006103|T0030693|T0044119|T0078165|T0083287|T0041905|T0071486|T0040681|T0068406|T0086975|T0083251|T0034775|T0014628|T0096914|T0059841|T0029716|T0102554|T0089629|T0097733|T0000548|T0093396|T0059774
M1C0580,C0580,1,main,25,False,T0090239|T0103020|T0064359|T0002559|T0017245|T0094050|T0087417|T0073720|T0089821|T0049310|T0018989|T0050466|T0062837|T0099618|T0060552|T0080023|T0079386|T0036909|T0018953|T0078286|T0005273|T0080363|T0012083|T0081014|T0023137
M1C0586,C0586,1,main,18,True,T0053085|T0025288|T0060890|T0076508|T0102590|T0038204|T0029374|T0097555|T0102673|T0070196|T0039323|T0094983|T0077146|T0077254|T0085357|T0027170|T0008103|T0063828
M1C0587,C0587,1,main,25,False,T0015948|T0103019|T0072587|T0062171|T0043367|T0070640|T0068739|T0101914|T0047683|T0039242|T0045106|T0084877|T0083874|T0037445|T0035302|T0057777|T0077630|T0079941|T0102667|T0026413|T0057864|T0089490|T0093139|T0002605|T0062408
M1C0590,C0590,1,main,25,False,T0082395|T0033813|T0094868|T0004576|T0077153|T0067384|T0051237|T0080922|T0030262|T0098346|T0042638|T0039717|T0081810|T0088976|T0068599|T0100908|T0075890|T0062055|T0039868|T0055438|T0075441|T0071525|T0097416|T0081349|T0046930
M1C0591,C0591,1,main,25,False,T0024418|T0054313|T0078651|T0033051|T0073933|T0086729|T0029750|T0049796|T0051413|T0020233|T0065176|T0080187|T0017259|T0015551|T0036954|T0077122|T0097875|T0010516|T0084362|T0095902|T0036559|T0078828|T0067974|T0102704|T0009057
M1C0592,C0592,1,main,25,False,T0010507|T0065875|T0062598|T0069937|T0037189|T0017665|T0102343|T0101179|T0017735|T0051946|T0028616|T0052272|T0026084|T0075144|T0000069|T0037168|T0088226|T0060116|T0040307|T0010497|T0008915|T0041207|T0065922|T0076739|T0054523
M1C0597,C0597,1,main,12,True,T0025634|T0059933|T0028097|T0023269|T0075280|T0072950|T0020288|T0056814|T0097283|T0019859|T0066051|T0016175
M1C0610,C0610,1,main,25,False,T0072285|T0016845|T0093590|T0076547|T0082603|T0009043|T0064857|T0016924|T0012618|T0041444|T0024443|T0054938|T0060784|T0044734|T0030950|T0028284|T0027333|T0074206|T0039273|T0100817|T0086012|T0081580|T0025575|T0044217|T0000839
M1C0613,C0613,1,main,25,False,T0051874|T0047246|T0059885|T0090334|T0016286|T0039985|T0076594|T0028283|T0095027|T0033097|T0048358|T0041962|T0064165|T0058560|T0044287|T0001874|T0104532|T0104350|T0043801|T0052079|T0060260|T0029754|T0032694|T0096061|T0023031
M1C0614,C0614,1,main,25,False,T0052548|T0042307|T0074673|T0088889|T0016188|T0091002|T0033313|T0022709|T0025152|T0024197|T0037941|T0075398|T0014281|T0094981|T0088268|T0017814|T0100356|T0011456|T0003765|T0092927|T0072783|T0080130|T0052321|T0019976|T0036674
M1C0621,C0621,1,main,25,False,T0058128|T0094842|T0097382|T0029568|T0055881|T0052437|T0103668|T0003940|T0049757|T0068796|T0073164|T0016697|T0088545|T0008185|T0067320|T0048191|T0093667|T0071744|T0073657|T0094022|T0058297|T0042944|T0015018|T0001467|T0040616
M1C0622,C0622,1,main,25,False,T0052867|T0079215|T0021551|T0083114|T0081788|T0094925|T0036024|T0022160|T0082696|T0080417|T0076778|T0031594|T0025800|T0090231|T0099854|T0082483|T0007151|T0033096|T0006788|T0077032|T0089889|T0048955|T0009012|T0051697|T0068357
M1C0631,C0631,1,main,25,False,T0042533|T0060038|T0086667|T0101818|T0098044|T0054765|T0001370|T0063132|T0017600|T0070176|T0102215|T0072572|T0036425|T0091955|T0069568|T0021776|T0098794|T0015899|T0046526|T0012358|T0078212|T0093678|T0029005|T0098171|T0095500
M1C0634,C0634,1,main,25,False,T0004013|T0011417|T0065811|T0097240|T0070634|T0073154|T0084244|T0081564|T0101835|T0025905|T0068464|T0054341|T0014099|T0016437|T0046838|T0039032|T0044081|T0103370|T0026137|T0096685|T0031859|T0006887|T0047458|T0103503|T0007745
M1C0639,C0639,1,main,25,False,T0102482|T0084250|T0084168|T0000824|T0028609|T0069472|T0012177|T0031606|T0084157|T0076798|T0022342|T0056026|T0000403|T0020872|T0033422|T0081454|T0082733|T0052391|T0077234|T0031401|T0010613|T0005263|T0025888|T0090172|T0078151
M1C0641,C0641,1,main,25,False,T0039559|T0038706|T0083775|T0041887|T0076586|T0060213|T0050062|T0101330|T0020518|T0054481|T0018480|T0066698|T0019649|T0064481|T0029700|T0038732|T0057989|T0022787|T0040301|T0007064|T0056225|T0020688|T0070020|T0052226|T0076236
M1C0654,C0654,1,main,24,True,T0100751|T0011555|T0086485|T0014773|T0053612|T0069068|T0039204|T0034541|T0102012|T0095212|T0080531|T0082377|T0080239|T0080492|T0061461|T0084880|T0040556|T0001111|T0009010|T0018213|T0066961|T0097001|T0094708|T0016765
M1C0657,C0657,1,main,25,False,T0094998|T0037909|T0051145|T0022727|T0072191|T0083290|T0056662|T0039735|T0044160|T0028908|T0025179|T0098272|T0052667|T0050420|T0054624|T0075176|T0097384|T0035708|T0041429|T0042545|T0036863|T0020177|T0039648|T0025438|T0094007
M1C0661,C0661,1,main,25,False,T0032505|T0081252|T0001202|T0052693|T0020111|T0004011|T0098726|T0085770|T0058787|T0077998|T0041267|T0052287|T0012153|T0061355|T0000989|T0003722|T0016846|T0058371|T0054685|T0009521|T0085229|T0073219|T0058328|T0091853|T0052565
M1C0662,C0662,1,main,25,False,T0054404|T0038142|T0048063|T0099610|T0024242|T0076544|T0033396|T0086346|T0093485|T0083892|T0006194|T0011724|T0085304|T0089527|T0053905|T0044020|T0072765|T0021100|T0075621|T0002106|T0061199|T0086568|T0058149|T0016658|T0016128
M1C0684,C0684,1,main,25,False,T0060512|T0095604|T0013469|T0058968|T0000419|T0088218|T0091993|T0081772|T0009689|T0042601|T0054214|T0082958|T0083594|T0086757|T0053487|T0056612|T0049146|T0022880|T0056907|T0043747|T0089441|T0065380|T0028056|T0019743|T0073819
M1C0692,C0692,1,main,20,True,T0048537|T0055614|T0071953|T0065166|T0071608|T0096176|T0099883|T0104269|T0080179|T0079928|T0044578|T0042057|T0000953|T0097264|T0073106|T0058208|T0008201|T0035439|T0027128|T0008655
M1C0695,C0695,1,main,25,False,T0064212|T0013137|T0014924|T0056288|T0102810|T0017921|T0076310|T0051811|T0049790|T0062347|T0095651|T0052122|T0012894|T0032716|T0078933|T0074678|T0003462|T0089603|T0041374|T0034161|T0034940|T0039782|T0056472|T0027861|T0098018
M1C0710,C0710,1,main,25,False,T0005227|T0089870|T0085666|T0008844|T0045769|T0100056|T0077519|T0061844|T0075864|T0091276|T0005225|T0096663|T0102733|T0018859|T0043713|T0086969|T0021748|T0097419|T0104479|T0000269|T0028020|T0031243|T0078727|T0049979|T0095206
M1C0711,C0711,1,main,25,False,T0037078|T0054160|T0091294|T0054393|T0017640|T0021042|T0031456|T0030424|T0065783|T0058555|T0021409|T0061783|T0079395|T0033159|T0066680|T0003040|T0018869|T0055558|T0062613|T0059352|T0041872|T0089672|T0004235|T0067982|T0031423
M1C0727,C0727,1,main,25,False,T0035617|T0022882|T0017023|T0010872|T0038324|T0011556|T0078973|T0087629|T0081361|T0084394|T0012854|T0064261|T0054219|T0004890|T0004672|T0071256|T0078783|T0056947|T0049126|T0037116|T0035213|T0063116|T0015364|T0065998|T0097025
M1C0736,C0736,1,main,25,False,T0058966|T0046306|T0011412|T0094079|T0082978|T0037672|T0024820|T0094744|T0040051|T0014317|T0074215|T0064011|T0069736|T0004120|T0093899|T0043761|T0065470|T0068849|T0013979|T0009845|T0025160|T0049029|T0022109|T0027557|T0032636
M1C0739,C0739,1,main,25,False,T0063127|T0010520|T0058539|T0092644|T0100428|T0008120|T0002967|T0097816|T0039082|T0053581|T0006311|T0093726|T0039711|T0036516|T0008351|T0062950|T0031281|T0076578|T0012843|T0063109|T0062478|T0095026|T0025235|T0079354|T0036584
M1C0742,C0742,1,main,25,False,T0090736|T0027041|T0091312|T0055563|T0057605|T0048322|T0002532|T0016474|T0076298|T0087981|T0087445|T0071506|T0055622|T0096323|T0101347|T0073943|T0054743|T0024877|T0071200|T0013347|T0088910|T0029022|T0091844|T0070575|T0073114
M1C0747,C0747,1,main,25,False,T0046791|T0036911|T0011301|T0030636|T0022181|T0067602|T0050469|T0064037|T0063107|T0038750|T0040336|T0013126|T0090096|T0085265|T0001389|T0084131|T0090339|T0021565|T0098608|T0075415|T0087323|T0091005|T0083865|T0042124|T0089234
M1C0758,C0758,1,main,25,False,T0033792|T0066053|T0090080|T0103151|T0022739|T0044054|T0051860|T0060056|T0055561|T0017319|T0073325|T0058395|T0100590|T0029478|T0023479|T0004952|T0061938|T0030625|T0009972|T0083641|T0006976|T0058006|T0090286|T0095490|T0041667
M1C0765,C0765,1,main,25,False,T0036995|T0036926|T0090954|T0074914|T0076340|T0033413|T0021824|T0062304|T0045188|T0015787|T0016158|T0091491|T0027517|T0025548|T0033245|T0063323|T0011528|T0091820|T0025957|T0076999|T0019222|T0057310|T0000901|T0095884|T0043662
M1C0776,C0776,1,main,25,False,T0045584|T0098030|T0050583|T0093186|T0074423|T0097086|T0015573|T0069410|T0010811|T0022077|T0005034|T0089072|T0082143|T0085052|T0012050|T0056723|T0007092|T0036186|T0006271|T0060238|T0084905|T0003194|T0055975|T0049894|T0010198
M1C0781,C0781,1,main,25,False,T0066554|T0075225|T0055705|T0082309|T0093504|T0069747|T0023008|T0038612|T0031561|T0045422|T0086692|T0060019|T0076455|T0092354|T0024785|T0054553|T0054705|T0057547|T0045236|T0099595|T0011885|T0028799|T0101181|T0101165|T0095639
M1C0788,C0788,1,main,25,False,T0060688|T0011183|T0075178|T0027185|T0033583|T0080321|T0102386|T0047331|T0041916|T0061197|T0099352|T0102875|T0095519|T0061086|T0102987|T0041113|T0024170|T0090638|T0083753|T0092491|T0101154|T0050767|T0074051|T0045035|T0010972
M1C0798,C0798,1,main,12,True,T0028692|T0015699|T0027992|T0024317|T0036600|T0064503|T0095716|T0023035|T0075058|T0044298|T0067043|T0078063
M1C0803,C0803,1,main,25,False,T0017308|T0078517|T0003154|T0028223|T0056975|T0019165|T0093313|T0014776|T0049583|T0022327|T0060458|T0072114|T0050986|T0072542|T0039689|T0065968|T0031777|T0031744|T0042544|T0048939|T0034635|T0018878|T0024311|T0066537|T0037404
M1C0811,C0811,1,main,25,False,T0100746|T0057769|T0084702|T0032396|T0008155|T0028599|T0036740|T0079195|T0074826|T0073487|T0008783|T0045468|T0005739|T0053589|T0026154|T0052082|T0095181|T0061899|T0095186|T0093496|T0070290|T0019527|T0056447|T0000024|T0007378
M1C0814,C0814,1,main,25,False,T0100320|T0072085|T0063877|T0011203|T0045810|T0051137|T0047233|T0074882|T0076134|T0023362|T0086258|T0033799|T0020895|T0036058|T0075982|T0097595|T0013977|T0059571|T0030104|T0046126|T0100542|T0065032|T0059649|T0000611|T0020690
M1C0817,C0817,1,main,25,False,T0076855|T0031396|T0056015|T0025923|T0088352|T0033811|T0012689|T0097625|T0072380|T0018822|T0002039|T0023818|T0049256|T0002304|T0088516|T0075513|T0002711|T0024863|T0002722|T0076446|T0048554|T0005685|T0091213|T0059948|T0035616
M1C0832,C0832,1,main,25,False,T0010017|T0085182|T0069790|T0099114|T0017925|T0034787|T0085515|T0052188|T0047276|T0096287|T0095101|T0041303|T0104136|T0048054|T0071502|T0090553|T0045953|T0019093|T0072644|T0085802|T0016472|T0101864|T0082307|T0069109|T0001301
M1C0834,C0834,1,main,25,False,T0077207|T0002629|T0036203|T0024405|T0041160|T0056247|T0101227|T0064738|T0012632|T0082413|T0070439|T0052633|T0083853|T0099260|T0035669|T0003205|T0082582|T0101077|T0038846|T0043949|T0085679|T0022260|T0003089|T0052141|T0007073
M1C0836,C0836,1,main,25,False,T0093016|T0009185|T0064491|T0069426|T0046769|T0065456|T0017165|T0054808|T0100005|T0020443|T0035158|T0048911|T0049607|T0053343|T0086081|T0091825|T0096768|T0008818|T0075594|T0031487|T0018305|T0050118|T0036215|T0096443|T0070261
M1C0853,C0853,1,main,25,False,T0098567|T0036000|T0095174|T0051345|T0045356|T0052614|T0093132|T0009183|T0083349|T0076846|T0087069|T0084855|T0051405|T0055635|T0085946|T0061607|T0070908|T0095090|T0016119|T0006934|T0097514|T0082557|T0025387|T0051364|T0065090
M1C0867,C0867,1,main,22,True,T0044408|T0004268|T0074745|T0070208|T0066589|T0099718|T0063958|T0041806|T0086389|T0040144|T0037341|T0074642|T0071217|T0041269|T0040344|T0022027|T0008855|T0066448|T0068705|T0050478|T0101522|T0050778
M1C0870,C0870,1,main,25,False,T0035905|T0046934|T0039366|T0074205|T0078031|T0052322|T0046813|T0075757|T0094855|T0020815|T0034937|T0065096|T0077832|T0012513|T0046974|T0011500|T0033558|T0098606|T0044792|T0050631|T0000721|T0086818|T0006334|T0090394|T0009755
M1C0872,C0872,1,main,25,False,T0067218|T0016138|T0052176|T0081826|T0081427|T0084071|T0040811|T0030406|T0054961|T0020967|T0081746|T0087392|T0087669|T0064918|T0059665|T0075083|T0091243|T0064296|T0057189|T0027261|T0100067|T0025399|T0060921|T0067613|T0038194
M1C0875,C0875,1,main,24,True,T0022666|T0005855|T0003009|T0044597|T0032547|T0011296|T0098727|T0051445|T0095287|T0036644|T0091513|T0094339|T0072175|T0027431|T0033022|T0010149|T0032015|T0045480|T0079989|T0026430|T0051689|T0009702|T0009505|T0085548
M1C0876,C0876,1,main,25,False,T0030682|T0001393|T0001193|T0047903|T0036307|T0062461|T0010262|T0003174|T0064186|T0085869|T0004247|T0036157|T0054805|T0049588|T0026723|T0034205|T0006785|T0047076|T0049599|T0038495|T0098556|T0049151|T0019850|T0036360|T0031347
M1C0881,C0881,1,main,25,False,T0046425|T0074317|T0054711|T0054591|T0053313|T0007263|T0042955|T0103311|T0047519|T0026310|T0037296|T0080249|T0060550|T0068178|T0036377|T0010533|T0058308|T0081952|T0029335|T0066858|T0025154|T0032204|T0049679|T0028046|T0053786
M1C0882,C0882,1,main,25,False,T0067476|T0015131|T0033917|T0004867|T0042504|T0044165|T0056137|T0032518|T0095075|T0029083|T0049841|T0065129|T0027104|T0035291|T0007008|T0094351|T0030931|T0099378|T0073730|T0078169|T0049202|T0100487|T0089921|T0068634|T0098662
M1C0885,C0885,1,main,25,False,T0079695|T0039668|T0064754|T0074830|T0046130|T0089155|T0077012|T0025717|T0042991|T0087375|T0011303|T0099027|T0064229|T0102027|T0098884|T0038424|T0089023|T0001361|T0051284|T0015432|T0032928|T0002764|T0047299|T0031475|T0077079
M1C0893,C0893,1,main,25,False,T0099082|T0044243|T0092834|T0088405|T0058947|T0097438|T0098504|T0046172|T0046304|T0084934|T0044718|T0082952|T0050666|T0021754|T0012634|T0042078|T0013910|T0006144|T0003958|T0076360|T0073788|T0096300|T0036915|T0001713|T0025012
M1C0908,C0908,1,main,25,False,T0094824|T0092286|T0043909|T0041888|T0096404|T0041831|T0027935|T0093237|T0091834|T0057494|T0084959|T0073623|T0058604|T0087130|T0012264|T0060720|T0024908|T0028496|T0056325|T0011888|T0085639|T0016093|T0030393|T0046506|T0073406
M2C0004,C0004,2,main,25,False,T0074702|T0026563|T0049564|T0005710|T0073208|T0057717|T0048343|T0010925|T0003817|T0088288|T0087761|T0070016|T0048157|T0075791|T0026245|T0028158|T0018051|T0021232|T0008426|T0052182|T0051672|T0024561|T0045863|T0048017|T0103169
M2C0005,C0005,2,main,25,False,T0074563|T0067640|T0055372|T0053635|T0076449|T0081804|T0098010|T0062833|T0098107|T0069928|T0057378|T0065616|T0088617|T0067839|T0020921|T0055475|T0015373|T0018284|T0014304|T0035185|T0038614|T0046755|T0038576|T0072744|T0034309
M2C0006,C0006,2,main,25,False,T0015535|T0087887|T0028452|T0096308|T0017438|T0080511|T0041328|T0046464|T0052511|T0010797|T0069536|T0003450|T0030332|T0050275|T0023781|T0072068|T0006975|T0064022|T0063645|T0065274|T0046138|T0042731|T0010921|T0022171|T0101078
M2C0010,C0010,2,main,25,False,T0096003|T0070136|T0081056|T0092951|T0079324|T0074903|T0060114|T0045219|T0010462|T0045061|T0048205|T0021470|T0029043|T0061546|T0009137|T0078633|T0044363|T0078532|T0080835|T0078017|T0024541|T0093305|T0074943|T0081355|T0064517
M2C0011,C0011,2,main,25,False,T0042979|T0063432|T0074649|T0096562|T0073365|T0048928|T0062609|T0060892|T0088283|T0025523|T0079672|T0077282|T0065534|T0018898|T0022761|T0054127|T0089432|T0080875|T0085821|T0100815|T0005516|T0036731|T0016064|T0018189|T0059334
M2C0017,C0017,2,main,25,False,T0007324|T0063428|T0076939|T0054892|T0091862|T0092080|T0058623|T0096009|T0031199|T0012736|T0062274|T0103428|T0004540|T0022269|T0031076|T0025476|T0060974|T0082796|T0091813|T0082487|T0035717|T0079228|T0075322|T0095660|T0101270
M2C0040,C0040,2,main,25,False,T0038452|T0012718|T0041701|T0061035|T0000396|T0048626|T0006618|T0060595|T0019315|T0091477|T0000884|T0094262|T0055046|T0057894|T0000072|T0097699|T0099038|T0070576|T0000756|T0054518|T0038924|T0095512|T0066661|T0086024|T0009822
M2C0043,C0043,2,main,25,False,T0047830|T0087419|T0075130|T0085411|T0088776|T0078059|T0073372|T0054973|T0081392|T0013001|T0014474|T0096706|T0056856|T0073016|T0003324|T0025300|T0087716|T0037457|T0090262|T0097006|T0099506|T0078497|T0031476|T0026400|T0047739
M2C0046,C0046,2,main,25,False,T0099070|T0049558|T0055741|T0006348|T0072437|T0073656|T0023332|T0025068|T0098672|T0008615|T0006764|T0051897|T0015416|T0091240|T0050907|T0070441|T0062030|T0006185|T0011620|T0017036|T0037504|T0014983|T0059081|T0059515|T0001561
M2C0049,C0049,2,main,25,False,T0021976|T0029322|T0041646|T0098357|T0021737|T0082865|T0001643|T0090500|T0010506|T0020042|T0021526|T0052983|T0033684|T0084064|T0067410|T0023530|T0098789|T0024612|T0055781|T0023257|T0014527|T0093888|T0094958|T0065350|T0030743
M2C0050,C0050,2,main,25,False,T0039875|T0034670|T0015008|T0052789|T0033312|T0023882|T0085408|T0061483|T0073969|T0055108|T0087219|T0104309|T0039077|T0093409|T0080977|T0030024|T0094910|T0083397|T0085235|T0025343|T0035545|T0033567|T0087856|T0068937|T0038540
M2C0062,C0062,2,main,25,False,T0061498|T0026002|T0076543|T0073648|T0072268|T0086310|T0026803|T0018991|T0020835|T0102225|T0013883|T0036194|T0087553|T0057583|T0019101|T0010673|T0030564|T0099055|T0102817|T0033450|T0069296|T0006301|T0044339|T0075615|T0060353
M2C0066,C0066,2,main,25,False,T0009732|T0029018|T0032318|T0100941|T0061527|T0072368|T0070994|T0046042|T0083500|T0008105|T0008266|T0039743|T0022597|T0045988|T0016954|T0047584|T0061387|T0084819|T0008190|T0091707|T0069823|T0092279|T0103595|T0036987|T0044026
M2C0068,C0068,2,main,25,False,T0061563|T0041743|T0013022|T0003358|T0010664|T0071205|T0022026|T0035718|T0088250|T0058271|T0093974|T0096328|T0071251|T0068998|T0065953|T0008668|T0065037|T0003927|T0052792|T0060878|T0061828|T0039048|T0022810|T0101542|T0023462
M2C0072,C0072,2,main,25,False,T0053322|T0010164|T0027108|T0018850|T0065987|T0020638|T0029178|T0025181|T0035494|T0002431|T0084900|T0100240|T0010954|T0048227|T0013817|T0007642|T0009850|T0027145|T0048638|T0005426|T0040461|T0051290|T0033864|T0086744|T0050824
M2C0075,C0075,2,main,25,False,T0063932|T0005282|T0038558|T0034198|T0016881|T0042077|T0093031|T0051323|T0087794|T0082498|T0038222|T0006981|T0036769|T0063015|T0073004|T0097431|T0101086|T0018296|T0025758|T0068408|T0027149|T0040536|T0104003|T0056926|T0102659
M2C0085,C0085,2,main,20,True,T0044077|T0036351|T0038130|T0077613|T0040528|T0048668|T0063258|T0047052|T0083432|T0013937|T0023282|T0049861|T0076081|T0049455|T0066534|T0045051|T0019430|T0096801|T0078368|T0030386
M2C0088,C0088,2,main,22,True,T0072527|T0099426|T0078243|T0017334|T0035465|T0026320|T0089188|T0056989|T0068691|T0090871|T0011044|T0033668|T0093566|T0064698|T0092199|T0001051|T0069051|T0025374|T0075583|T0037701|T0088222|T0038236
M2C0089,C0089,2,main,25,False,T0055981|T0002208|T0089357|T0018666|T0060034|T0005712|T0088783|T0009726|T0078678|T0014489|T0035500|T0099538|T0090031|T0081517|T0063664|T0054318|T0078051|T0027378|T0067896|T0017703|T0054731|T0028743|T0032642|T0100314|T0005050
M2C0093,C0093,2,main,25,False,T0095142|T0035861|T0093749|T0018660|T0030962|T0036704|T0094760|T0036003|T0071581|T0092602|T0051242|T0093040|T0052891|T0015739|T0073849|T0062538|T0100960|T0053531|T0038420|T0100523|T0090737|T0091629|T0063656|T0023659|T0085070
M2C0101,C0101,2,main,9,True,T0001969|T0046752|T0037606|T0021796|T0014973|T0036274|T0011529|T0100419|T0071688
M2C0104,C0104,2,main,25,False,T0000265|T0020107|T0059266|T0053782|T0020428|T0056556|T0032377|T0029068|T0014012|T0098161|T0019088|T0088937|T0057291|T0044610|T0080340|T0068448|T0037721|T0062256|T0020412|T0006773|T0045055|T0058087|T0003964|T0104250|T0009408
M2C0107,C0107,2,main,25,False,T0060367|T0040495|T0038216|T0017187|T0032374|T0056560|T0084528|T0056329|T0068735|T0062041|T0097046|T0008701|T0104543|T0007940|T0060002|T0032026|T0028832|T0072122|T0088888|T0081280|T0001545|T0043440|T0076017|T0072350|T0047267
M2C0111,C0111,2,main,25,False,T0004400|T0064430|T0067520|T0066019|T0056868|T0012744|T0069445|T0049311|T0036447|T0009679|T0022809|T0087131|T0060258|T0103375|T0023181|T0102716|T0102269|T0051188|T0036709|T0001894|T0036346|T0064329|T0014454|T0099384|T0058665
M2C0134,C0134,2,main,25,False,T0100366|T0044749|T0018013|T0063586|T0073527|T0076489|T0058161|T0073440|T0050178|T0074625|T0025942|T0053671|T0020314|T0046160|T0056476|T0033147|T0008455|T0011997|T0101994|T0013223|T0009757|T0031074|T0037475|T0008156|T0021613
M2C0142,C0142,2,main,25,False,T0074343|T0057125|T0045601|T0046307|T0042507|T0007508|T0005587|T0036960|T0088472|T0093428|T0015895|T0048730|T0019753|T0022736|T0031719|T0055443|T0092038|T0023796|T0088612|T0032873|T0034675|T0051800|T0079888|T0062831|T0086688
M2C0144,C0144,2,main,25,False,T0001767|T0086350|T0025763|T0032480|T0030134|T0061204|T0007695|T0013486|T0090522|T0000746|T0001926|T0100625|T0071459|T0058582|T0063478|T0030900|T0024689|T0037605|T0002680|T0018119|T0096132|T0019249|T0080042|T0091536|T0097249
M2C0146,C0146,2,main,25,False,T0017864|T0093147|T0072557|T0059330|T0090473|T0008396|T0053891|T0102382|T0064526|T0006560|T0081537|T0055664|T0032664|T0018576|T0095113|T0093240|T0065036|T0025711|T0053854|T0013954|T0078662|T0061854|T0070741|T0099231|T0022337
M2C0155,C0155,2,main,25,False,T0007720|T0065988|T0063684|T0101030|T0088015|T0032867|T0054204|T0053808|T0049949|T0023037|T0010487|T0057253|T0066857|T0006383|T0064196|T0003588|T0010514|T0062517|T0042181|T0031708|T0083065|T0041642|T0023779|T0003153|T0061041
M2C0170,C0170,2,main,25,False,T0095933|T0091937|T0040659|T0081267|T0030067|T0014052|T0087646|T0015542|T0039507|T0095517|T0037774|T0072474|T0047107|T0022983|T0073660|T0004539|T0102042|T0026761|T0014344|T0030459|T0085316|T0010668|T0050787|T0098589|T0099235
M2C0174,C0174,2,main,25,False,T0049552|T0097772|T0054820|T0031164|T0030000|T0058342|T0102498|T0027367|T0019081|T0074558|T0047560|T0046604|T0014242|T0072266|T0050510|T0040706|T0096434|T0045088|T0003697|T0055189|T0070029|T0085971|T0082809|T0024696|T0069156
M2C0184,C0184,2,main,25,False,T0070697|T0041653|T0053455|T0013138|T0048774|T0000275|T0103506|T0028259|T0017371|T0008207|T0101288|T0000187|T0099985|T0084098|T0102690|T0074356|T0058391|T0068765|T0014588|T0007637|T0022452|T0064998|T0019162|T0007891|T0085416
M2C0192,C0192,2,main,25,False,T0076892|T0065196|T0040099|T0025705|T0027152|T0011943|T0048016|T0019403|T0051419|T0010093|T0103637|T0042852|T0096017|T0089797|T0051131|T0100341|T0003342|T0057859|T0033603|T0017782|T0058116|T0078588|T0100177|T0036652|T0077347
M2C0193,C0193,2,main,25,False,T0066739|T0008198|T0097456|T0078849|T0045558|T0059557|T0014581|T0100310|T0012637|T0066848|T0086879|T0035907|T0102238|T0055127|T0022532|T0012794|T0083795|T0023891|T0092353|T0017509|T0040128|T0049572|T0026026|T0069933|T0044094
M2C0196,C0196,2,main,25,False,T0003298|T0028013|T0088312|T0101434|T0023803|T0011259|T0051853|T0004306|T0023749|T0084707|T0043032|T0024160|T0079282|T0024922|T0039535|T0045505|T0005213|T0016367|T0003403|T0015904|T0044022|T0010281|T0032452|T0000788|T0029459
M2C0201,C0201,2,main,25,False,T0080279|T0053320|T0028320|T0104429|T0078667|T0027604|T0026343|T0015928|T0000938|T0067160|T0093519|T0037975|T0029153|T0020054|T0060583|T0101633|T0011163|T0057200|T0019341|T0089107|T0036580|T0002877|T0050175|T0024581|T0008830
M2C0209,C0209,2,main,20,True,T0081237|T0082268|T0045911|T0024432|T0037570|T0016863|T0068997|T0013618|T0003076|T0085129|T0064640|T0031681|T0086129|T0103970|T0082755|T0028007|T0024410|T0021780|T0060574|T0048251
M2C0226,C0226,2,main,25,False,T0026972|T0085426|T0086739|T0045355|T0054378|T0038410|T0024525|T0084514|T0012246|T0001286|T0029945|T0055965|T0013350|T0087591|T0038187|T0001520|T0087067|T0074871|T0048923|T0011191|T0076374|T0052456|T0038227|T0033781|T0030705
M2C0228,C0228,2,main,25,False,T0014851|T0001394|T0024039|T0066551|T0045358|T0039631|T0051940|T0054869|T0053278|T0045309|T0052611|T0091788|T0029148|T0052920|T0084846|T0030804|T0007179|T0027647|T0079640|T0041991|T0030468|T0027843|T0001345|T0091201|T0070101
M2C0237,C0237,2,main,25,False,T0042975|T0017487|T0040189|T0034359|T0039826|T0005129|T0004428|T0023723|T0044063|T0052409|T0057925|T0076681|T0034208|T0060605|T0036007|T0049309|T0075094|T0047917|T0079402|T0047066|T0009000|T0061317|T0011861|T0011291|T0081404
M2C0242,C0242,2,main,25,False,T0094721|T0083626|T0038937|T0080891|T0060129|T0048386|T0060303|T0063890|T0092953|T0070126|T0061026|T0094030|T0017475|T0011592|T0103456|T0020701|T0026233|T0048369|T0009428|T0078029|T0050281|T0036517|T0037184|T0044872|T0042826
M2C0244,C0244,2,main,25,False,T0079576|T0086541|T0041165|T0014850|T0010024|T0094208|T0090204|T0041025|T0055824|T0065114|T0033376|T0097671|T0015924|T0079815|T0014279|T0013166|T0100692|T0021288|T0082367|T0096259|T0093008|T0068707|T0008673|T0089025|T0089780
M2C0250,C0250,2,main,24,True,T0070172|T0070495|T0097211|T0093727|T0098964|T0019295|T0009257|T0009066|T0035413|T0087060|T0014839|T0032854|T0097978|T0031389|T0002689|T0025428|T0097877|T0053865|T0092106|T0020366|T0034374|T0088720|T0101612|T0043604
M2C0256,C0256,2,main,19,True,T0051647|T0092303|T0065608|T0089204|T0083154|T0077946|T0044283|T0035225|T0054986|T0059525|T0102666|T0093220|T0045716|T0063181|T0019925|T0032027|T0022223|T0040854|T0070204
M2C0258,C0258,2,main,16,True,T0087996|T0053478|T0088216|T0001617|T0074256|T0009831|T0056784|T0049420|T0031060|T0038939|T0027055|T0086144|T0077325|T0018907|T0006679|T0082876
M2C0263,C0263,2,main,25,False,T0091678|T0012058|T0018568|T0031827|T0040253|T0020081|T0067858|T0093394|T0096327|T0014146|T0095178|T0093217|T0007536|T0010382|T0077892|T0035824|T0040146|T0079703|T0017318|T0085154|T0104035|T0072457|T0039815|T0064821|T0013516
M2C0264,C0264,2,main,25,False,T0005562|T0103168|T0024685|T0026653|T0061893|T0063243|T0047015|T0100785|T0034801|T0101024|T0065555|T0068545|T0053571|T0008893|T0049660|T0004775|T0061480|T0065383|T0071034|T0070061|T0018320|T0029543|T0019839|T0066952|T0003255
M2C0265,C0265,2,main,25,False,T0015225|T0026222|T0049366|T0009852|T0009398|T0039542|T0069372|T0099246|T0086255|T0062432|T0023122|T0022095|T0042327|T0068967|T0047480|T0018611|T0040118|T0049581|T0060210|T0007105|T0103136|T0095805|T0025340|T0083962|T0003917
M2C0267,C0267,2,main,23,True,T0021634|T0042755|T0046017|T0078474|T0094049|T0014469|T0011892|T0049873|T0071178|T0045748|T0027192|T0094641|T0053868|T0003273|T0082576|T0038579|T0042780|T0084916|T0084231|T0071108|T0055085|T0066760|T0048682
M2C0277,C0277,2,main,25,False,T0067389|T0007657|T0019978|T0074018|T0015834|T0085820|T0091664|T0013250|T0021704|T0038231|T0103681|T0099822|T0075002|T0065295|T0000089|T0006702|T0038527|T0035893|T0036116|T0069363|T0017754|T0026441|T0003813|T0023547|T0052714
M2C0293,C0293,2,main,25,False,T0076747|T0039978|T0002332|T0011214|T0059422|T0004883|T0009362|T0103079|T0098510|T0101733|T0079348|T0065251|T0024828|T0085521|T0103504|T0021363|T0013382|T0099723|T0028437|T0069711|T0045270|T0003043|T0066734|T0020356|T0031712
M2C0294,C0294,2,main,25,False,T0101340|T0088566|T0049466|T0050736|T0069557|T0049463|T0041196|T0073309|T0043960|T0024918|T0031085|T0059168|T0082166|T0092360|T0024870|T0090081|T0100021|T0064770|T0072582|T0010644|T0032885|T0079831|T0042796|T0027206|T0087033
M2C0299,C0299,2,main,25,False,T0082799|T0032665|T0033297|T0069701|T0078503|T0048606|T0082953|T0026068|T0095894|T0000179|T0047551|T0016930|T0092614|T0000631|T0022296|T0084127|T0051775|T0022637|T0050687|T0098253|T0068948|T0086161|T0051803|T0058015|T0005539
M2C0305,C0305,2,main,25,False,T0043896|T0073324|T0014213|T0098375|T0010368|T0092615|T0032991|T0016664|T0097104|T0019763|T0049475|T0102818|T0033329|T0051805|T0052244|T0039299|T0021810|T0021677|T0010553|T0082458|T0006164|T0009307|T0096240|T0100253|T0057968
M2C0321,C0321,2,main,25,False,T0053713|T0024230|T0066080|T0025188|T0069254|T0059548|T0004477|T0071741|T0083090|T0098478|T0097114|T0088505|T0043677|T0102125|T0013971|T0102857|T0026887|T0099367|T0003268|T0002171|T0008588|T0004962|T0078232|T0102947|T0030016
M2C0324,C0324,2,main,11,True,T0002707|T0021950|T0035917|T0057136|T0034351|T0050610|T0049474|T0089911|T0092486|T0074311|T0017238
M2C0327,C0327,2,main,25,False,T0080326|T0098041|T0058727|T0054228|T0077667|T0065378|T0103992|T0026774|T0024604|T0035646|T0057735|T0041521|T0048733|T0083857|T0002207|T0048804|T0074800|T0097054|T0076599|T0035423|T0089610|T0084585|T0059510|T0045522|T0070826
M2C0330,C0330,2,main,25,False,T0081654|T0036310|T0046118|T0094976|T0082210|T0102200|T0026670|T0092343|T0017859|T0075992|T0047020|T0046480|T0043436|T0101700|T0043099|T0033030|T0093708|T0048294|T0032432|T0040037|T0003421|T0028977|T0020460|T0036382|T0077443
M2C0333,C0333,2,main,25,False,T0093001|T0089719|T0015314|T0006535|T0100228|T0041322|T0092590|T0058508|T0047983|T0052536|T0029931|T0067022|T0095866|T0076064|T0028392|T0056198|T0048927|T0006890|T0103465|T0091916|T0089895|T0008389|T0007144|T0028975|T0016023
M2C0338,C0338,2,main,25,False,T0042473|T0011879|T0065959|T0013268|T0082896|T0080630|T0048461|T0032191|T0034113|T0003814|T0031278|T0073707|T0072989|T0096173|T0027834|T0035683|T0041383|T0001745|T0097686|T0047395|T0035296|T0074000|T0065449|T0046368|T0059018
M2C0340,C0340,2,main,17,True,T0083637|T0071960|T0100998|T0056871|T0050683|T0069278|T0080512|T0010409|T0011387|T0022728|T0055430|T0082185|T0033686|T0036386|T0101003|T0039975|T0031377
M2C0343,C0343,2,main,25,False,T0021869|T0070733|T0016318|T0058885|T0036225|T0081100|T0083469|T0081452|T0070528|T0067348|T0079246|T0026886|T0007483|T0084968|T0032262|T0102628|T0067672|T0018982|T0030082|T0053372|T0099608|T0099341|T0012785|T0099768|T0058010
M2C0347,C0347,2,main,25,False,T0049098|T0075405|T0075918|T0031958|T0004732|T0039294|T0005623|T0060507|T0088128|T0070049|T0077366|T0061635|T0002400|T0078888|T0073347|T0092073|T0073433|T0095347|T0079315|T0055528|T0101800|T0046746|T0002957|T0022480|T0048688
M2C0357,C0357,2,main,25,False,T0039250|T0011376|T0102243|T0000738|T0080197|T0101912|T0080334|T0055556|T0077858|T0077635|T0055355|T0104200|T0066886|T0061668|T0048825|T0017593|T0042148|T0024172|T0004598|T0046266|T0033612|T0012348|T0086086|T0016737|T0061711
M2C0366,C0366,2,main,25,False,T0019507|T0096482|T0043170|T0052678|T0046632|T0040951|T0033585|T0035965|T0052533|T0016956|T0017105|T0012419|T0028783|T0072651|T0084742|T0063012|T0023748|T0049955|T0051299|T0060110|T0067871|T0007562|T0034803|T0025388|T0025071
M2C0371,C0371,2,main,25,False,T0016699|T0103740|T0103794|T0033671|T0068895|T0008883|T0059400|T0101943|T0058213|T0000480|T0049131|T0050343|T0086055|T0010219|T0016034|T0063098|T0034717|T0062183|T0099318|T0068689|T0035900|T0054256|T0052181|T0024632|T0048779
M2C0376,C0376,2,main,25,False,T0055735|T0080083|T0098441|T0021263|T0065750|T0037013|T0015757|T0026612|T0096621|T0004665|T0008115|T0029216|T0089335|T0009263|T0072596|T0085396|T0023299|T0095741|T0043223|T0030760|T0040163|T0047307|T0027759|T0082722|T0052218
M2C0398,C0398,2,main,20,True,T0094669|T0023213|T0052501|T0028516|T0068818|T0104413|T0029907|T0074354|T0044117|T0028535|T0081963|T0084451|T0020367|T0056344|T0096129|T0068753|T0029786|T0080856|T0044756|T0024614
M2C0399,C0399,2,main,25,False,T0008394|T0091578|T0083777|T0076242|T0066305|T0011624|T0039858|T0029708|T0022349|T0078740|T0099111|T0089764|T0047918|T0007673|T0005648|T0062504|T0080291|T0066488|T0025680|T0050313|T0076918|T0054461|T0024386|T0081523|T0004636
M2C0412,C0412,2,main,25,False,T0082246|T0016136|T0031762|T0091124|T0018548|T0100362|T0029936|T0002105|T0001322|T0090633|T0019292|T0038913|T0047840|T0007268|T0048020|T0040299|T0069935|T0103955|T0043546|T0009773|T0003563|T0103076|T0052220|T0051214|T0027667
M2C0416,C0416,2,main,25,False,T0084418|T0057608|T0057884|T0031872|T0078352|T0010279|T0041435|T0098923|T0072571|T0012902|T0071133|T0019943|T0104337|T0080880|T0065812|T0091982|T0008042|T0055319|T0060199|T0004048|T0064533|T0049141|T0007990|T0068395|T0061001
M2C0417,C0417,2,main,25,False,T0075969|T0026053|T0038036|T0085048|T0032920|T0091093|T0004335|T0082583|T0100553|T0030863|T0050945|T0090198|T0007628|T0018046|T0104315|T0022162|T0032934|T0025186|T0081530|T0028595|T0092749|T0087915|T0083944|T0000660|T0029419
M2C0419,C0419,2,main,25,False,T0083121|T0103839|T0043262|T0014618|T0040992|T0039854|T0010237|T0099974|T0039613|T0019012|T0084419|T0066955|T0058325|T0022298|T0050823|T0005158|T0006586|T0073649|T0017258|T0008450|T0060446|T0045512|T0027136|T0090178|T0049265
M2C0420,C0420,2,main,25,False,T0020405|T0055939|T0020393|T0057477|T0066540|T0089640|T0092033|T0028146|T0068882|T0027733|T0057090|T0094193|T0010557|T0023422|T0009989|T0019715|T0005819|T0000161|T0002917|T0095656|T0020255|T0076505|T0068069|T0062029|T0100984
M2C0423,C0423,2,main,25,False,T0062878|T0049006|T0073502|T0002458|T0030670|T0085765|T0026153|T0061437|T0069332|T0042959|T0007877|T0062778|T0078960|T0048649|T0022188|T0090329|T0032808|T0100311|T0060546|T0021070|T0029612|T0010194|T0080890|T0038920|T0039822
M2C0428,C0428,2,main,25,False,T0020876|T0097800|T0002869|T0031537|T0022628|T0095658|T0010508|T0045523|T0055254|T0060638|T0080029|T0059271|T0029895|T0002566|T0046534|T0008144|T0032188|T0058336|T0004559|T0025251|T0075895|T0012671|T0094013|T0043200|T0000138
M2C0442,C0442,2,main,25,False,T0020504|T0087465|T0039181|T0079844|T0005506|T0052054|T0043993|T0104594|T0042389|T0083819|T0009175|T0102527|T0091159|T0030790|T0090020|T0033480|T0053296|T0054110|T0045056|T0028978|T0098695|T0016834|T0018373|T0047971|T0056354
M2C0445,C0445,2,main,25,False,T0094179|T0088519|T0091048|T0090177|T0027603|T0098899|T0096095|T0076662|T0098034|T0009672|T0050200|T0006458|T0027341|T0061211|T0071969|T0025146|T0014135|T0069293|T0094619|T0069196|T0049849|T0017332|T0032256|T0030472|T0065290
M2C0449,C0449,2,main,25,False,T0059778|T0097876|T0014942|T0069409|T0078736|T0046772|T0010116|T0086842|T0034004|T0020301|T0038427|T0026120|T0042618|T0060090|T0053767|T0070611|T0045074|T0005123|T0035590|T0079570|T0068475|T0031675|T0078256|T0060324|T0036156
M2C0450,C0450,2,main,25,False,T0048259|T0081292|T0005953|T0099026|T0074873|T0062465|T0036477|T0031038|T0043478|T0007958|T0013500|T0042168|T0013643|T0073032|T0060810|T0072791|T0099022|T0041838|T0096704|T0021354|T0042760|T0037533|T0010346|T0087918|T0075970
M2C0451,C0451,2,main,25,False,T0010328|T0097820|T0043904|T0071785|T0033054|T0022443|T0099645|T0086577|T0089984|T0018241|T0035606|T0013812|T0100786|T0012536|T0044937|T0063385|T0024629|T0104521|T0039569|T0060573|T0031445|T0084194|T0032966|T0068419|T0005370
M2C0456,C0456,2,main,25,False,T0031739|T0080846|T0072694|T0070053|T0066030|T0011244|T0061198|T0055874|T0030566|T0068114|T0024642|T0077626|T0057854|T0023375|T0056491|T0077964|T0058365|T0030449|T0070596|T0102671|T0078498|T0087671|T0094228|T0082258|T0092512
M2C0474,C0474,2,main,8,True,T0041586|T0015499|T0101336|T0096935|T0092639|T0072415|T0002671|T0013139
M2C0481,C0481,2,main,25,False,T0000149|T0073067|T0026312|T0099196|T0069430|T0045613|T0049267|T0051918|T0027190|T0057749|T0090278|T0085174|T0097663|T0028694|T0046537|T0099501|T0001257|T0007968|T0102746|T0006135|T0052727|T0096900|T0033281|T0014964|T0040783
M2C0485,C0485,2,main,25,False,T0038095|T0005835|T0053628|T0025143|T0079164|T0039074|T0083674|T0023993|T0064712|T0026219|T0077701|T0068146|T0015897|T0075837|T0093811|T0056836|T0062597|T0020937|T0048717|T0018167|T0006664|T0018190|T0094992|T0012907|T0040466
M2C0489,C0489,2,main,25,False,T0068343|T0084669|T0002816|T0038221|T0054995|T0034045|T0060988|T0078456|T0085925|T0067936|T0100929|T0072963|T0058622|T0002855|T0014379|T0092118|T0007900|T0025504|T0017585|T0032895|T0083079|T0099594|T0074774|T0046741|T0040833
M2C0496,C0496,2,main,25,False,T0034221|T0028729|T0056519|T0098764|T0043668|T0030988|T0070279|T0088680|T0016419|T0001061|T0023947|T0076349|T0103918|T0000123|T0040047|T0037466|T0029934|T0076399|T0067578|T0046643|T0007997|T0055701|T0074228|T0024271|T0099271
M2C0501,C0501,2,main,25,False,T0083672|T0003028|T0075820|T0076772|T0076307|T0075587|T0098953|T0000952|T0055920|T0052958|T0043539|T0101295|T0078735|T0044815|T0075687|T0078521|T0052374|T0078502|T0001908|T0098405|T0013779|T0045827|T0065972|T0052985|T0009543
M2C0504,C0504,2,main,25,False,T0011843|T0058279|T0091580|T0002765|T0050700|T0007721|T0022833|T0066107|T0063080|T0015135|T0033894|T0037674|T0031168|T0099994|T0044493|T0072525|T0022645|T0024415|T0021803|T0035734|T0090493|T0102261|T0091576|T0056084|T0027655
M2C0506,C0506,2,main,25,False,T0027527|T0033283|T0081858|T0035670|T0083929|T0021591|T0047431|T0070941|T0094407|T0053863|T0022551|T0104137|T0002600|T0024419|T0100567|T0077837|T0102852|T0001733|T0076243|T0078421|T0097429|T0081905|T0032660|T0060331|T0014663
M2C0508,C0508,2,main,25,False,T0086191|T0043309|T0060881|T0041401|T0054064|T0032814|T0020786|T0042257|T0062163|T0063968|T0089699|T0070047|T0019944|T0035888|T0031018|T0034847|T0053198|T0066891|T0008519|T0096046|T0102538|T0067761|T0030405|T0104095|T0025032
M2C0515,C0515,2,main,23,True,T0036690|T0010492|T0069608|T0070449|T0087616|T0092181|T0087536|T0060913|T0060859|T0030852|T0091474|T0092970|T0034946|T0059356|T0054566|T0009387|T0069091|T0050877|T0045336|T0075794|T0075607|T0057335|T0036131
M2C0534,C0534,2,main,25,False,T0005671|T0103026|T0009476|T0101873|T0096837|T0099334|T0034885|T0053769|T0022340|T0027458|T0017666|T0040455|T0029711|T0040655|T0031119|T0089212|T0043916|T0078316|T0095318|T0030808|T0045464|T0010733|T0074447|T0032014|T0096440
M2C0549,C0549,2,main,25,False,T0069340|T0046598|T0101567|T0053420|T0030339|T0078066|T0090940|T0015809|T0012413|T0102402|T0025652|T0041719|T0096865|T0102695|T0043669|T0081128|T0086185|T0097828|T0000937|T0063839|T0068652|T0097166|T0096089|T0019641|T0066570
M2C0552,C0552,2,main,20,True,T0077419|T0049385|T0016245|T0037884|T0061757|T0065069|T0097522|T0103743|T0084570|T0082058|T0053080|T0070869|T0056386|T0056438|T0065835|T0049247|T0030771|T0027194|T0029963|T0015557
M2C0567,C0567,2,main,25,False,T0089298|T0042311|T0015671|T0071486|T0015169|T0059774|T0074593|T0089403|T0078165|T0059841|T0030640|T0005221|T0040681|T0001788|T0006740|T0001255|T0012344|T0029716|T0082006|T0068406|T0090437|T0078120|T0063103|T0012967|T0030264
M2C0580,C0580,2,main,25,False,T0099618|T0089821|T0052436|T0050466|T0087417|T0018989|T0079386|T0018953|T0080023|T0019673|T0002559|T0017245|T0064359|T0078286|T0012083|T0081014|T0020459|T0036909|T0000567|T0049310|T0023137|T0094050|T0103020|T0062837|T0005527
M2C0586,C0586,2,main,18,True,T0077146|T0008103|T0077254|T0070196|T0102590|T0060890|T0094983|T0053085|T0076508|T0038204|T0029374|T0085357|T0039323|T0025288|T0063828|T0102673|T0097555|T0027170
M2C0587,C0587,2,main,25,False,T0023948|T0067960|T0080030|T0024345|T0093139|T0015948|T0018042|T0059524|T0035302|T0057864|T0082204|T0068739|T0045106|T0099533|T0098783|T0028971|T0007556|T0073577|T0077630|T0100194|T0033632|T0063835|T0039242|T0040369|T0047683
M2C0590,C0590,2,main,25,False,T0004270|T0028750|T0049995|T0021209|T0101202|T0071525|T0043016|T0029601|T0070875|T0081810|T0098346|T0046930|T0097416|T0011769|T0051237|T0060600|T0014195|T0004570|T0017401|T0004576|T0088434|T0039717|T0044323|T0068599|T0081349
M2C0591,C0591,2,main,25,False,T0051413|T0102704|T0017259|T0009057|T0095902|T0080187|T0078651|T0077122|T0065176|T0036954|T0033051|T0044702|T0086729|T0029750|T0078828|T0010516|T0084362|T0024418|T0073933|T0054313|T0067974|T0049796|T0015551|T0097875|T0036559
M2C0592,C0592,2,main,25,False,T0047476|T0060667|T0078664|T0028616|T0010507|T0065177|T0026084|T0076739|T0024435|T0018487|T0062983|T0017665|T0066190|T0008915|T0102343|T0060116|T0024272|T0075282|T0022678|T0052272|T0000069|T0075144|T0051946|T0021407|T0101179
M2C0597,C0597,2,main,12,True,T0059933|T0097283|T0028097|T0023269|T0016175|T0075280|T0019859|T0066051|T0025634|T0072950|T0020288|T0056814
M2C0610,C0610,2,main,25,False,T0000839|T0009043|T0016845|T0027333|T0081580|T0016924|T0100817|T0028284|T0093590|T0041444|T0086012|T0060784|T0044217|T0072285|T0025575|T0082603|T0012618|T0044734|T0054938|T0076547|T0024443|T0039273|T0079341|T0074206|T0030950
M2C0613,C0613,2,main,25,False,T0032694|T0044287|T0041962|T0095027|T0023031|T0052079|T0090334|T0096061|T0059885|T0048358|T0058560|T0028913|T0047246|T0043801|T0076594|T0028283|T0039985|T0060260|T0029754|T0104532|T0016286|T0033097|T0051874|T0104350|T0064165
M2C0614,C0614,2,main,25,False,T0096133|T0062057|T0018172|T0094981|T0067385|T0033740|T0025152|T0036514|T0060843|T0025543|T0084428|T0033313|T0048959|T0034117|T0052548|T0042307|T0061045|T0051277|T0097298|T0036674|T0094195|T0040988|T0001693|T0094986|T0067127
M2C0621,C0621,2,main,25,False,T0077406|T0071744|T0072287|T0042944|T0048191|T0088545|T0061166|T0097075|T0049757|T0073164|T0008185|T0058128|T0093667|T0001467|T0003667|T0030584|T0052437|T0040616|T0003940|T0097382|T0071120|T0029568|T0016697|T0027257|T0085456
M2C0622,C0622,2,main,25,False,T0050187|T0078078|T0048955|T0036024|T0057457|T0082483|T0021551|T0064216|T0097491|T0074680|T0022160|T0039638|T0089128|T0059634|T0068357|T0076994|T0033096|T0057061|T0079215|T0007812|T0031594|T0009990|T0034215|T0047088|T0009012
M2C0631,C0631,2,main,25,False,T0070176|T0060038|T0024470|T0069568|T0000456|T0099298|T0036425|T0044821|T0009965|T0004309|T0013174|T0054765|T0101818|T0063132|T0042533|T0057862|T0098604|T0012358|T0072572|T0098171|T0029005|T0068779|T0003464|T0007131|T0074792
M2C0634,C0634,2,main,25,False,T0047484|T0029925|T0054341|T0086461|T0016437|T0101835|T0025905|T0050663|T0073154|T0031859|T0068464|T0032832|T0097240|T0038096|T0004013|T0006887|T0081564|T0103503|T0011417|T0026137|T0012639|T0009639|T0096685|T0062621|T0070502
M2C0639,C0639,2,main,25,False,T0084157|T0052391|T0076798|T0074736|T0033422|T0073080|T0070349|T0005263|T0010613|T0102670|T0084168|T0021515|T0061457|T0077234|T0082733|T0078151|T0102482|T0042395|T0024711|T0091690|T0103623|T0066428|T0039838|T0020872|T0044609
M2C0641,C0641,2,main,25,False,T0013617|T0076236|T0015842|T0019649|T0029700|T0054481|T0070020|T0061909|T0076586|T0009754|T0066698|T0007064|T0071111|T0061727|T0039559|T0050269|T0058986|T0012651|T0060213|T0040301|T0056225|T0038732|T0041887|T0054922|T0001232
M2C0654,C0654,2,main,24,True,T0095212|T0040556|T0001111|T0097001|T0014773|T0009010|T0100751|T0034541|T0080531|T0086485|T0039204|T0069068|T0011555|T0061461|T0016765|T0080492|T0102012|T0082377|T0084880|T0066961|T0080239|T0018213|T0094708|T0053612
M2C0657,C0657,2,main,25,False,T0041429|T0051462|T0094998|T0083290|T0046479|T0074957|T0020177|T0083697|T0039648|T0065059|T0060647|T0054624|T0100793|T0033196|T0096344|T0028908|T0050420|T0014771|T0089690|T0005421|T0086351|T0041572|T0082243|T0051145|T0053729
M2C0661,C0661,2,main,25,False,T0046781|T0003538|T0018690|T0034370|T0056256|T0073219|T0004305|T0001711|T0098294|T0024834|T0071777|T0052565|T0052287|T0003722|T0022906|T0015852|T0016476|T0098726|T0069238|T0038111|T0085169|T0076333|T0012153|T0077998|T0078592
M2C0662,C0662,2,main,25,False,T0063804|T0037153|T0072765|T0076544|T0086568|T0061200|T0033409|T0051935|T0044020|T0023576|T0089527|T0086346|T0012518|T0026933|T0102078|T0101389|T0070757|T0005626|T0086700|T0062376|T0093485|T0067184|T0028671|T0021100|T0040250
M2C0684,C0684,2,main,25,False,T0043747|T0013298|T0049246|T0054214|T0047552|T0033700|T0006603|T0058646|T0000419|T0095044|T0042601|T0049896|T0047800|T0089526|T0092636|T0084649|T0056612|T0058968|T0003468|T0088218|T0007094|T0008558|T0090818|T0093465|T0009689
M2C0692,C0692,2,main,20,True,T0097264|T0058208|T0042057|T0027128|T0073106|T0035439|T0071953|T0096176|T0008655|T0048537|T0099883|T0055614|T0071608|T0079928|T0080179|T0044578|T0000953|T0065166|T0008201|T0104269
M2C0695,C0695,2,main,25,False,T0002796|T0074678|T0090055|T0040139|T0010981|T0051811|T0060873|T0089603|T0071153|T0062082|T0097369|T0087772|T0093540|T0098018|T0064212|T0027687|T0015086|T0082968|T0003462|T0095651|T0052695|T0088435|T0046931|T0028418|T0017921
M2C0710,C0710,2,main,25,False,T0102733|T0049979|T0075864|T0095404|T0086758|T0067506|T0008844|T0078026|T0023138|T0083738|T0100056|T0057709|T0061840|T0063846|T0083258|T0029838|T0080325|T0102907|T0101376|T0018859|T0104479|T0077519|T0086969|T0007705|T0102016
M2C0711,C0711,2,main,25,False,T0079395|T0011379|T0019084|T0016502|T0066680|T0061783|T0104377|T0021198|T0031423|T0004235|T0089672|T0071916|T0059222|T0018869|T0067982|T0102648|T0053021|T0023568|T0031456|T0021409|T0053254|T0067674|T0065609|T0072870|T0019895
M2C0727,C0727,2,main,25,False,T0056947|T0034051|T0017023|T0040912|T0102604|T0004890|T0100671|T0035617|T0084394|T0022882|T0039252|T0082333|T0049871|T0015364|T0087629|T0011556|T0014261|T0024751|T0027995|T0014329|T0002597|T0009013|T0034439|T0016130|T0037480
M2C0736,C0736,2,main,25,False,T0068849|T0032636|T0058966|T0069736|T0082978|T0000059|T0091056|T0037672|T0025160|T0094079|T0062740|T0064239|T0009845|T0043761|T0011412|T0065470|T0093899|T0096652|T0064011|T0022109|T0049029|T0042536|T0004120|T0094744|T0063875
M2C0739,C0739,2,main,25,False,T0039082|T0036584|T0063127|T0010520|T0076578|T0062478|T0053581|T0039711|T0008120|T0095026|T0006311|T0031281|T0036516|T0100428|T0079354|T0002967|T0097816|T0008351|T0012843|T0063109|T0077586|T0092644|T0093726|T0025235|T0062950
M2C0742,C0742,2,main,25,False,T0024877|T0026958|T0002616|T0103932|T0091844|T0087445|T0090736|T0018849|T0027684|T0054743|T0073943|T0001401|T0029022|T0071200|T0002532|T0088910|T0088390|T0063498|T0000001|T0016474|T0046256|T0096863|T0087981|T0101347|T0055622
M2C0747,C0747,2,main,25,False,T0098608|T0085265|T0064037|T0001389|T0089234|T0038750|T0030636|T0084131|T0021565|T0022181|T0042124|T0075415|T0067602|T0017041|T0090096|T0063107|T0011301|T0036911|T0090339|T0087323|T0013126|T0046791|T0032408|T0091005|T0050469
M2C0758,C0758,2,main,25,False,T0103151|T0030625|T0062015|T0022739|T0075475|T0023479|T0095490|T0083641|T0006976|T0055561|T0069187|T0009972|T0058006|T0090080|T0073325|T0044054|T0061938|T0102776|T0014364|T0033792|T0099428|T0095992|T0014893|T0051860|T0090286
M2C0765,C0765,2,main,25,False,T0043662|T0099639|T0027517|T0049872|T0011528|T0104199|T0012546|T0045188|T0036444|T0036995|T0098811|T0090954|T0042303|T0074914|T0019222|T0088558|T0029446|T0015787|T0000901|T0016158|T0033245|T0057310|T0021111|T0019255|T0025548
M2C0776,C0776,2,main,25,False,T0006271|T0036186|T0050583|T0074423|T0010811|T0012050|T0085052|T0003194|T0056723|T0098030|T0007092|T0084905|T0005034|T0015573|T0062865|T0089072|T0069410|T0097086|T0055975|T0045584|T0010198|T0049894|T0022077|T0082143|T0060238
M2C0781,C0781,2,main,25,False,T0060019|T0081920|T0019505|T0101165|T0077005|T0054705|T0038612|T0054553|T0028799|T0086613|T0099934|T0031561|T0066554|T0076455|T0101498|T0057547|T0023008|T0045422|T0040899|T0020004|T0093504|T0038198|T0095639|T0045236|T0069747
M2C0788,C0788,2,main,25,False,T0095519|T0092491|T0002942|T0102987|T0073271|T0011183|T0019105|T0049331|T0067455|T0047331|T0060688|T0061086|T0027907|T0033583|T0075178|T0074051|T0099352|T0102386|T0004651|T0102875|T0083753|T0010972|T0080321|T0000972|T0090638
M2C0798,C0798,2,main,12,True,T0028692|T0064503|T0015699|T0023035|T0044298|T0095716|T0067043|T0078063|T0075058|T0036600|T0024317|T0027992
M2C0803,C0803,2,main,25,False,T0045208|T0061948|T0039689|T0050986|T0057762|T0081608|T0065968|T0059165|T0022373|T0006923|T0072114|T0086928|T0089579|T0049583|T0075075|T0037404|T0017308|T0019165|T0028223|T0093313|T0014776|T0061986|T0057448|T0022327|T0056975
M2C0811,C0811,2,main,25,False,T0019527|T0017190|T0008780|T0093496|T0022535|T0084871|T0070563|T0030940|T0036740|T0100493|T0074826|T0035430|T0070808|T0094549|T0005739|T0083076|T0046954|T0025803|T0032396|T0019717|T0070796|T0020600|T0052457|T0056447|T0000024
M2C0814,C0814,2,main,25,False,T0032202|T0045810|T0000611|T0100542|T0093758|T0046126|T0030104|T0063877|T0059649|T0059571|T0011203|T0036058|T0072085|T0005484|T0023362|T0075982|T0013977|T0033799|T0018257|T0020895|T0074882|T0086258|T0020690|T0049945|T0021308
M2C0817,C0817,2,main,25,False,T0089961|T0026993|T0086767|T0089735|T0017386|T0093350|T0071137|T0081966|T0095462|T0068283|T0075513|T0048554|T0100416|T0048321|T0074122|T0056902|T0022036|T0054775|T0032427|T0040553|T0033307|T0040211|T0050685|T0030496|T0083249
M2C0832,C0832,2,main,25,False,T0043046|T0083825|T0020160|T0101864|T0071502|T0102390|T0058884|T0095101|T0047276|T0085515|T0085802|T0086421|T0044545|T0102230|T0070608|T0085182|T0009547|T0000589|T0032981|T0045953|T0104136|T0052188|T0010017|T0048054|T0001301
M2C0834,C0834,2,main,25,False,T0082413|T0052141|T0064738|T0056247|T0022260|T0085679|T0047432|T0002629|T0101077|T0038846|T0035669|T0070439|T0052633|T0037197|T0041160|T0003089|T0055840|T0036203|T0003205|T0024405|T0007073|T0077207|T0099260|T0082582|T0012632
M2C0836,C0836,2,main,25,False,T0099654|T0096333|T0024477|T0035158|T0078760|T0069426|T0021431|T0072988|T0021319|T0091825|T0091244|T0084238|T0002367|T0075029|T0075594|T0030699|T0060073|T0056534|T0064491|T0047373|T0007655|T0004090|T0077545|T0096049|T0055910
M2C0853,C0853,2,main,25,False,T0051405|T0016103|T0036000|T0084855|T0065090|T0095090|T0085946|T0025387|T0044019|T0053162|T0051364|T0070908|T0013911|T0055635|T0102073|T0052614|T0098567|T0082557|T0089765|T0076846|T0004861|T0061607|T0096915|T0085539|T0006934
M2C0867,C0867,2,main,22,True,T0063958|T0071217|T0086389|T0022027|T0008855|T0099718|T0040144|T0074745|T0044408|T0074642|T0070208|T0050478|T0037341|T0040344|T0101522|T0050778|T0004268|T0068705|T0041806|T0041269|T0066448|T0066589
M2C0870,C0870,2,main,25,False,T0009755|T0033558|T0034937|T0044792|T0065096|T0075757|T0012513|T0048729|T0078031|T0011500|T0046934|T0043863|T0060346|T0020815|T0052322|T0090394|T0035905|T0008653|T0050631|T0046974|T0086818|T0006334|T0000721|T0039575|T0057939
M2C0872,C0872,2,main,25,False,T0077007|T0062315|T0084295|T0091228|T0038159|T0091243|T0075083|T0041367|T0062178|T0100067|T0011873|T0067218|T0081906|T0069384|T0085102|T0066587|T0045317|T0096411|T0014900|T0077961|T0085554|T0019457|T0023940|T0022827|T0057818
M2C0875,C0875,2,main,24,True,T0003009|T0026430|T0051445|T0032547|T0033022|T0022666|T0094339|T0051689|T0044597|T0095287|T0036644|T0032015|T0009702|T0009505|T0011296|T0085548|T0045480|T0091513|T0027431|T0098727|T0079989|T0072175|T0010149|T0005855
M2C0876,C0876,2,main,25,False,T0064186|T0019850|T0031347|T0030682|T0091081|T0003174|T0062215|T0006785|T0100304|T0086078|T0039783|T0054805|T0085869|T0049588|T0101470|T0034162|T0065078|T0062110|T0012502|T0037254|T0100653|T0050344|T0046495|T0010262|T0083353
M2C0881,C0881,2,main,25,False,T0073790|T0037296|T0054711|T0050188|T0049679|T0076861|T0103953|T0074333|T0049076|T0026310|T0068458|T0068178|T0039200|T0042955|T0058308|T0007263|T0047519|T0046425|T0044029|T0028547|T0015257|T0081952|T0103202|T0036377|T0040309
M2C0882,C0882,2,main,25,False,T0017408|T0027104|T0102223|T0100487|T0029083|T0074701|T0078169|T0094351|T0033917|T0004867|T0089921|T0035291|T0068634|T0098662|T0007008|T0032518|T0049841|T0065129|T0095075|T0015131|T0030931|T0067476|T0073730|T0056137|T0042504
M2C0885,C0885,2,main,25,False,T0019487|T0098884|T0081657|T0086590|T0008880|T0015432|T0031751|T0037912|T0060754|T0050488|T0097602|T0087375|T0013045|T0089155|T0079695|T0030668|T0002764|T0094117|T0011346|T0042073|T0029648|T0026552|T0070430|T0051284|T0099959
M2C0893,C0893,2,main,25,False,T0021754|T0097438|T0073788|T0025012|T0088405|T0050666|T0012634|T0043287|T0044718|T0021662|T0081177|T0046172|T0044243|T0092772|T0003958|T0042078|T0098504|T0084934|T0099082|T0036915|T0001713|T0050218|T0092834|T0082002|T0096300
M2C0908,C0908,2,main,25,False,T0053826|T0010273|T0007835|T0094866|T0008711|T0037028|T0036549|T0031400|T0012264|T0076087|T0021963|T0002556|T0057700|T0049063|T0041831|T0084959|T0081711|T0011888|T0094824|T0093237|T0036476|T0005822|T0000663|T0025243|T0051782
M3C0004,C0004,3,main,25,False,T0047690|T0021232|T0028158|T0043494|T0057717|T0090063|T0055815|T0103169|T0020563|T0045880|T0026245|T0008426|T0070016|T0026563|T0014741|T0052182|T0088288|T0018051|T0012970|T0078041|T0046532|T0010172|T0015032|T0048343|T0032799
M3C0005,C0005,3,main,25,False,T0076449|T0030115|T0053635|T0067839|T0067640|T0098010|T0007888|T0081807|T0052994|T0063325|T0090889|T0074563|T0041039|T0057378|T0034309|T0027686|T0098107|T0070818|T0038576|T0054235|T0097372|T0092104|T0081804|T0009201|T0025407
M3C0006,C0006,3,main,25,False,T0050275|T0088273|T0022171|T0009969|T0023781|T0055063|T0096308|T0006975|T0069536|T0063645|T0028452|T0010797|T0074159|T0010921|T0025065|T0017465|T0062262|T0041328|T0065274|T0080511|T0005806|T0100535|T0017438|T0012837|T0003450
M3C0010,C0010,3,main,25,False,T0012789|T0081056|T0078017|T0078532|T0048205|T0024541|T0078400|T0061546|T0064007|T0010280|T0003840|T0060114|T0045061|T0078633|T0074943|T0009137|T0029043|T0070136|T0081355|T0080835|T0044363|T0010462|T0021470|T0074903|T0096003
M3C0011,C0011,3,main,25,False,T0066965|T0070021|T0077282|T0001268|T0036731|T0063971|T0044822|T0100815|T0102568|T0074931|T0074649|T0092963|T0096562|T0030783|T0006510|T0024200|T0054127|T0064288|T0081352|T0028746|T0086608|T0057126|T0097142|T0082666|T0016064
M3C0017,C0017,3,main,25,False,T0098494|T0044857|T0028033|T0000346|T0060974|T0069619|T0082487|T0091813|T0065931|T0079228|T0067785|T0058623|T0042857|T0076939|T0063053|T0063429|T0056131|T0099249|T0042377|T0071469|T0012736|T0096473|T0101270|T0086611|T0075505
M3C0040,C0040,3,main,25,False,T0069163|T0057894|T0101040|T0068855|T0095512|T0054366|T0015396|T0076396|T0058102|T0023201|T0052241|T0062372|T0054518|T0073419|T0032435|T0034096|T0003796|T0023274|T0086024|T0041989|T0033145|T0060946|T0073628|T0006618|T0086601
M3C0043,C0043,3,main,25,False,T0078497|T0014758|T0103505|T0087716|T0078059|T0007933|T0054973|T0081392|T0021185|T0044172|T0021099|T0025300|T0067121|T0020625|T0004113|T0012731|T0047830|T0031068|T0071881|T0013380|T0074245|T0067401|T0037457|T0000302|T0040997
M3C0046,C0046,3,main,25,False,T0059081|T0060080|T0045576|T0051654|T0008029|T0015416|T0098672|T0002432|T0027890|T0027425|T0025699|T0007497|T0091883|T0098614|T0089480|T0080019|T0036303|T0092617|T0047657|T0067332|T0089117|T0099164|T0100379|T0016032|T0025673
M3C0049,C0049,3,main,25,False,T0098789|T0001643|T0082865|T0023530|T0067410|T0021737|T0084064|T0098357|T0055781|T0020042|T0103298|T0052983|T0023257|T0033684|T0014527|T0021526|T0094958|T0016051|T0029322|T0010506|T0021976|T0090500|T0044675|T0093888|T0096041
M3C0050,C0050,3,main,25,False,T0062485|T0042455|T0009346|T0066183|T0069989|T0026773|T0033312|T0025343|T0097157|T0072496|T0045463|T0060713|T0016492|T0101660|T0007503|T0093409|T0061406|T0035545|T0000363|T0039820|T0049158|T0033567|T0068552|T0077196|T0023882
M3C0062,C0062,3,main,25,False,T0079235|T0066248|T0058997|T0052135|T0089953|T0056741|T0006301|T0033933|T0062151|T0027967|T0072828|T0010168|T0080810|T0066639|T0077786|T0055218|T0002698|T0096444|T0077162|T0075078|T0047542|T0067132|T0095030|T0074551|T0086282
M3C0066,C0066,3,main,25,False,T0049102|T0093816|T0058314|T0092279|T0082794|T0047584|T0091707|T0083500|T0016954|T0013260|T0022597|T0070994|T0039743|T0013712|T0059709|T0100941|T0063371|T0073466|T0064413|T0067970|T0008266|T0103595|T0089493|T0008190|T0032318
M3C0068,C0068,3,main,25,False,T0050116|T0025450|T0081029|T0068998|T0094412|T0043300|T0013022|T0041079|T0085854|T0093974|T0065953|T0013611|T0061776|T0051885|T0058271|T0081007|T0061563|T0088250|T0071205|T0008668|T0059285|T0003927|T0022810|T0035718|T0039048
M3C0072,C0072,3,main,25,False,T0081293|T0010622|T0092808|T0048638|T0040461|T0053615|T0069772|T0053322|T0061430|T0021746|T0083392|T0076237|T0075585|T0013817|T0072226|T0089528|T0031737|T0045912|T0053127|T0103831|T0029992|T0086744|T0003708|T0097445|T0008977
M3C0075,C0075,3,main,25,False,T0025758|T0007878|T0042077|T0082498|T0098579|T0058837|T0018296|T0081782|T0067619|T0022545|T0051323|T0014303|T0024695|T0016881|T0006981|T0019529|T0042771|T0063485|T0088437|T0093031|T0052824|T0050024|T0028304|T0101086|T0068408
M3C0085,C0085,3,main,20,True,T0019430|T0076081|T0049455|T0047052|T0077613|T0063258|T0013937|T0036351|T0066534|T0038130|T0030386|T0044077|T0078368|T0045051|T0048668|T0083432|T0096801|T0023282|T0049861|T0040528
M3C0088,C0088,3,main,22,True,T0056989|T0001051|T0072527|T0092199|T0099426|T0038236|T0037701|T0033668|T0068691|T0035465|T0026320|T0093566|T0017334|T0025374|T0069051|T0090871|T0011044|T0088222|T0089188|T0078243|T0064698|T0075583
M3C0089,C0089,3,main,25,False,T0089357|T0078051|T0044441|T0092252|T0035500|T0090031|T0014489|T0043066|T0001414|T0032642|T0005050|T0031369|T0054318|T0088783|T0079661|T0089394|T0055981|T0076162|T0028743|T0094548|T0060034|T0002208|T0018666|T0081517|T0100314
M3C0093,C0093,3,main,25,False,T0085070|T0073849|T0018300|T0092602|T0005540|T0062538|T0069353|T0056849|T0020381|T0036704|T0083126|T0018660|T0025750|T0053531|T0069072|T0090737|T0093749|T0082515|T0019007|T0102127|T0019923|T0023659|T0071581|T0093040|T0070347
M3C0101,C0101,3,main,9,True,T0046752|T0036274|T0021796|T0014973|T0037606|T0071688|T0100419|T0001969|T0011529
M3C0104,C0104,3,main,25,False,T0003213|T0080340|T0083053|T0081229|T0056556|T0046585|T0078077|T0044610|T0019088|T0009640|T0020412|T0007319|T0030502|T0020107|T0078782|T0088937|T0085560|T0067076|T0098161|T0066584|T0040482|T0045055|T0053782|T0059599|T0084184
M3C0107,C0107,3,main,25,False,T0076017|T0056329|T0032026|T0008701|T0007940|T0017187|T0038377|T0088888|T0096065|T0012755|T0077504|T0081280|T0084528|T0043440|T0072350|T0030671|T0068735|T0097046|T0060367|T0032374|T0019876|T0028832|T0104543|T0075035|T0047267
M3C0111,C0111,3,main,25,False,T0011466|T0104222|T0067520|T0064430|T0066019|T0009679|T0049311|T0012744|T0023181|T0036709|T0023578|T0002873|T0036346|T0004400|T0099384|T0055379|T0034628|T0102269|T0056868|T0014454|T0064329|T0087131|T0001894|T0051188|T0031102
M3C0134,C0134,3,main,25,False,T0050178|T0033147|T0011997|T0058161|T0086528|T0073527|T0090686|T0007126|T0009757|T0063586|T0034812|T0090710|T0051049|T0018013|T0044705|T0021613|T0039248|T0017437|T0013223|T0087211|T0044749|T0100716|T0076489|T0031074|T0020062
M3C0142,C0142,3,main,25,False,T0070881|T0086688|T0090192|T0015895|T0013080|T0046307|T0042149|T0007508|T0102699|T0031719|T0009328|T0034675|T0079888|T0062831|T0042507|T0017155|T0093428|T0057125|T0088612|T0005233|T0072606|T0032785|T0082864|T0019753|T0040526
M3C0144,C0144,3,main,25,False,T0061204|T0013486|T0002680|T0030134|T0071459|T0001926|T0024689|T0001767|T0080042|T0019249|T0063478|T0007695|T0086350|T0058582|T0096132|T0097249|T0025763|T0100625|T0091536|T0032480|T0000746|T0090522|T0030900|T0037605|T0018119
M3C0146,C0146,3,main,25,False,T0006560|T0090473|T0086722|T0057211|T0061854|T0030150|T0026348|T0095245|T0055664|T0065036|T0008396|T0053854|T0059330|T0027697|T0059794|T0053891|T0025711|T0093147|T0092669|T0023869|T0070741|T0013954|T0102382|T0064526|T0022337
M3C0155,C0155,3,main,25,False,T0032058|T0051623|T0018769|T0003153|T0034672|T0041642|T0046226|T0010487|T0032867|T0007720|T0062517|T0003588|T0042609|T0064196|T0088015|T0010514|T0057253|T0061041|T0006383|T0053808|T0054204|T0066857|T0049949|T0031708|T0065988
M3C0170,C0170,3,main,25,False,T0073293|T0095517|T0014052|T0091937|T0004539|T0084279|T0099235|T0030907|T0026761|T0030459|T0014344|T0085316|T0073660|T0037774|T0024348|T0050787|T0067419|T0081267|T0102042|T0048136|T0039507|T0030067|T0015542|T0008325|T0087646
M3C0174,C0174,3,main,25,False,T0003697|T0008956|T0007514|T0103570|T0074558|T0040706|T0049552|T0014688|T0069156|T0096434|T0097772|T0010122|T0050510|T0027367|T0054820|T0019081|T0045088|T0014242|T0070029|T0082809|T0046604|T0072266|T0085971|T0001682|T0058342
M3C0184,C0184,3,main,25,False,T0010974|T0035573|T0022306|T0026631|T0013504|T0049850|T0071326|T0068054|T0078724|T0048141|T0001351|T0038505|T0000187|T0007637|T0086711|T0076290|T0022811|T0102690|T0053455|T0001941|T0064830|T0098489|T0013703|T0014588|T0054231
M3C0192,C0192,3,main,25,False,T0077347|T0048016|T0091288|T0093990|T0099565|T0033603|T0042852|T0076892|T0047755|T0065196|T0003342|T0088624|T0031573|T0027152|T0051131|T0082804|T0041215|T0089797|T0017782|T0058116|T0067743|T0010093|T0097930|T0096017|T0078588
M3C0193,C0193,3,main,25,False,T0079726|T0040772|T0022532|T0103772|T0012794|T0024970|T0018950|T0090822|T0102565|T0021115|T0007438|T0011783|T0077033|T0012637|T0044094|T0086879|T0017509|T0069824|T0025406|T0103291|T0044174|T0021228|T0049572|T0014583|T0097456
M3C0196,C0196,3,main,25,False,T0069102|T0005213|T0082383|T0103741|T0003298|T0032703|T0048108|T0016367|T0011259|T0067909|T0084707|T0063527|T0045505|T0029459|T0045060|T0048663|T0094340|T0042065|T0055665|T0031202|T0028013|T0096968|T0055277|T0032104|T0007967
M3C0201,C0201,3,main,25,False,T0024581|T0054319|T0027604|T0028320|T0060583|T0036580|T0069760|T0090277|T0067160|T0101633|T0078667|T0067164|T0063148|T0104429|T0089107|T0097214|T0020193|T0043239|T0057200|T0091013|T0015718|T0067366|T0093519|T0080279|T0029153
M3C0209,C0209,3,main,20,True,T0064640|T0031681|T0086129|T0068997|T0048251|T0060574|T0085129|T0024432|T0082755|T0013618|T0045911|T0081237|T0021780|T0028007|T0003076|T0103970|T0037570|T0024410|T0082268|T0016863
M3C0226,C0226,3,main,25,False,T0029945|T0038227|T0026972|T0098549|T0087067|T0076374|T0094251|T0013350|T0086800|T0030705|T0043866|T0084514|T0031162|T0048923|T0019214|T0054378|T0033781|T0044003|T0042893|T0038410|T0038187|T0060735|T0020095|T0024525|T0001286
M3C0228,C0228,3,main,25,False,T0031733|T0001715|T0030457|T0080526|T0078827|T0030468|T0099579|T0052611|T0068253|T0043101|T0081762|T0032166|T0002785|T0022315|T0017493|T0051557|T0007367|T0022376|T0001345|T0063879|T0001063|T0054869|T0029148|T0051940|T0077211
M3C0237,C0237,3,main,25,False,T0027515|T0078246|T0009000|T0049309|T0023723|T0017558|T0005129|T0011861|T0013775|T0070215|T0100233|T0021126|T0017087|T0078739|T0079402|T0086916|T0039839|T0060274|T0076681|T0027488|T0014155|T0005789|T0044063|T0039826|T0059454
M3C0242,C0242,3,main,25,False,T0084757|T0005901|T0058503|T0066470|T0009428|T0058347|T0044872|T0038531|T0071918|T0011592|T0087463|T0083626|T0081831|T0080891|T0010857|T0020680|T0055051|T0044574|T0082322|T0101164|T0048135|T0024179|T0097806|T0073594|T0087626
M3C0244,C0244,3,main,25,False,T0100692|T0078789|T0028460|T0045400|T0046414|T0080909|T0102384|T0104075|T0060581|T0044630|T0039834|T0002731|T0038627|T0008673|T0057613|T0014279|T0069787|T0021288|T0089780|T0046244|T0094208|T0036190|T0016370|T0103236|T0082367
M3C0250,C0250,3,main,24,True,T0097877|T0088720|T0070495|T0009257|T0070172|T0098964|T0093727|T0014839|T0087060|T0101612|T0034374|T0043604|T0020366|T0025428|T0092106|T0053865|T0097978|T0097211|T0002689|T0031389|T0009066|T0019295|T0035413|T0032854
M3C0256,C0256,3,main,19,True,T0054986|T0059525|T0051647|T0019925|T0089204|T0070204|T0035225|T0065608|T0092303|T0063181|T0032027|T0093220|T0077946|T0040854|T0045716|T0102666|T0044283|T0022223|T0083154
M3C0258,C0258,3,main,16,True,T0077325|T0053478|T0082876|T0088216|T0056784|T0087996|T0031060|T0086144|T0074256|T0018907|T0027055|T0001617|T0038939|T0009831|T0006679|T0049420
M3C0263,C0263,3,main,25,False,T0025480|T0021766|T0050354|T0067858|T0042984|T0090580|T0039815|T0035824|T0055862|T0053855|T0014146|T0000714|T0053996|T0091678|T0037762|T0064821|T0050688|T0072457|T0054689|T0040146|T0020081|T0020676|T0066480|T0088947|T0043875
M3C0264,C0264,3,main,25,False,T0072056|T0066952|T0061893|T0001382|T0026653|T0053571|T0044743|T0018320|T0028131|T0074286|T0023494|T0084044|T0049660|T0034896|T0029543|T0100785|T0065555|T0013416|T0027313|T0068545|T0036185|T0025676|T0034801|T0026624|T0089932
M3C0265,C0265,3,main,25,False,T0067355|T0009398|T0050546|T0022743|T0037821|T0069042|T0009190|T0055642|T0057866|T0098638|T0007848|T0017681|T0094162|T0049366|T0067398|T0052602|T0023122|T0100589|T0026222|T0042293|T0027491|T0055162|T0087063|T0062432|T0099246
M3C0267,C0267,3,main,23,True,T0042755|T0078474|T0027192|T0046017|T0014469|T0071178|T0053868|T0048682|T0084916|T0082576|T0011892|T0045748|T0055085|T0038579|T0049873|T0084231|T0066760|T0094641|T0021634|T0071108|T0042780|T0003273|T0094049
M3C0277,C0277,3,main,25,False,T0074018|T0069363|T0060824|T0019978|T0017754|T0075002|T0103681|T0022643|T0099822|T0038527|T0022182|T0035922|T0103127|T0024132|T0095687|T0087596|T0067389|T0049115|T0083451|T0015834|T0036116|T0077231|T0024742|T0008465|T0058083
M3C0293,C0293,3,main,25,False,T0098510|T0045270|T0069711|T0053383|T0048267|T0101733|T0013382|T0007364|T0011822|T0020356|T0089430|T0011214|T0028437|T0043661|T0009362|T0089783|T0031712|T0004883|T0002332|T0076747|T0027800|T0099723|T0103079|T0007698|T0100360
M3C0294,C0294,3,main,25,False,T0067776|T0021498|T0087245|T0087033|T0101340|T0065549|T0019469|T0031653|T0027206|T0090085|T0101245|T0079831|T0050771|T0033489|T0054803|T0092360|T0020685|T0094463|T0099317|T0091061|T0088566|T0050736|T0000280|T0018106|T0043960
M3C0299,C0299,3,main,25,False,T0022296|T0098253|T0047551|T0068948|T0084127|T0082953|T0078503|T0032665|T0026068|T0005539|T0000631|T0050687|T0022637|T0000179|T0048606|T0082799|T0016930|T0051775|T0086161|T0051803|T0095894|T0033297|T0092614|T0058015|T0069701
M3C0305,C0305,3,main,25,False,T0021810|T0100253|T0103787|T0047389|T0074323|T0014213|T0087633|T0016262|T0016973|T0095760|T0074454|T0063793|T0092615|T0016664|T0009307|T0100499|T0033329|T0090432|T0039299|T0083869|T0054770|T0027502|T0068827|T0028222|T0009274
M3C0321,C0321,3,main,25,False,T0030016|T0050998|T0053229|T0075801|T0020451|T0008588|T0034385|T0040108|T0004323|T0099367|T0102857|T0043677|T0048086|T0081981|T0045922|T0019861|T0065644|T0041889|T0001853|T0067169|T0056776|T0007039|T0078232|T0035932|T0063408
M3C0324,C0324,3,main,11,True,T0034351|T0074311|T0017238|T0035917|T0049474|T0050610|T0021950|T0057136|T0002707|T0089911|T0092486
M3C0327,C0327,3,main,25,False,T0048804|T0067833|T0002207|T0055882|T0076599|T0043663|T0048733|T0083857|T0052510|T0089610|T0005743|T0045522|T0057735|T0024604|T0077667|T0080326|T0074800|T0095158|T0035423|T0084585|T0054228|T0035646|T0097054|T0053893|T0041521
M3C0330,C0330,3,main,25,False,T0055644|T0024346|T0000494|T0068411|T0087807|T0073880|T0095641|T0081654|T0071049|T0070470|T0043436|T0070317|T0004608|T0100287|T0053949|T0025082|T0000445|T0040037|T0068268|T0023893|T0102258|T0036382|T0048734|T0029144|T0075992
M3C0333,C0333,3,main,25,False,T0077724|T0005194|T0079391|T0029931|T0040267|T0008389|T0026983|T0001825|T0004488|T0028392|T0047983|T0092590|T0047807|T0089895|T0103465|T0089632|T0071465|T0056198|T0019584|T0082020|T0076064|T0083600|T0100228|T0093001|T0013293
M3C0338,C0338,3,main,25,False,T0080630|T0065449|T0073707|T0074000|T0044697|T0035296|T0053998|T0027834|T0019713|T0096173|T0082896|T0013268|T0031278|T0003814|T0045017|T0032191|T0046368|T0048461|T0093801|T0001745|T0085078|T0034113|T0047395|T0065959|T0011879
M3C0340,C0340,3,main,17,True,T0083637|T0082185|T0050683|T0069278|T0022728|T0039975|T0010409|T0031377|T0056871|T0011387|T0036386|T0033686|T0071960|T0100998|T0055430|T0101003|T0080512
M3C0343,C0343,3,main,25,False,T0058885|T0021869|T0067672|T0083031|T0064053|T0035673|T0026886|T0007483|T0044798|T0084968|T0103628|T0018982|T0101948|T0013665|T0103474|T0088257|T0064167|T0099608|T0099341|T0081452|T0055652|T0021898|T0083246|T0091911|T0027204
M3C0347,C0347,3,main,25,False,T0095347|T0093788|T0101800|T0029034|T0029309|T0066372|T0022480|T0060923|T0005623|T0075405|T0082937|T0090869|T0061635|T0045078|T0078888|T0031605|T0100656|T0095064|T0070049|T0039294|T0002957|T0021771|T0032475|T0002400|T0075918
M3C0357,C0357,3,main,25,False,T0077858|T0046266|T0063079|T0073276|T0017593|T0071095|T0057491|T0036527|T0080554|T0033314|T0012348|T0039250|T0003670|T0090631|T0086086|T0016169|T0085839|T0048825|T0093906|T0055556|T0000738|T0011128|T0081539|T0063575|T0072851
M3C0366,C0366,3,main,25,False,T0099372|T0077793|T0017105|T0015468|T0083047|T0067709|T0030994|T0051870|T0068067|T0017614|T0047924|T0054165|T0033585|T0059286|T0025388|T0066976|T0067871|T0018070|T0051299|T0059674|T0069522|T0052678|T0053221|T0043259|T0063146
M3C0371,C0371,3,main,25,False,T0056764|T0052181|T0059400|T0064039|T0033671|T0094270|T0069083|T0039451|T0003232|T0057495|T0029675|T0000480|T0054256|T0002501|T0058213|T0101794|T0048779|T0085148|T0008533|T0049120|T0008786|T0074384|T0047635|T0049131|T0050343
M3C0376,C0376,3,main,25,False,T0056422|T0065750|T0048560|T0030760|T0095741|T0082722|T0021733|T0040163|T0080083|T0033065|T0075016|T0100510|T0076369|T0092683|T0085396|T0009263|T0029216|T0061077|T0027759|T0037013|T0096621|T0036018|T0098441|T0075438|T0021263
M3C0398,C0398,3,main,20,True,T0084451|T0080856|T0074354|T0028516|T0094669|T0028535|T0024614|T0029786|T0068818|T0052501|T0096129|T0023213|T0056344|T0044117|T0068753|T0020367|T0104413|T0044756|T0029907|T0081963
M3C0399,C0399,3,main,25,False,T0039858|T0035648|T0021108|T0089764|T0091578|T0023768|T0007673|T0103919|T0078200|T0067074|T0021719|T0077360|T0081523|T0059096|T0008171|T0083777|T0034650|T0054461|T0065213|T0024738|T0041569|T0009866|T0079628|T0004636|T0094808
M3C0412,C0412,3,main,25,False,T0018877|T0100952|T0006410|T0052173|T0069935|T0091124|T0061496|T0068781|T0002105|T0070573|T0021602|T0080855|T0048020|T0103076|T0020528|T0031762|T0059403|T0048786|T0076585|T0060864|T0060042|T0053423|T0033976|T0018548|T0016184
M3C0416,C0416,3,main,25,False,T0065812|T0071133|T0019943|T0007990|T0057884|T0057608|T0098923|T0030781|T0042522|T0031872|T0061001|T0049141|T0055319|T0080880|T0104337|T0078118|T0060199|T0068395|T0061721|T0008042|T0019599|T0001536|T0084418|T0078352|T0012902
M3C0417,C0417,3,main,25,False,T0057553|T0094439|T0023969|T0050945|T0026053|T0000809|T0029632|T0039016|T0100553|T0028595|T0087915|T0091093|T0018046|T0004335|T0003277|T0030863|T0104315|T0090198|T0083944|T0000660|T0007628|T0092749|T0025186|T0029419|T0038036
M3C0419,C0419,3,main,25,False,T0068809|T0103728|T0042550|T0060446|T0049265|T0027136|T0090178|T0050823|T0033990|T0099974|T0005158|T0008450|T0043262|T0061810|T0022298|T0035480|T0045386|T0039613|T0055970|T0030416|T0058325|T0013929|T0084419|T0006003|T0017258
M3C0420,C0420,3,main,25,False,T0087550|T0010656|T0057090|T0028146|T0091663|T0068069|T0030117|T0099357|T0100754|T0020393|T0068882|T0021477|T0044689|T0079481|T0062277|T0039167|T0067141|T0036057|T0062752|T0000161|T0082127|T0076505|T0009989|T0002917|T0089251
M3C0423,C0423,3,main,25,False,T0030925|T0007877|T0080890|T0102251|T0000985|T0103001|T0097952|T0073502|T0062778|T0065047|T0028788|T0010194|T0078487|T0022188|T0018410|T0064934|T0071449|T0038920|T0020562|T0026153|T0042959|T0018603|T0062878|T0048649|T0021070
M3C0428,C0428,3,main,25,False,T0051741|T0015289|T0052348|T0066155|T0007175|T0027521|T0022928|T0013118|T0082237|T0061405|T0011233|T0030816|T0005877|T0041967|T0050535|T0045291|T0064988|T0019563|T0101084|T0007654|T0042896|T0000592|T0049281|T0092147|T0010187
M3C0442,C0442,3,main,25,False,T0018373|T0072183|T0070777|T0088366|T0053806|T0056354|T0061078|T0033480|T0053296|T0021494|T0055433|T0008849|T0035323|T0022122|T0030247|T0104594|T0044846|T0064727|T0028978|T0002025|T0055743|T0099982|T0039181|T0090860|T0042389
M3C0445,C0445,3,main,25,False,T0090499|T0049849|T0017970|T0048720|T0071976|T0050200|T0061211|T0095556|T0094619|T0090177|T0098034|T0057705|T0025146|T0032417|T0030472|T0091048|T0071394|T0071969|T0009672|T0096836|T0012758|T0101993|T0098899|T0094179|T0096095
M3C0449,C0449,3,main,25,False,T0046772|T0005123|T0097876|T0042618|T0078256|T0035590|T0014942|T0038427|T0068475|T0060324|T0060090|T0036156|T0059778|T0045074|T0053767|T0070611|T0020301|T0031675|T0079570|T0078736|T0034004|T0086842|T0010116|T0026120|T0098244
M3C0450,C0450,3,main,25,False,T0010408|T0049537|T0031858|T0019127|T0064323|T0031038|T0070384|T0042587|T0075970|T0068086|T0067560|T0036942|T0078728|T0012954|T0066913|T0049084|T0049045|T0081419|T0102766|T0028644|T0092134|T0081742|T0075830|T0058686|T0042379
M3C0451,C0451,3,main,25,False,T0040305|T0068419|T0089984|T0022443|T0005370|T0074633|T0032966|T0009478|T0060821|T0063927|T0035606|T0077324|T0011733|T0012536|T0081653|T0104521|T0017639|T0063385|T0021390|T0099645|T0003891|T0060573|T0010328|T0024629|T0046205
M3C0456,C0456,3,main,25,False,T0095617|T0091111|T0051113|T0096392|T0075447|T0092281|T0061102|T0018642|T0067291|T0082090|T0104351|T0035054|T0049517|T0014623|T0089222|T0017092|T0006318|T0002319|T0064633|T0102671|T0003399|T0096625|T0084214|T0089854|T0072187
M3C0474,C0474,3,main,8,True,T0041586|T0101336|T0096935|T0013139|T0072415|T0092639|T0015499|T0002671
M3C0481,C0481,3,main,25,False,T0076163|T0052727|T0099196|T0015145|T0007968|T0039455|T0028694|T0073516|T0091778|T0002498|T0097663|T0091384|T0033281|T0028200|T0029599|T0014964|T0069545|T0065169|T0081904|T0078962|T0046537|T0049267|T0104316|T0069605|T0006135
M3C0485,C0485,3,main,25,False,T0097840|T0055977|T0043544|T0095058|T0051682|T0001774|T0005835|T0042939|T0062044|T0101530|T0084305|T0079264|T0024276|T0048717|T0010906|T0041563|T0020060|T0062629|T0098683|T0025143|T0012429|T0038146|T0035592|T0005660|T0089042
M3C0489,C0489,3,main,25,False,T0049451|T0014379|T0032895|T0099594|T0052690|T0020587|T0073913|T0100929|T0038550|T0063041|T0002855|T0083079|T0003621|T0043710|T0025504|T0081409|T0084669|T0039147|T0000181|T0104382|T0017585|T0040833|T0041579|T0054995|T0072963
M3C0496,C0496,3,main,25,False,T0069402|T0076399|T0055701|T0001061|T0093930|T0098764|T0103918|T0024271|T0046958|T0040047|T0074727|T0014723|T0076349|T0072498|T0034221|T0037466|T0015587|T0016419|T0065886|T0094037|T0092154|T0023947|T0067578|T0044712|T0094530
M3C0501,C0501,3,main,25,False,T0011653|T0044815|T0003028|T0075820|T0078735|T0068170|T0078521|T0078502|T0083672|T0018425|T0043539|T0101295|T0055920|T0084792|T0076307|T0087697|T0075587|T0063256|T0014703|T0032067|T0072723|T0076772|T0052306|T0035620|T0013779
M3C0504,C0504,3,main,25,False,T0002765|T0027655|T0031168|T0058279|T0099994|T0056084|T0015135|T0022833|T0102261|T0037674|T0069698|T0007721|T0022645|T0072525|T0050700|T0091580|T0045624|T0035734|T0063080|T0044493|T0021803|T0033894|T0068846|T0011843|T0090493
M3C0506,C0506,3,main,25,False,T0055318|T0079071|T0047425|T0087680|T0102138|T0071590|T0035464|T0032660|T0036747|T0067802|T0081172|T0025604|T0023386|T0024419|T0051926|T0046943|T0100974|T0053863|T0024734|T0067977|T0094407|T0014663|T0033965|T0077408|T0019732
M3C0508,C0508,3,main,25,False,T0034847|T0068225|T0075919|T0019944|T0101062|T0035888|T0017484|T0063968|T0062163|T0036948|T0102538|T0099684|T0020786|T0041401|T0031018|T0060881|T0030346|T0070047|T0001836|T0096046|T0043309|T0032814|T0067761|T0044975|T0066891
M3C0515,C0515,3,main,23,True,T0060859|T0057335|T0045336|T0069608|T0036690|T0069091|T0034946|T0010492|T0075794|T0092970|T0059356|T0075607|T0070449|T0087616|T0050877|T0009387|T0092181|T0087536|T0030852|T0036131|T0054566|T0060913|T0091474
M3C0534,C0534,3,main,25,False,T0043219|T0002314|T0078316|T0092288|T0047206|T0068015|T0062490|T0095280|T0095318|T0088292|T0037812|T0006086|T0030808|T0031119|T0022340|T0070786|T0056753|T0046003|T0018111|T0096837|T0064701|T0058474|T0098311|T0047152|T0017666
M3C0549,C0549,3,main,25,False,T0069340|T0053420|T0101567|T0097828|T0068652|T0087948|T0043669|T0015809|T0000937|T0086185|T0062188|T0019641|T0078066|T0081128|T0063839|T0030339|T0046598|T0012413|T0097166|T0096865|T0102402|T0090940|T0066570|T0096089|T0016566
M3C0552,C0552,3,main,20,True,T0077419|T0049247|T0029963|T0084570|T0065069|T0053080|T0049385|T0082058|T0065835|T0056438|T0097522|T0030771|T0061757|T0070869|T0016245|T0056386|T0027194|T0037884|T0015557|T0103743
M3C0567,C0567,3,main,25,False,T0102554|T0006205|T0059774|T0077918|T0008712|T0012344|T0056754|T0074593|T0044119|T0086975|T0093396|T0018506|T0030264|T0003703|T0082006|T0026831|T0091270|T0089802|T0005221|T0096914|T0068406|T0000548|T0021784|T0030026|T0097733
M3C0580,C0580,3,main,25,False,T0020459|T0081014|T0060552|T0089821|T0079386|T0080023|T0018953|T0087417|T0049310|T0040674|T0018989|T0062837|T0002559|T0078286|T0012083|T0080363|T0094050|T0064359|T0019673|T0017245|T0099618|T0090239|T0073720|T0000567|T0050466
M3C0586,C0586,3,main,18,True,T0039323|T0085357|T0025288|T0076508|T0102590|T0097555|T0077146|T0094983|T0038204|T0102673|T0077254|T0053085|T0027170|T0070196|T0060890|T0063828|T0008103|T0029374
M3C0587,C0587,3,main,25,False,T0074118|T0076175|T0037624|T0101914|T0062408|T0098783|T0078998|T0023100|T0040369|T0024345|T0099533|T0062171|T0080030|T0039601|T0047305|T0067960|T0018042|T0028971|T0102667|T0015598|T0083996|T0084704|T0045106|T0063730|T0043367
M3C0590,C0590,3,main,25,False,T0004576|T0021209|T0080922|T0039868|T0033813|T0046930|T0007512|T0077153|T0075441|T0064066|T0071525|T0100908|T0094868|T0039717|T0028750|T0011769|T0067338|T0080007|T0091857|T0017401|T0097416|T0055438|T0043016|T0100689|T0029601
M3C0591,C0591,3,main,25,False,T0097875|T0073933|T0009057|T0036559|T0078828|T0077122|T0010516|T0051413|T0049796|T0067974|T0086729|T0054313|T0102704|T0020233|T0015551|T0036954|T0024418|T0029750|T0044702|T0080187|T0017259|T0084362|T0033051|T0095902|T0078651
M3C0592,C0592,3,main,25,False,T0054523|T0028616|T0061382|T0006706|T0065177|T0075144|T0062983|T0041207|T0017665|T0065922|T0040307|T0017735|T0101179|T0088620|T0000069|T0065875|T0060667|T0060116|T0069937|T0075282|T0008915|T0052272|T0088226|T0026084|T0018487
M3C0597,C0597,3,main,12,True,T0072950|T0019859|T0023269|T0020288|T0016175|T0028097|T0025634|T0066051|T0075280|T0097283|T0059933|T0056814
M3C0610,C0610,3,main,25,False,T0000839|T0079341|T0012618|T0054938|T0072285|T0044734|T0039273|T0024443|T0076547|T0041444|T0028284|T0100817|T0030950|T0064857|T0093590|T0060784|T0016924|T0009043|T0025575|T0027333|T0016845|T0082603|T0086012|T0081580|T0074206
M3C0613,C0613,3,main,25,False,T0023031|T0028913|T0052079|T0032694|T0058560|T0016286|T0044287|T0047246|T0076594|T0090334|T0059885|T0060260|T0104532|T0104350|T0048358|T0041962|T0096061|T0095027|T0051874|T0029754|T0039985|T0001874|T0043801|T0033097|T0064165
M3C0614,C0614,3,main,25,False,T0033313|T0079737|T0016188|T0060118|T0036514|T0003765|T0086947|T0001693|T0074673|T0096133|T0022709|T0060843|T0069467|T0088889|T0051277|T0088268|T0025543|T0026497|T0024393|T0046219|T0101951|T0010404|T0014896|T0036674|T0012328
M3C0621,C0621,3,main,25,False,T0003667|T0068796|T0094022|T0052437|T0097075|T0048191|T0077406|T0071744|T0016697|T0103668|T0040616|T0061166|T0072287|T0097382|T0071120|T0073164|T0053942|T0029568|T0001467|T0056228|T0073657|T0093667|T0085456|T0027257|T0072801
M3C0622,C0622,3,main,25,False,T0074680|T0099854|T0094925|T0040787|T0089889|T0082696|T0069446|T0050187|T0089852|T0025800|T0036024|T0088784|T0068814|T0082483|T0051697|T0007151|T0059634|T0077032|T0100865|T0009990|T0033096|T0006788|T0083114|T0066812|T0076778
M3C0631,C0631,3,main,25,False,T0088669|T0022649|T0009965|T0004309|T0098044|T0042363|T0005481|T0058400|T0012358|T0101818|T0078212|T0063132|T0003464|T0054765|T0098604|T0023483|T0046526|T0102215|T0049083|T0007847|T0091955|T0095500|T0086667|T0079317|T0101983
M3C0634,C0634,3,main,25,False,T0054341|T0011417|T0061226|T0058374|T0018700|T0052825|T0016437|T0103503|T0103370|T0073637|T0067605|T0028563|T0084244|T0047484|T0100795|T0025905|T0081564|T0058960|T0009639|T0073154|T0032832|T0050663|T0080038|T0027764|T0101835
M3C0639,C0639,3,main,25,False,T0103623|T0000824|T0021515|T0039838|T0033422|T0029181|T0054311|T0074736|T0084250|T0031606|T0020872|T0070349|T0084168|T0070403|T0076572|T0079080|T0058734|T0073080|T0012177|T0042395|T0022342|T0066428|T0102482|T0081454|T0025888
M3C0641,C0641,3,main,25,False,T0101330|T0060213|T0001232|T0015842|T0071111|T0014255|T0039559|T0064481|T0052226|T0020688|T0084888|T0013617|T0058986|T0022787|T0031884|T0054922|T0038706|T0012651|T0076586|T0053097|T0083775|T0054481|T0076236|T0019649|T0040301
M3C0654,C0654,3,main,24,True,T0034541|T0016765|T0082377|T0011555|T0039204|T0080531|T0040556|T0069068|T0102012|T0097001|T0018213|T0100751|T0014773|T0001111|T0066961|T0084880|T0061461|T0009010|T0095212|T0080492|T0094708|T0080239|T0053612|T0086485
M3C0657,C0657,3,main,25,False,T0027332|T0079693|T0020177|T0086351|T0074957|T0077111|T0023484|T0093022|T0006536|T0054624|T0051546|T0052971|T0065059|T0035708|T0083290|T0025505|T0056662|T0056310|T0079748|T0050420|T0052191|T0075176|T0072191|T0051462|T0044414
M3C0661,C0661,3,main,25,False,T0078592|T0069238|T0046099|T0030483|T0003538|T0044769|T0052693|T0064889|T0085169|T0000989|T0022906|T0085229|T0077998|T0059499|T0088648|T0038111|T0082509|T0067786|T0056728|T0000406|T0066808|T0054685|T0058328|T0018690|T0049307
M3C0662,C0662,3,main,25,False,T0082928|T0038142|T0086568|T0024780|T0085304|T0061199|T0011724|T0020235|T0098493|T0089527|T0050518|T0062682|T0033409|T0093197|T0063804|T0097474|T0093485|T0083539|T0082138|T0033396|T0079918|T0005626|T0028660|T0061200|T0054404
M3C0684,C0684,3,main,25,False,T0000419|T0013298|T0064913|T0084202|T0027542|T0028777|T0074878|T0028092|T0049075|T0099556|T0035826|T0065380|T0049246|T0054214|T0006603|T0071661|T0092636|T0089441|T0041467|T0058026|T0055385|T0087834|T0066025|T0028056|T0063784
M3C0692,C0692,3,main,20,True,T0044578|T0048537|T0058208|T0073106|T0035439|T0042057|T0071953|T0008201|T0080179|T0079928|T0104269|T0099883|T0000953|T0096176|T0097264|T0055614|T0065166|T0027128|T0008655|T0071608
M3C0695,C0695,3,main,25,False,T0032716|T0100518|T0067232|T0013137|T0088435|T0051811|T0046931|T0017921|T0084636|T0014924|T0087772|T0049790|T0014660|T0027861|T0090055|T0002796|T0071153|T0102810|T0028418|T0062347|T0093540|T0052662|T0078933|T0064212|T0089603
M3C0710,C0710,3,main,25,False,T0061844|T0028020|T0054692|T0022592|T0040641|T0067991|T0031243|T0102733|T0044941|T0096989|T0000269|T0007705|T0061840|T0040440|T0085638|T0049979|T0098190|T0034349|T0104479|T0049937|T0043713|T0079023|T0043688|T0010306|T0102016
M3C0711,C0711,3,main,25,False,T0055558|T0065609|T0096830|T0002353|T0056437|T0061783|T0021409|T0015167|T0072870|T0037508|T0016502|T0071916|T0021042|T0054160|T0053021|T0021198|T0062613|T0033159|T0004235|T0034220|T0048902|T0103113|T0066680|T0031456|T0067982
M3C0727,C0727,3,main,25,False,T0033223|T0018114|T0102604|T0030019|T0015364|T0035213|T0033801|T0035617|T0095891|T0093327|T0004890|T0094722|T0037116|T0061676|T0089515|T0087629|T0017023|T0038324|T0033731|T0010872|T0022173|T0027995|T0084394|T0032780|T0088320
M3C0736,C0736,3,main,25,False,T0013979|T0004120|T0068849|T0027557|T0042536|T0094079|T0096652|T0037672|T0091056|T0022109|T0014317|T0063875|T0065470|T0071790|T0049029|T0062740|T0097251|T0094744|T0046306|T0009845|T0024820|T0043761|T0082978|T0029354|T0064239
M3C0739,C0739,3,main,25,False,T0062478|T0039711|T0008120|T0031281|T0063109|T0093726|T0025235|T0039082|T0077586|T0010520|T0008351|T0097816|T0095026|T0100428|T0062950|T0012843|T0006311|T0063127|T0079354|T0036516|T0036584|T0053581|T0002967|T0092644|T0076578
M3C0742,C0742,3,main,25,False,T0076298|T0091844|T0000001|T0029022|T0073114|T0026958|T0077388|T0001401|T0027041|T0071506|T0103932|T0101347|T0002616|T0084939|T0057929|T0048322|T0054743|T0088390|T0073943|T0057605|T0013347|T0087445|T0090736|T0018849|T0096863
M3C0747,C0747,3,main,25,False,T0084131|T0091005|T0075415|T0032408|T0040336|T0087323|T0017041|T0089234|T0011301|T0038750|T0013126|T0063107|T0090096|T0098608|T0021565|T0067602|T0036911|T0030636|T0046791|T0083865|T0085265|T0050469|T0001389|T0090339|T0022181
M3C0758,C0758,3,main,25,False,T0103151|T0030625|T0102776|T0061938|T0075475|T0095490|T0090080|T0014364|T0083641|T0004952|T0095992|T0079511|T0009972|T0044054|T0029478|T0006976|T0051860|T0014893|T0055561|T0060056|T0017319|T0062015|T0099428|T0058395|T0033792
M3C0765,C0765,3,main,25,False,T0071938|T0042303|T0025957|T0016158|T0095884|T0029446|T0021824|T0025548|T0091820|T0097374|T0043662|T0015787|T0036995|T0099639|T0019222|T0026263|T0074914|T0068842|T0004652|T0021111|T0076999|T0012546|T0088558|T0076340|T0027517
M3C0776,C0776,3,main,25,False,T0069410|T0006271|T0082143|T0074423|T0010811|T0084905|T0055975|T0049894|T0050583|T0005034|T0022077|T0060238|T0010198|T0012050|T0056723|T0015573|T0093186|T0089072|T0085052|T0045584|T0062865|T0036186|T0098030|T0097086|T0007092
M3C0781,C0781,3,main,25,False,T0075225|T0077005|T0099595|T0028799|T0074128|T0045422|T0092354|T0038198|T0054553|T0034718|T0038612|T0054705|T0099934|T0055705|T0020004|T0086692|T0101165|T0086613|T0031561|T0101498|T0057547|T0023008|T0019505|T0060019|T0066554
M3C0788,C0788,3,main,25,False,T0000972|T0070429|T0019105|T0027907|T0033583|T0047331|T0060688|T0099352|T0022156|T0040665|T0083753|T0090638|T0000779|T0010972|T0102875|T0102386|T0045035|T0027185|T0004651|T0050767|T0024170|T0003314|T0039907|T0002942|T0006077
M3C0798,C0798,3,main,12,True,T0064503|T0067043|T0036600|T0095716|T0044298|T0015699|T0023035|T0028692|T0075058|T0027992|T0024317|T0078063
M3C0803,C0803,3,main,25,False,T0089579|T0056975|T0057918|T0078517|T0072542|T0100265|T0049583|T0034635|T0061948|T0095911|T0065968|T0031744|T0081608|T0066537|T0039689|T0066386|T0019165|T0041730|T0059165|T0057762|T0022373|T0093313|T0026468|T0034930|T0037404
M3C0811,C0811,3,main,25,False,T0030940|T0039562|T0008155|T0045468|T0089982|T0032411|T0033316|T0046989|T0052148|T0092641|T0084871|T0095181|T0079240|T0000248|T0022535|T0019527|T0017190|T0028827|T0094549|T0020056|T0042434|T0053589|T0079195|T0008780|T0057769
M3C0814,C0814,3,main,25,False,T0011203|T0051137|T0064955|T0086258|T0065032|T0047233|T0018257|T0030104|T0076134|T0045810|T0000611|T0036058|T0020895|T0033799|T0021308|T0013977|T0046126|T0049945|T0100320|T0059571|T0072085|T0100542|T0074882|T0079320|T0023362
M3C0817,C0817,3,main,25,False,T0082904|T0080180|T0049256|T0014343|T0026993|T0085156|T0075710|T0023848|T0088987|T0028556|T0023818|T0102367|T0014312|T0012689|T0071137|T0016506|T0028495|T0036869|T0029641|T0089700|T0097409|T0058421|T0041430|T0068996|T0052595
M3C0832,C0832,3,main,25,False,T0090910|T0058884|T0020160|T0099114|T0095101|T0017925|T0072644|T0048111|T0000589|T0069722|T0071502|T0019093|T0085515|T0085802|T0101864|T0064073|T0045953|T0044545|T0069109|T0102390|T0096287|T0020195|T0070608|T0016472|T0083825
M3C0834,C0834,3,main,25,False,T0035669|T0012632|T0070439|T0038846|T0043949|T0037197|T0083853|T0002629|T0052633|T0036203|T0082413|T0022260|T0055840|T0101077|T0101227|T0099260|T0085679|T0003205|T0077207|T0056247|T0041160|T0007073|T0052141|T0082582|T0024112
M3C0836,C0836,3,main,25,False,T0017165|T0086746|T0099735|T0040355|T0088951|T0102848|T0091244|T0085598|T0032024|T0020443|T0100291|T0037218|T0052932|T0053343|T0032801|T0057377|T0096049|T0075594|T0060073|T0048789|T0019057|T0008818|T0048911|T0074617|T0086571
M3C0853,C0853,3,main,25,False,T0009183|T0025387|T0016103|T0089765|T0098567|T0083349|T0085539|T0098898|T0082557|T0076846|T0016119|T0052614|T0097514|T0095090|T0084855|T0085946|T0093132|T0006934|T0055635|T0090380|T0061607|T0051405|T0087069|T0102073|T0044019
M3C0867,C0867,3,main,22,True,T0071217|T0074642|T0044408|T0074745|T0050778|T0070208|T0050478|T0037341|T0101522|T0066448|T0086389|T0040144|T0022027|T0068705|T0041269|T0066589|T0004268|T0041806|T0099718|T0008855|T0040344|T0063958
M3C0870,C0870,3,main,25,False,T0078031|T0039366|T0044792|T0009755|T0046974|T0000721|T0065096|T0052322|T0075757|T0077832|T0060346|T0094855|T0016553|T0057939|T0044253|T0020815|T0034937|T0086818|T0048729|T0035905|T0011500|T0033558|T0043966|T0006334|T0074205
M3C0872,C0872,3,main,25,False,T0019457|T0081427|T0069384|T0100278|T0066587|T0069146|T0062178|T0059665|T0025399|T0084295|T0029369|T0029081|T0009444|T0054098|T0091228|T0064630|T0013895|T0024091|T0077007|T0061395|T0084071|T0087669|T0067613|T0074716|T0019018
M3C0875,C0875,3,main,24,True,T0003009|T0032547|T0051445|T0033022|T0005855|T0022666|T0027431|T0051689|T0010149|T0009505|T0045480|T0036644|T0009702|T0032015|T0098727|T0011296|T0091513|T0079989|T0094339|T0085548|T0072175|T0095287|T0026430|T0044597
M3C0876,C0876,3,main,25,False,T0038495|T0036157|T0047903|T0085114|T0026723|T0004247|T0021114|T0028370|T0064186|T0040868|T0034162|T0019850|T0036307|T0050344|T0003682|T0082861|T0078663|T0098110|T0098556|T0085869|T0067029|T0031347|T0061922|T0063487|T0066278
M3C0881,C0881,3,main,25,False,T0103311|T0081952|T0021051|T0036377|T0006588|T0068458|T0050188|T0073790|T0032204|T0010533|T0054711|T0068178|T0049076|T0028046|T0042955|T0047519|T0103953|T0094906|T0066858|T0049679|T0017531|T0053786|T0023958|T0048595|T0074317
M3C0882,C0882,3,main,25,False,T0089921|T0099378|T0078169|T0004867|T0056137|T0039165|T0067476|T0017408|T0044165|T0049202|T0065129|T0100487|T0033917|T0098662|T0029083|T0042504|T0073730|T0007008|T0074701|T0030931|T0095075|T0035291|T0094351|T0049841|T0068634
M3C0885,C0885,3,main,25,False,T0085442|T0091370|T0093297|T0102473|T0037753|T0037858|T0097602|T0091333|T0008022|T0102027|T0029648|T0002764|T0002976|T0018977|T0079695|T0077012|T0054392|T0025306|T0030087|T0099840|T0094117|T0030668|T0081914|T0037912|T0031475
M3C0893,C0893,3,main,25,False,T0012634|T0042078|T0096300|T0098504|T0043287|T0025012|T0058947|T0092772|T0098122|T0044243|T0082002|T0036915|T0082952|T0050666|T0006144|T0046304|T0021754|T0097438|T0003958|T0013910|T0081177|T0073788|T0099082|T0021662|T0084934
M3C0908,C0908,3,main,25,False,T0081711|T0012264|T0021963|T0076383|T0005822|T0084959|T0087130|T0003243|T0102899|T0018591|T0057494|T0011888|T0024908|T0078916|T0005306|T0100421|T0013571|T0091834|T0025243|T0091108|T0037223|T0073406|T0088650|T0031400|T0030393
M4C0004,C0004,4,main,25,False,T0077084|T0055815|T0081504|T0054257|T0052182|T0059192|T0014741|T0003817|T0046532|T0087761|T0048343|T0024561|T0008426|T0073208|T0062342|T0032799|T0093775|T0045863|T0078041|T0070016|T0010172|T0057717|T0075791|T0064383|T0015032
M4C0005,C0005,4,main,25,False,T0041385|T0010971|T0076449|T0067640|T0035185|T0057378|T0007888|T0038614|T0088617|T0067839|T0065616|T0009201|T0092104|T0002885|T0041039|T0081804|T0077215|T0053635|T0070818|T0038576|T0018284|T0092406|T0072744|T0062833|T0018267
M4C0006,C0006,4,main,25,False,T0080511|T0069536|T0039989|T0065274|T0023781|T0064022|T0052511|T0028452|T0006975|T0009969|T0015535|T0063645|T0101078|T0072068|T0022171|T0078679|T0058499|T0002568|T0041328|T0062262|T0046464|T0025065|T0088273|T0046138|T0100535
M4C0010,C0010,4,main,25,False,T0009137|T0074943|T0078532|T0044363|T0093305|T0021470|T0003840|T0064517|T0010462|T0012789|T0078400|T0078633|T0029043|T0045061|T0078017|T0024541|T0081056|T0080835|T0060114|T0096003|T0074903|T0070136|T0045219|T0014375|T0079324
M4C0011,C0011,4,main,25,False,T0025239|T0082666|T0048928|T0016064|T0085821|T0042979|T0052830|T0037628|T0062937|T0029687|T0094088|T0064480|T0057126|T0036486|T0076098|T0088960|T0055933|T0030783|T0030664|T0102568|T0032327|T0034636|T0022761|T0086608|T0028910
M4C0017,C0017,4,main,25,False,T0075322|T0019577|T0075505|T0004625|T0085168|T0047999|T0082796|T0101270|T0096473|T0096009|T0062123|T0028033|T0067846|T0072342|T0037655|T0067785|T0012736|T0058712|T0104583|T0075675|T0006121|T0034112|T0069619|T0079228|T0098494
M4C0040,C0040,4,main,25,False,T0012718|T0101040|T0073105|T0097699|T0016505|T0084053|T0046477|T0034599|T0015340|T0041701|T0002072|T0041989|T0000072|T0003796|T0057894|T0034096|T0094262|T0070576|T0000884|T0060595|T0038924|T0038385|T0066661|T0033145|T0058102
M4C0043,C0043,4,main,25,False,T0065837|T0081405|T0047506|T0097006|T0067121|T0012319|T0096958|T0004502|T0004113|T0074245|T0025846|T0040997|T0069767|T0044808|T0031068|T0013380|T0076707|T0018357|T0012731|T0087716|T0088776|T0081392|T0037457|T0038211|T0078497
M4C0046,C0046,4,main,25,False,T0011552|T0002291|T0090024|T0060150|T0004424|T0017036|T0055741|T0075382|T0050907|T0091426|T0014479|T0026996|T0013340|T0081570|T0072195|T0069462|T0072437|T0049229|T0032035|T0036303|T0063581|T0027425|T0009159|T0077777|T0006735
M4C0049,C0049,4,main,25,False,T0023530|T0024612|T0029322|T0067410|T0010506|T0090500|T0041646|T0023257|T0103298|T0021976|T0033684|T0044675|T0021526|T0052983|T0014527|T0030743|T0082865|T0084064|T0098789|T0094958|T0016051|T0093888|T0065350|T0021737|T0055781
M4C0050,C0050,4,main,25,False,T0073353|T0087219|T0030024|T0099281|T0057644|T0007503|T0048555|T0098488|T0069381|T0099047|T0095742|T0085408|T0083848|T0093409|T0061406|T0033567|T0015694|T0067236|T0050621|T0062485|T0010523|T0094897|T0088001|T0030527|T0097157
M4C0062,C0062,4,main,25,False,T0057583|T0001672|T0099502|T0057829|T0033933|T0007591|T0031030|T0089435|T0066639|T0070834|T0052604|T0088196|T0030564|T0011982|T0036194|T0091730|T0053019|T0008496|T0095030|T0067809|T0010168|T0103254|T0044242|T0095823|T0058997
M4C0066,C0066,4,main,25,False,T0059709|T0092385|T0064413|T0092279|T0089493|T0008190|T0022597|T0073466|T0070994|T0058314|T0049102|T0016954|T0044026|T0050880|T0084819|T0029018|T0074446|T0032318|T0009732|T0056763|T0008105|T0072368|T0067970|T0063371|T0083093
M4C0068,C0068,4,main,25,False,T0051380|T0025450|T0068998|T0022931|T0101542|T0081007|T0028311|T0002125|T0041079|T0041743|T0065953|T0043300|T0052178|T0022907|T0085044|T0059285|T0052792|T0035718|T0039048|T0058271|T0035078|T0038689|T0088250|T0071251|T0061563
M4C0072,C0072,4,main,25,False,T0073180|T0040461|T0053235|T0018850|T0069772|T0013326|T0074641|T0006454|T0065404|T0100916|T0044694|T0101119|T0103014|T0048638|T0013817|T0050857|T0060589|T0001952|T0091738|T0066461|T0076237|T0100305|T0048227|T0009936|T0010622
M4C0075,C0075,4,main,25,False,T0067619|T0021614|T0097938|T0042771|T0088437|T0102659|T0052824|T0093031|T0024695|T0040536|T0016881|T0071968|T0058837|T0014533|T0022545|T0005825|T0042077|T0006981|T0019247|T0050024|T0025758|T0019529|T0104003|T0007878|T0028304
M4C0085,C0085,4,main,20,True,T0036351|T0038130|T0013937|T0044077|T0063258|T0040528|T0049455|T0023282|T0045051|T0096801|T0077613|T0066534|T0047052|T0049861|T0048668|T0078368|T0019430|T0030386|T0083432|T0076081
M4C0088,C0088,4,main,22,True,T0037701|T0064698|T0017334|T0035465|T0056989|T0090871|T0092199|T0093566|T0038236|T0099426|T0069051|T0088222|T0089188|T0072527|T0011044|T0078243|T0001051|T0033668|T0025374|T0075583|T0026320|T0068691
M4C0089,C0089,4,main,25,False,T0092252|T0005050|T0078649|T0079661|T0027378|T0088783|T0078678|T0001414|T0090031|T0035500|T0044441|T0003439|T0009726|T0076162|T0094548|T0028743|T0002208|T0081517|T0076551|T0043066|T0079170|T0054318|T0063664|T0031369|T0054731
M4C0093,C0093,4,main,25,False,T0100523|T0011435|T0103450|T0051372|T0052891|T0005540|T0030962|T0036003|T0093040|T0019923|T0078522|T0004753|T0102127|T0100960|T0066465|T0093749|T0018660|T0036704|T0070347|T0092602|T0062538|T0052910|T0025750|T0018300|T0051242
M4C0101,C0101,4,main,9,True,T0001969|T0021796|T0071688|T0037606|T0100419|T0036274|T0046752|T0014973|T0011529
M4C0104,C0104,4,main,25,False,T0081229|T0030502|T0040482|T0059599|T0085560|T0067158|T0014012|T0081848|T0016712|T0057703|T0019088|T0057291|T0090124|T0032377|T0037721|T0104250|T0003964|T0078077|T0069559|T0046585|T0098161|T0003213|T0067076|T0000265|T0066584
M4C0107,C0107,4,main,25,False,T0060367|T0028832|T0097046|T0075035|T0038377|T0076017|T0001545|T0088888|T0062041|T0077504|T0060002|T0032026|T0056797|T0043440|T0008701|T0081280|T0104543|T0038216|T0072350|T0047267|T0019876|T0072122|T0096065|T0007940|T0030671
M4C0111,C0111,4,main,25,False,T0056868|T0102269|T0036709|T0034628|T0060258|T0051188|T0055379|T0087131|T0031102|T0103375|T0036346|T0014454|T0004400|T0104222|T0023181|T0067520|T0066019|T0064430|T0001894|T0011466|T0049311|T0069445|T0036447|T0058665|T0082022
M4C0134,C0134,4,main,25,False,T0039248|T0011997|T0090710|T0044705|T0007126|T0073440|T0100366|T0009757|T0076489|T0097808|T0013223|T0090686|T0044749|T0037475|T0058161|T0073527|T0084028|T0031074|T0017437|T0101994|T0051049|T0046160|T0050178|T0063586|T0079404
M4C0142,C0142,4,main,25,False,T0050811|T0032785|T0005233|T0014251|T0015895|T0071406|T0036960|T0055956|T0099096|T0057125|T0102699|T0019753|T0093428|T0040526|T0009328|T0007508|T0025675|T0057176|T0090992|T0079888|T0062831|T0070916|T0070881|T0088612|T0088077
M4C0144,C0144,4,main,25,False,T0013486|T0086350|T0002680|T0000746|T0063478|T0096132|T0007695|T0037605|T0080042|T0071459|T0001767|T0024689|T0100625|T0025763|T0090522|T0097249|T0091536|T0058582|T0061204|T0032480|T0030900|T0019249|T0001926|T0030134|T0018119
M4C0146,C0146,4,main,25,False,T0093240|T0085613|T0061854|T0099231|T0013954|T0095113|T0065036|T0053854|T0055664|T0022337|T0081537|T0025711|T0053504|T0006560|T0102382|T0092669|T0023869|T0095245|T0090473|T0008396|T0008385|T0093147|T0032664|T0030150|T0059794
M4C0155,C0155,4,main,25,False,T0034672|T0076946|T0023037|T0042181|T0006383|T0032058|T0064196|T0088015|T0048345|T0049949|T0062517|T0041642|T0099841|T0032867|T0053808|T0065988|T0101030|T0003588|T0066857|T0061041|T0018769|T0051623|T0083065|T0003153|T0042609
M4C0170,C0170,4,main,25,False,T0073660|T0084279|T0026761|T0015542|T0030907|T0081267|T0014344|T0039507|T0067419|T0087646|T0102042|T0037774|T0073293|T0012043|T0099235|T0085316|T0048136|T0030067|T0095933|T0004539|T0047107|T0072474|T0040589|T0040659|T0022983
M4C0174,C0174,4,main,25,False,T0074558|T0026852|T0045460|T0096434|T0103570|T0003697|T0002666|T0085971|T0054820|T0069156|T0019081|T0097772|T0008956|T0031164|T0024696|T0046604|T0049552|T0072266|T0014242|T0055189|T0030000|T0102498|T0040706|T0070029|T0001682
M4C0184,C0184,4,main,25,False,T0013504|T0000187|T0078673|T0038374|T0096107|T0064998|T0035573|T0036205|T0075761|T0072423|T0089334|T0093613|T0047825|T0044027|T0007637|T0011123|T0039695|T0022557|T0064830|T0028259|T0038505|T0054231|T0066152|T0007423|T0098489
M4C0192,C0192,4,main,25,False,T0051131|T0048016|T0042852|T0089797|T0022648|T0103377|T0031573|T0054741|T0057859|T0103637|T0012722|T0091288|T0040653|T0056996|T0093990|T0008555|T0098198|T0078588|T0017782|T0063594|T0038399|T0069948|T0033603|T0025705|T0051419
M4C0193,C0193,4,main,25,False,T0014581|T0017509|T0014583|T0011783|T0045558|T0057551|T0069933|T0099669|T0025406|T0055412|T0059557|T0090822|T0103562|T0026026|T0023891|T0083795|T0058458|T0079726|T0049805|T0026005|T0018950|T0066739|T0060670|T0015066|T0040128
M4C0196,C0196,4,main,25,False,T0028013|T0019049|T0048663|T0084707|T0094551|T0045060|T0051853|T0103090|T0072290|T0042065|T0103304|T0030314|T0024922|T0084158|T0081077|T0067909|T0082383|T0032703|T0027129|T0058092|T0070424|T0055665|T0003298|T0024160|T0018599
M4C0201,C0201,4,main,25,False,T0089107|T0011163|T0090277|T0067160|T0101633|T0104429|T0026343|T0015718|T0060583|T0036580|T0067164|T0078667|T0000530|T0020054|T0080279|T0093519|T0063148|T0050175|T0067366|T0029153|T0057200|T0054319|T0008830|T0091013|T0061380
M4C0209,C0209,4,main,20,True,T0003076|T0013618|T0028007|T0086129|T0024410|T0016863|T0021780|T0085129|T0081237|T0064640|T0045911|T0103970|T0060574|T0082268|T0068997|T0031681|T0037570|T0082755|T0024432|T0048251
M4C0226,C0226,4,main,25,False,T0045355|T0098549|T0054378|T0030705|T0085426|T0074871|T0076374|T0048105|T0086800|T0084514|T0038227|T0011191|T0087067|T0019214|T0026972|T0010165|T0086739|T0050434|T0044003|T0042893|T0031162|T0052456|T0001520|T0043786|T0043866
M4C0228,C0228,4,main,25,False,T0084846|T0018570|T0043101|T0005799|T0004929|T0041248|T0060195|T0006176|T0014524|T0034209|T0002785|T0056163|T0012603|T0097524|T0048571|T0091201|T0015511|T0022315|T0030457|T0091814|T0045309|T0028879|T0007179|T0080526|T0104213
M4C0237,C0237,4,main,25,False,T0059454|T0095316|T0011861|T0042975|T0076899|T0086916|T0005129|T0087769|T0076398|T0034208|T0009000|T0069259|T0035994|T0060274|T0057925|T0021126|T0078246|T0052004|T0061317|T0100233|T0042289|T0064299|T0027488|T0001739|T0014155
M4C0242,C0242,4,main,25,False,T0061026|T0048135|T0015449|T0069237|T0018604|T0095115|T0050355|T0048369|T0011525|T0009017|T0047303|T0002774|T0087463|T0067577|T0011592|T0022271|T0086453|T0102288|T0010857|T0007449|T0054139|T0034566|T0037184|T0084757|T0046220
M4C0244,C0244,4,main,25,False,T0023777|T0082367|T0010024|T0014279|T0020400|T0100692|T0048802|T0092599|T0015924|T0013166|T0014850|T0050385|T0097671|T0016370|T0054753|T0096259|T0028460|T0089025|T0068707|T0080909|T0069477|T0065114|T0104075|T0067176|T0039226
M4C0250,C0250,4,main,24,True,T0087060|T0097211|T0093727|T0088720|T0070495|T0070172|T0034374|T0101612|T0025428|T0009257|T0043604|T0035413|T0053865|T0002689|T0092106|T0097877|T0031389|T0097978|T0098964|T0020366|T0009066|T0032854|T0019295|T0014839
M4C0256,C0256,4,main,19,True,T0083154|T0093220|T0044283|T0032027|T0019925|T0077946|T0102666|T0040854|T0022223|T0054986|T0070204|T0045716|T0051647|T0065608|T0059525|T0035225|T0089204|T0063181|T0092303
M4C0258,C0258,4,main,16,True,T0056784|T0018907|T0027055|T0001617|T0086144|T0077325|T0049420|T0088216|T0082876|T0038939|T0009831|T0006679|T0053478|T0074256|T0087996|T0031060
M4C0263,C0263,4,main,25,False,T0093394|T0000234|T0093217|T0003452|T0007536|T0066480|T0031827|T0034868|T0039815|T0095020|T0060549|T0096327|T0081635|T0072457|T0012734|T0014146|T0037762|T0012058|T0021766|T0091365|T0011667|T0085154|T0013302|T0079703|T0040253
M4C0264,C0264,4,main,25,False,T0022574|T0005562|T0063243|T0028131|T0024685|T0100785|T0073350|T0049660|T0101024|T0004775|T0034801|T0018320|T0092597|T0062770|T0036185|T0068545|T0008893|T0084044|T0066952|T0017602|T0006534|T0047015|T0070061|T0027313|T0053571
M4C0265,C0265,4,main,25,False,T0074210|T0022241|T0023242|T0015225|T0040118|T0087063|T0069372|T0022095|T0013850|T0081685|T0069042|T0007105|T0097984|T0094964|T0087826|T0026222|T0101599|T0022743|T0067398|T0078115|T0017681|T0088754|T0018611|T0067447|T0052602
M4C0267,C0267,4,main,23,True,T0055085|T0046017|T0049873|T0084231|T0084916|T0048682|T0042755|T0045748|T0027192|T0071178|T0082576|T0011892|T0094641|T0021634|T0038579|T0053868|T0094049|T0042780|T0066760|T0071108|T0003273|T0078474|T0014469
M4C0277,C0277,4,main,25,False,T0036116|T0024132|T0095687|T0095684|T0067382|T0078846|T0021704|T0015834|T0074018|T0078329|T0024742|T0019978|T0035922|T0102484|T0058083|T0008465|T0103127|T0020510|T0025311|T0002908|T0003813|T0099822|T0060824|T0019953|T0093878
M4C0293,C0293,4,main,25,False,T0065251|T0059422|T0008322|T0009362|T0020356|T0053383|T0004883|T0043661|T0021363|T0011822|T0024828|T0103079|T0031712|T0103504|T0079348|T0028437|T0085521|T0098510|T0045270|T0002332|T0003043|T0066734|T0011214|T0089783|T0099723
M4C0294,C0294,4,main,25,False,T0031085|T0100021|T0031653|T0020685|T0073309|T0027669|T0079157|T0043960|T0054803|T0057536|T0050736|T0024918|T0092360|T0024870|T0086741|T0061559|T0091061|T0064770|T0067963|T0010644|T0015922|T0016690|T0032885|T0101340|T0042796
M4C0299,C0299,4,main,25,False,T0086161|T0082799|T0000631|T0084127|T0095894|T0005539|T0047551|T0078503|T0051775|T0051803|T0000179|T0032665|T0050687|T0026068|T0082953|T0016930|T0033297|T0092614|T0069701|T0098253|T0058015|T0022637|T0022296|T0068948|T0048606
M4C0305,C0305,4,main,25,False,T0032948|T0006164|T0074454|T0043896|T0085018|T0032991|T0072247|T0028222|T0049475|T0100253|T0052244|T0062092|T0063793|T0081818|T0077593|T0019763|T0068827|T0100499|T0022679|T0051805|T0037191|T0016973|T0101432|T0102428|T0078437
M4C0321,C0321,4,main,25,False,T0073420|T0008588|T0048086|T0083090|T0019861|T0022687|T0064767|T0014787|T0031692|T0059548|T0040108|T0036449|T0035932|T0069254|T0102947|T0001853|T0042822|T0078232|T0043677|T0053229|T0088505|T0051150|T0075801|T0102857|T0101972
M4C0324,C0324,4,main,11,True,T0057136|T0021950|T0089911|T0034351|T0074311|T0017238|T0035917|T0050610|T0092486|T0002707|T0049474
M4C0327,C0327,4,main,25,False,T0062282|T0076599|T0045522|T0084585|T0089610|T0080326|T0053893|T0097054|T0083857|T0059476|T0042749|T0002207|T0095158|T0065378|T0048804|T0035646|T0070826|T0103992|T0052510|T0054228|T0048733|T0041521|T0055882|T0098041|T0057735
M4C0330,C0330,4,main,25,False,T0043099|T0036522|T0024346|T0069847|T0026670|T0016660|T0070077|T0067851|T0030495|T0043436|T0089071|T0102258|T0072914|T0046118|T0089350|T0025060|T0020159|T0081048|T0046480|T0006290|T0000494|T0081654|T0071049|T0002862|T0094976
M4C0333,C0333,4,main,25,False,T0093001|T0083600|T0083875|T0028975|T0100228|T0059856|T0092590|T0013293|T0004488|T0001825|T0089719|T0081755|T0019584|T0022005|T0047983|T0035412|T0089685|T0006535|T0005194|T0040765|T0091916|T0079391|T0052536|T0090513|T0008389
M4C0338,C0338,4,main,25,False,T0032191|T0100976|T0073707|T0045017|T0059018|T0072989|T0085078|T0013268|T0046368|T0048461|T0011879|T0096173|T0074000|T0031278|T0027767|T0041383|T0080630|T0053998|T0064976|T0082896|T0047395|T0065959|T0027834|T0097686|T0054964
M4C0340,C0340,4,main,17,True,T0031377|T0050683|T0082185|T0069278|T0039975|T0080512|T0036386|T0022728|T0100998|T0071960|T0011387|T0010409|T0055430|T0101003|T0033686|T0056871|T0083637
M4C0343,C0343,4,main,25,False,T0032262|T0070528|T0079246|T0083031|T0070733|T0088257|T0021869|T0070684|T0102628|T0035673|T0065544|T0021898|T0054831|T0058885|T0022990|T0099341|T0099768|T0084968|T0015561|T0081100|T0048138|T0082527|T0074531|T0053372|T0012785
M4C0347,C0347,4,main,25,False,T0075405|T0029034|T0056174|T0039294|T0031958|T0075918|T0070049|T0077366|T0073433|T0093788|T0006609|T0071066|T0066372|T0048688|T0095798|T0082937|T0002957|T0002400|T0004732|T0058444|T0029309|T0046746|T0088625|T0095064|T0027622
M4C0357,C0357,4,main,25,False,T0102243|T0093906|T0063079|T0057188|T0020064|T0080554|T0024172|T0033314|T0078614|T0036527|T0080197|T0016737|T0055355|T0073276|T0046266|T0068709|T0003670|T0085839|T0101912|T0035362|T0090631|T0016169|T0012348|T0066256|T0011128
M4C0366,C0366,4,main,25,False,T0083033|T0007562|T0096482|T0095420|T0022797|T0031351|T0095721|T0030994|T0099988|T0023748|T0015468|T0017614|T0040436|T0078840|T0047282|T0067871|T0074697|T0077733|T0068067|T0084742|T0025071|T0006767|T0018070|T0033585|T0102332
M4C0371,C0371,4,main,25,False,T0018983|T0016034|T0101794|T0101021|T0047635|T0103794|T0052181|T0054256|T0034717|T0085148|T0003232|T0035900|T0053869|T0068689|T0036846|T0008786|T0002501|T0058213|T0057686|T0048188|T0008883|T0093910|T0062183|T0049131|T0101943
M4C0376,C0376,4,main,25,False,T0065750|T0100510|T0103795|T0082722|T0021733|T0055735|T0020406|T0040163|T0061077|T0075438|T0015757|T0085396|T0089335|T0023299|T0031459|T0036018|T0029216|T0092683|T0098441|T0047307|T0026612|T0048560|T0033123|T0060579|T0009263
M4C0398,C0398,4,main,20,True,T0068753|T0096129|T0080856|T0074354|T0023213|T0044117|T0029786|T0028516|T0068818|T0024614|T0081963|T0028535|T0029907|T0104413|T0094669|T0084451|T0020367|T0052501|T0056344|T0044756
M4C0399,C0399,4,main,25,False,T0086562|T0000164|T0024386|T0057881|T0059096|T0044782|T0066488|T0035648|T0006637|T0005648|T0062504|T0022349|T0079628|T0066305|T0008394|T0091578|T0089764|T0088353|T0078200|T0065370|T0010125|T0033676|T0070876|T0047918|T0025680
M4C0412,C0412,4,main,25,False,T0060042|T0042660|T0059403|T0100660|T0026968|T0053423|T0009773|T0049521|T0061496|T0038913|T0082246|T0044803|T0002105|T0060864|T0011994|T0024040|T0058842|T0031878|T0018548|T0016382|T0028860|T0087167|T0066606|T0083169|T0095006
M4C0416,C0416,4,main,25,False,T0038215|T0060199|T0057608|T0064533|T0063742|T0071133|T0078352|T0012902|T0030781|T0049141|T0019943|T0091982|T0098923|T0007990|T0041435|T0019599|T0104337|T0072571|T0042522|T0080880|T0008042|T0065812|T0001536|T0010279|T0055319
M4C0417,C0417,4,main,25,False,T0030863|T0038036|T0057553|T0050945|T0018046|T0075969|T0002890|T0019950|T0100553|T0022162|T0092749|T0004335|T0104315|T0029632|T0000809|T0028595|T0081530|T0038365|T0085048|T0032934|T0082583|T0000660|T0025186|T0087915|T0003277
M4C0419,C0419,4,main,25,False,T0083121|T0090178|T0050847|T0043262|T0019012|T0065636|T0103839|T0022298|T0006003|T0045386|T0033990|T0008450|T0102895|T0084419|T0010237|T0073649|T0030416|T0065518|T0022290|T0027136|T0066955|T0004176|T0099974|T0049265|T0055970
M4C0420,C0420,4,main,25,False,T0000161|T0082127|T0088673|T0028146|T0004554|T0094193|T0048430|T0035534|T0030117|T0089251|T0064616|T0070025|T0018313|T0068882|T0066540|T0067141|T0039167|T0091663|T0081434|T0100984|T0095656|T0097977|T0062277|T0042709|T0075654
M4C0423,C0423,4,main,25,False,T0021684|T0057323|T0014592|T0061437|T0032111|T0020562|T0038920|T0048649|T0022188|T0064934|T0011685|T0029612|T0042959|T0078960|T0034095|T0014879|T0028053|T0028487|T0102649|T0102147|T0020575|T0028788|T0032808|T0097623|T0026153
M4C0428,C0428,4,main,25,False,T0064134|T0094019|T0095198|T0038595|T0006748|T0022176|T0066155|T0094367|T0029895|T0007283|T0010532|T0005877|T0100334|T0104328|T0103056|T0103454|T0090775|T0011233|T0097093|T0034524|T0021852|T0065071|T0056948|T0010508|T0052348
M4C0442,C0442,4,main,25,False,T0006237|T0047971|T0039181|T0090020|T0079554|T0028978|T0029917|T0072042|T0018373|T0043225|T0030790|T0065828|T0072183|T0020504|T0059615|T0052054|T0076435|T0045056|T0077969|T0102527|T0016834|T0077967|T0022122|T0083551|T0098695
M4C0445,C0445,4,main,25,False,T0071969|T0069196|T0049849|T0048720|T0027341|T0091048|T0090499|T0098034|T0032769|T0101993|T0027603|T0069293|T0047239|T0088519|T0090177|T0032256|T0065290|T0012758|T0094619|T0096836|T0071976|T0061211|T0076662|T0030472|T0025146
M4C0449,C0449,4,main,25,False,T0078256|T0069409|T0031675|T0026120|T0034004|T0045074|T0020301|T0098244|T0038427|T0046772|T0042618|T0078736|T0060324|T0086842|T0014942|T0036742|T0060090|T0059778|T0070611|T0036156|T0010116|T0053767|T0079570|T0097876|T0035590
M4C0450,C0450,4,main,25,False,T0036942|T0005953|T0102494|T0042820|T0008675|T0084065|T0041538|T0010937|T0022006|T0044247|T0075970|T0099053|T0068086|T0094850|T0013643|T0047131|T0089674|T0044437|T0018351|T0049537|T0017963|T0079964|T0080694|T0062253|T0094912
M4C0451,C0451,4,main,25,False,T0089984|T0032245|T0099645|T0024629|T0077324|T0039569|T0084194|T0081653|T0003891|T0031445|T0013812|T0017639|T0083743|T0043904|T0033054|T0024911|T0010328|T0044937|T0086577|T0100786|T0100149|T0097820|T0021390|T0005720|T0074633
M4C0456,C0456,4,main,25,False,T0008497|T0022607|T0052388|T0081268|T0003399|T0027948|T0039035|T0074518|T0035114|T0028017|T0009458|T0091827|T0077626|T0080846|T0097879|T0084363|T0082258|T0069394|T0071346|T0103605|T0053384|T0016005|T0047177|T0073070|T0075331
M4C0474,C0474,4,main,8,True,T0101336|T0013139|T0072415|T0002671|T0092639|T0041586|T0096935|T0015499
M4C0481,C0481,4,main,25,False,T0027968|T0014964|T0073516|T0006135|T0085174|T0007968|T0002498|T0099501|T0102746|T0057749|T0040783|T0083482|T0058047|T0008421|T0046537|T0008538|T0052727|T0019104|T0045613|T0076163|T0001257|T0028694|T0029599|T0084293|T0096900
M4C0485,C0485,4,main,25,False,T0038146|T0027685|T0069487|T0074494|T0053628|T0005254|T0089042|T0026219|T0010906|T0065180|T0074078|T0007129|T0076311|T0023993|T0043384|T0005928|T0038095|T0096744|T0062629|T0037410|T0018635|T0019299|T0005660|T0066960|T0005835
M4C0489,C0489,4,main,25,False,T0041579|T0023537|T0084669|T0047735|T0085925|T0073305|T0092118|T0039147|T0087717|T0017585|T0038221|T0034045|T0000181|T0068343|T0054995|T0078456|T0035662|T0020587|T0081409|T0067936|T0034406|T0074774|T0005691|T0025504|T0002855
M4C0496,C0496,4,main,25,False,T0000123|T0093930|T0011405|T0028490|T0028584|T0024271|T0099780|T0028729|T0094530|T0046958|T0098764|T0055701|T0094037|T0016178|T0088680|T0066718|T0072498|T0070279|T0043668|T0037466|T0040047|T0073640|T0069402|T0074228|T0044712
M4C0501,C0501,4,main,25,False,T0059776|T0075587|T0078971|T0101295|T0083672|T0000952|T0068170|T0009543|T0055920|T0076772|T0041573|T0013760|T0073573|T0102437|T0090971|T0014703|T0099955|T0018425|T0102211|T0003028|T0052985|T0022646|T0063870|T0011653|T0097162
M4C0504,C0504,4,main,25,False,T0102261|T0021803|T0069698|T0072525|T0007721|T0044493|T0037674|T0091580|T0058279|T0035734|T0031168|T0033894|T0022645|T0099994|T0002765|T0090493|T0066107|T0027655|T0063080|T0056084|T0024415|T0022833|T0011843|T0045624|T0091576
M4C0506,C0506,4,main,25,False,T0036962|T0047425|T0036747|T0032660|T0014663|T0044406|T0083929|T0050363|T0079071|T0047200|T0077408|T0034179|T0022551|T0097429|T0004631|T0064860|T0034124|T0074193|T0054246|T0023386|T0081905|T0100705|T0060331|T0081858|T0104068
M4C0508,C0508,4,main,25,False,T0101062|T0104522|T0049170|T0099684|T0024813|T0043309|T0031018|T0030405|T0067761|T0001836|T0035888|T0028771|T0008519|T0079209|T0068225|T0017484|T0102283|T0063968|T0086191|T0102701|T0098077|T0054064|T0016853|T0070047|T0057104
M4C0515,C0515,4,main,23,True,T0087616|T0092970|T0075794|T0087536|T0069608|T0036131|T0069091|T0050877|T0010492|T0059356|T0036690|T0009387|T0057335|T0034946|T0060859|T0054566|T0091474|T0030852|T0070449|T0060913|T0045336|T0092181|T0075607
M4C0534,C0534,4,main,25,False,T0071236|T0064701|T0088292|T0045464|T0022340|T0095318|T0009739|T0013997|T0056753|T0078316|T0047993|T0095280|T0062758|T0001295|T0047206|T0046187|T0101873|T0091138|T0077997|T0089296|T0013332|T0032941|T0018007|T0102707|T0058474
M4C0549,C0549,4,main,25,False,T0102402|T0063839|T0015809|T0090940|T0025652|T0030339|T0053420|T0087948|T0102695|T0069340|T0012413|T0041719|T0078066|T0046598|T0066570|T0043669|T0019641|T0086344|T0081128|T0096089|T0000937|T0097166|T0062188|T0101567|T0097828
M4C0552,C0552,4,main,20,True,T0082058|T0027194|T0077419|T0065069|T0061757|T0103743|T0049385|T0056438|T0030771|T0029963|T0037884|T0015557|T0084570|T0070869|T0065835|T0056386|T0053080|T0049247|T0016245|T0097522
M4C0567,C0567,4,main,25,False,T0000548|T0033207|T0042867|T0077154|T0086813|T0086788|T0089629|T0001788|T0014246|T0054071|T0030693|T0077343|T0029267|T0030640|T0093396|T0030264|T0095882|T0018506|T0015169|T0021990|T0071486|T0034775|T0102554|T0058218|T0068365
M4C0580,C0580,4,main,25,False,T0018989|T0012083|T0080023|T0002559|T0090239|T0079386|T0089821|T0062837|T0005527|T0019673|T0094050|T0087417|T0050466|T0049310|T0040674|T0018953|T0080363|T0082493|T0060552|T0020459|T0064359|T0099618|T0005273|T0036909|T0103020
M4C0586,C0586,4,main,18,True,T0053085|T0094983|T0097555|T0102673|T0025288|T0102590|T0039323|T0077254|T0027170|T0070196|T0076508|T0029374|T0038204|T0063828|T0008103|T0060890|T0085357|T0077146
M4C0587,C0587,4,main,25,False,T0102667|T0040369|T0035302|T0059577|T0015948|T0076175|T0073442|T0062171|T0057864|T0041966|T0035120|T0062408|T0059524|T0018042|T0056037|T0055257|T0090022|T0015598|T0084704|T0103019|T0101914|T0068739|T0043367|T0063835|T0061622
M4C0590,C0590,4,main,25,False,T0021209|T0070883|T0068964|T0026666|T0039717|T0075441|T0080922|T0080007|T0068384|T0042638|T0092831|T0065512|T0007512|T0051237|T0094868|T0081349|T0004270|T0064066|T0011769|T0046930|T0077153|T0082395|T0033813|T0067384|T0029601
M4C0591,C0591,4,main,25,False,T0078828|T0049796|T0020233|T0086729|T0029750|T0073933|T0024418|T0065176|T0036559|T0095902|T0009057|T0017259|T0080187|T0084362|T0054313|T0051413|T0102704|T0036954|T0010516|T0097875|T0044702|T0015551|T0077122|T0067974|T0078651
M4C0592,C0592,4,main,25,False,T0000069|T0066190|T0052272|T0099394|T0100634|T0076739|T0040307|T0047476|T0010497|T0017735|T0065875|T0024435|T0060667|T0054523|T0008915|T0037168|T0022678|T0017665|T0041207|T0027157|T0031435|T0028616|T0062598|T0101179|T0065922
M4C0597,C0597,4,main,12,True,T0016175|T0066051|T0097283|T0056814|T0072950|T0075280|T0019859|T0028097|T0059933|T0023269|T0025634|T0020288
M4C0610,C0610,4,main,25,False,T0064857|T0028284|T0016845|T0030950|T0025575|T0039273|T0044217|T0044734|T0074206|T0100817|T0081580|T0072285|T0041444|T0060784|T0076547|T0054938|T0093590|T0024443|T0027333|T0079341|T0012618|T0016924|T0009043|T0082603|T0000839
M4C0613,C0613,4,main,25,False,T0023031|T0043801|T0104350|T0039985|T0052079|T0048358|T0090334|T0064165|T0016286|T0060260|T0059885|T0096061|T0104532|T0058560|T0001874|T0095027|T0041962|T0028913|T0076594|T0028283|T0044287|T0029754|T0032694|T0047246|T0033097
M4C0614,C0614,4,main,25,False,T0052558|T0052639|T0012328|T0016188|T0055537|T0023816|T0075398|T0031167|T0036674|T0054810|T0074179|T0096133|T0097058|T0057615|T0080612|T0050913|T0010176|T0080130|T0040988|T0092248|T0067394|T0100356|T0002161|T0022709|T0089664
M4C0621,C0621,4,main,25,False,T0097382|T0095620|T0015018|T0003940|T0052437|T0094022|T0030584|T0027257|T0040616|T0071120|T0025390|T0058128|T0072801|T0047873|T0077406|T0032528|T0049757|T0053942|T0016697|T0068796|T0055881|T0042944|T0061166|T0067320|T0028500
M4C0622,C0622,4,main,25,False,T0074680|T0025800|T0007151|T0090231|T0057457|T0050187|T0099854|T0067772|T0031594|T0034215|T0009990|T0068814|T0081788|T0047088|T0040787|T0036024|T0067031|T0052867|T0097491|T0079215|T0082696|T0089128|T0077032|T0044471|T0064216
M4C0631,C0631,4,main,25,False,T0001370|T0017600|T0019254|T0003464|T0023483|T0098604|T0071958|T0050365|T0042363|T0062686|T0072572|T0099940|T0009965|T0098044|T0069568|T0027884|T0072807|T0055359|T0049083|T0070176|T0088669|T0101818|T0060038|T0044821|T0024871
M4C0634,C0634,4,main,25,False,T0101835|T0073154|T0054341|T0004013|T0045462|T0016437|T0044081|T0079089|T0047484|T0058960|T0012639|T0070634|T0014099|T0068464|T0084244|T0058374|T0047458|T0086461|T0025905|T0038096|T0026137|T0101414|T0029531|T0096685|T0009639
M4C0639,C0639,4,main,25,False,T0010613|T0000824|T0103623|T0029677|T0066428|T0058734|T0028678|T0078151|T0084157|T0054311|T0028609|T0005263|T0081454|T0012177|T0077234|T0074736|T0091690|T0044609|T0076798|T0102670|T0021515|T0061457|T0084250|T0082733|T0000403
M4C0641,C0641,4,main,25,False,T0054922|T0093642|T0053097|T0012651|T0044867|T0050269|T0013617|T0076236|T0040301|T0038732|T0020518|T0064481|T0052226|T0071111|T0001232|T0076586|T0031884|T0038706|T0022787|T0054481|T0058986|T0083775|T0078660|T0066698|T0091464
M4C0654,C0654,4,main,24,True,T0053612|T0080492|T0061461|T0100751|T0009010|T0066961|T0018213|T0069068|T0011555|T0040556|T0014773|T0034541|T0097001|T0102012|T0082377|T0039204|T0080531|T0080239|T0094708|T0016765|T0095212|T0001111|T0084880|T0086485
M4C0657,C0657,4,main,25,False,T0014771|T0072616|T0041429|T0089690|T0014398|T0093022|T0046479|T0056662|T0025179|T0006536|T0052191|T0072191|T0005977|T0100793|T0036863|T0039648|T0096344|T0047517|T0021140|T0063458|T0041572|T0053729|T0079748|T0089976|T0080693
M4C0661,C0661,4,main,25,False,T0004305|T0004011|T0093053|T0052287|T0049307|T0000406|T0018690|T0070468|T0022906|T0038329|T0016846|T0015852|T0024834|T0058328|T0016476|T0069238|T0003538|T0001202|T0071777|T0078592|T0034370|T0030483|T0000989|T0009521|T0067786
M4C0662,C0662,4,main,25,False,T0067184|T0016658|T0083892|T0072765|T0070757|T0061199|T0093197|T0016128|T0012518|T0093485|T0037153|T0075621|T0002507|T0035248|T0020235|T0062376|T0063804|T0082928|T0040250|T0096668|T0006194|T0023576|T0026933|T0033409|T0033396
M4C0684,C0684,4,main,25,False,T0053487|T0055385|T0049246|T0053758|T0088218|T0091993|T0095604|T0051382|T0009689|T0015630|T0003295|T0008311|T0058026|T0006603|T0049896|T0103343|T0017369|T0000419|T0058646|T0048633|T0008558|T0028777|T0011957|T0012213|T0037800
M4C0692,C0692,4,main,20,True,T0079928|T0055614|T0048537|T0096176|T0058208|T0071953|T0042057|T0035439|T0073106|T0104269|T0044578|T0008201|T0071608|T0097264|T0080179|T0008655|T0000953|T0099883|T0027128|T0065166
M4C0695,C0695,4,main,25,False,T0012894|T0003462|T0082968|T0060653|T0084636|T0002796|T0013137|T0017921|T0014660|T0099648|T0052122|T0049790|T0093540|T0056472|T0062082|T0088435|T0090055|T0070545|T0059231|T0040139|T0102810|T0052695|T0080134|T0060873|T0014924
M4C0710,C0710,4,main,25,False,T0034349|T0086969|T0031243|T0075864|T0088996|T0071019|T0007705|T0092426|T0067506|T0059489|T0066625|T0065538|T0102907|T0098190|T0022986|T0094933|T0049492|T0059343|T0057709|T0061885|T0040251|T0078727|T0080325|T0029868|T0010306
M4C0711,C0711,4,main,25,False,T0072372|T0103113|T0004235|T0072870|T0033159|T0033955|T0062613|T0051018|T0071916|T0065609|T0001161|T0061435|T0021409|T0053254|T0015167|T0102648|T0048902|T0016227|T0035594|T0037078|T0067982|T0031423|T0079395|T0023568|T0059222
M4C0727,C0727,4,main,25,False,T0054219|T0034051|T0037480|T0049871|T0011556|T0030019|T0032780|T0063116|T0018206|T0081361|T0058538|T0077050|T0033801|T0084394|T0065998|T0093327|T0034721|T0033223|T0038324|T0034439|T0089515|T0045179|T0002725|T0078973|T0017023
M4C0736,C0736,4,main,25,False,T0043761|T0091056|T0013979|T0025160|T0042536|T0024820|T0074215|T0022109|T0071790|T0040051|T0094744|T0009845|T0004120|T0073557|T0094079|T0037672|T0014317|T0069736|T0063875|T0082978|T0000059|T0096652|T0027557|T0064011|T0065470
M4C0739,C0739,4,main,25,False,T0100428|T0036584|T0039082|T0006311|T0063109|T0097816|T0058539|T0039711|T0076578|T0010520|T0093726|T0036516|T0062478|T0077586|T0025235|T0063127|T0008120|T0031281|T0002967|T0062950|T0092644|T0012843|T0053581|T0079354|T0008351
M4C0742,C0742,4,main,25,False,T0046256|T0029022|T0000001|T0087445|T0023459|T0073943|T0084939|T0091844|T0057929|T0073114|T0071200|T0054743|T0088390|T0055563|T0070575|T0101347|T0002532|T0018849|T0077388|T0027041|T0087981|T0001401|T0027684|T0016474|T0024877
M4C0747,C0747,4,main,25,False,T0032408|T0017041|T0042124|T0090339|T0046791|T0038750|T0021565|T0083865|T0075415|T0001389|T0085265|T0090096|T0022181|T0040336|T0098608|T0091005|T0011301|T0050469|T0067602|T0084131|T0063107|T0089234|T0030636|T0013126|T0064037
M4C0758,C0758,4,main,25,False,T0069187|T0099428|T0073325|T0090080|T0009972|T0041667|T0061938|T0040894|T0051860|T0079511|T0062015|T0055561|T0014893|T0102776|T0075475|T0103151|T0060056|T0006976|T0058006|T0066053|T0029478|T0030625|T0033792|T0023479|T0022739
M4C0765,C0765,4,main,25,False,T0012546|T0026263|T0040584|T0036926|T0004652|T0042303|T0091820|T0099639|T0025548|T0068842|T0033413|T0071938|T0021111|T0027517|T0104199|T0095884|T0029446|T0036444|T0088558|T0021824|T0063323|T0015787|T0091491|T0033245|T0098811
M4C0776,C0776,4,main,25,False,T0074423|T0045584|T0003194|T0007092|T0060238|T0093186|T0010198|T0012050|T0022077|T0084905|T0015573|T0006271|T0049894|T0055975|T0056723|T0089072|T0010811|T0097086|T0005034|T0062865|T0069410|T0050583|T0082143|T0098030|T0036186
M4C0781,C0781,4,main,25,False,T0023008|T0034718|T0024785|T0031561|T0028799|T0038612|T0060019|T0040899|T0045422|T0099595|T0054705|T0069747|T0011885|T0095639|T0099934|T0020004|T0101165|T0074128|T0086613|T0093504|T0076455|T0066554|T0086692|T0082309|T0092354
M4C0788,C0788,4,main,25,False,T0040665|T0099352|T0061197|T0092491|T0075178|T0047331|T0067455|T0022156|T0102987|T0027907|T0090638|T0000972|T0061086|T0083753|T0041916|T0004651|T0080321|T0006077|T0073271|T0049331|T0045035|T0101154|T0050767|T0002942|T0011183
M4C0798,C0798,4,main,12,True,T0095716|T0078063|T0067043|T0044298|T0024317|T0064503|T0023035|T0075058|T0015699|T0036600|T0028692|T0027992
M4C0803,C0803,4,main,25,False,T0057762|T0003154|T0066537|T0066386|T0089579|T0048939|T0061986|T0031777|T0018878|T0028223|T0039689|T0045208|T0100265|T0057918|T0061948|T0014776|T0060458|T0037404|T0006923|T0072542|T0095911|T0019165|T0081608|T0041730|T0075075
M4C0811,C0811,4,main,25,False,T0088314|T0047760|T0057769|T0095186|T0042434|T0052148|T0054358|T0089402|T0083076|T0045468|T0036813|T0100746|T0037407|T0093496|T0033316|T0089982|T0031934|T0079195|T0007002|T0094549|T0008155|T0074826|T0017660|T0064466|T0022535
M4C0814,C0814,4,main,25,False,T0000611|T0021308|T0059649|T0079320|T0013977|T0086258|T0020895|T0011203|T0036058|T0097595|T0047233|T0018257|T0049945|T0030104|T0065032|T0074882|T0005484|T0100542|T0100320|T0033799|T0020690|T0032202|T0076134|T0059571|T0093758
M4C0817,C0817,4,main,25,False,T0096995|T0060108|T0027038|T0040211|T0083249|T0094133|T0023818|T0072006|T0088695|T0019842|T0095462|T0014343|T0009733|T0076186|T0061959|T0070946|T0077098|T0023074|T0048574|T0100416|T0037970|T0005750|T0098750|T0085156|T0060137
M4C0832,C0832,4,main,25,False,T0059332|T0083825|T0102230|T0089822|T0019093|T0009547|T0069790|T0020160|T0085515|T0102390|T0047276|T0100712|T0082307|T0017925|T0032981|T0064073|T0085182|T0048054|T0001301|T0058884|T0095101|T0044545|T0048111|T0075694|T0096287
M4C0834,C0834,4,main,25,False,T0077207|T0036203|T0012632|T0101077|T0002629|T0024405|T0024112|T0101227|T0055840|T0037197|T0085679|T0082582|T0043949|T0099260|T0056247|T0064738|T0007073|T0038846|T0003205|T0082413|T0052141|T0047432|T0041160|T0003089|T0022260
M4C0836,C0836,4,main,25,False,T0007484|T0031487|T0039624|T0037218|T0025492|T0021147|T0055910|T0095977|T0100038|T0007253|T0002367|T0009135|T0088951|T0004090|T0098925|T0001450|T0078760|T0095727|T0065456|T0016201|T0064491|T0008265|T0008818|T0074617|T0009185
M4C0853,C0853,4,main,25,False,T0076846|T0055635|T0061607|T0095174|T0083349|T0051405|T0093132|T0087069|T0090380|T0025387|T0053162|T0016103|T0044019|T0102073|T0004861|T0052614|T0030181|T0098898|T0098567|T0065090|T0045356|T0095090|T0085946|T0085539|T0051364
M4C0867,C0867,4,main,22,True,T0063958|T0050778|T0099718|T0086389|T0074642|T0071217|T0044408|T0068705|T0101522|T0041269|T0066448|T0008855|T0040344|T0022027|T0050478|T0040144|T0074745|T0070208|T0037341|T0066589|T0041806|T0004268
M4C0870,C0870,4,main,25,False,T0052322|T0043863|T0075757|T0035905|T0057939|T0048729|T0046813|T0074205|T0039575|T0034937|T0009755|T0011500|T0043966|T0065096|T0046934|T0086818|T0020815|T0016553|T0039366|T0044792|T0090394|T0033558|T0077832|T0000721|T0046974
M4C0872,C0872,4,main,25,False,T0067613|T0052176|T0081746|T0014900|T0030406|T0084295|T0048263|T0040811|T0002868|T0022827|T0054961|T0032232|T0038159|T0045149|T0085102|T0081826|T0013895|T0026445|T0031287|T0017062|T0009444|T0087004|T0057189|T0069384|T0060921
M4C0875,C0875,4,main,24,True,T0044597|T0091513|T0079989|T0026430|T0003009|T0027431|T0085548|T0036644|T0072175|T0032547|T0010149|T0005855|T0095287|T0022666|T0094339|T0009702|T0051689|T0009505|T0033022|T0032015|T0011296|T0051445|T0098727|T0045480
M4C0876,C0876,4,main,25,False,T0089003|T0038495|T0100304|T0063487|T0066278|T0011027|T0091750|T0082861|T0089156|T0019850|T0047580|T0078663|T0049599|T0012234|T0031347|T0091081|T0014387|T0012502|T0007821|T0067029|T0074946|T0006785|T0019395|T0003682|T0001193
M4C0881,C0881,4,main,25,False,T0037359|T0101618|T0026310|T0006588|T0102456|T0053313|T0060550|T0017531|T0053786|T0042955|T0081952|T0036377|T0010533|T0054591|T0066858|T0044029|T0094906|T0007263|T0049076|T0074333|T0015257|T0048595|T0037296|T0074317|T0076861
M4C0882,C0882,4,main,25,False,T0030931|T0039165|T0074701|T0032518|T0004867|T0035291|T0065129|T0094351|T0078169|T0068634|T0073730|T0056137|T0027104|T0098662|T0007008|T0033917|T0049841|T0044165|T0042504|T0017408|T0067476|T0015131|T0089921|T0102223|T0095075
M4C0885,C0885,4,main,25,False,T0091333|T0046130|T0079695|T0077012|T0085442|T0001538|T0011346|T0097893|T0037753|T0042991|T0002560|T0091370|T0050488|T0019487|T0098884|T0033070|T0015432|T0104071|T0002764|T0104243|T0062295|T0070430|T0081657|T0031751|T0004063
M4C0893,C0893,4,main,25,False,T0092772|T0076360|T0021662|T0013910|T0082952|T0044718|T0097438|T0044243|T0046172|T0098504|T0042078|T0050666|T0088405|T0081177|T0092834|T0021754|T0073788|T0050218|T0096300|T0003958|T0058947|T0046304|T0025012|T0098122|T0099082
M4C0908,C0908,4,main,25,False,T0076087|T0085639|T0028496|T0096404|T0008711|T0091834|T0087578|T0102769|T0010273|T0025243|T0018591|T0081711|T0091108|T0007835|T0094824|T0002556|T0036476|T0049063|T0093237|T0103403|T0100421|T0060720|T0013571|T0032447|T0037028
M5C0004,C0004,5,main,25,False,T0078041|T0087761|T0022738|T0008426|T0099327|T0075791|T0090216|T0047690|T0090063|T0051672|T0052182|T0005710|T0055815|T0026563|T0010172|T0014741|T0045880|T0032799|T0074702|T0048017|T0063266|T0057717|T0073208|T0103169|T0048157
M5C0005,C0005,5,main,25,False,T0081807|T0069928|T0046755|T0009201|T0063231|T0034309|T0088617|T0053635|T0055475|T0067839|T0074563|T0015373|T0052994|T0065616|T0076628|T0025407|T0055372|T0030115|T0092406|T0038614|T0062833|T0098107|T0076449|T0041385|T0002144
M5C0006,C0006,5,main,25,False,T0062262|T0012837|T0088273|T0009969|T0023781|T0042731|T0069536|T0074159|T0100535|T0078679|T0080511|T0065274|T0002568|T0050275|T0003450|T0046138|T0005806|T0022171|T0028452|T0072068|T0058499|T0055063|T0010797|T0087887|T0010921
M5C0010,C0010,5,main,25,False,T0078017|T0060114|T0010280|T0044363|T0093305|T0078400|T0045219|T0061546|T0078633|T0010462|T0078532|T0074903|T0045061|T0012789|T0021470|T0079324|T0014375|T0080835|T0081056|T0074943|T0024541|T0046463|T0009137|T0096003|T0064517
M5C0011,C0011,5,main,25,False,T0033038|T0052830|T0082666|T0018189|T0054127|T0025471|T0025924|T0028746|T0100815|T0036731|T0048928|T0025599|T0051768|T0070021|T0088283|T0084397|T0093886|T0025239|T0025523|T0073365|T0035955|T0006510|T0059334|T0031250|T0027249
M5C0017,C0017,5,main,25,False,T0103428|T0042857|T0054892|T0033403|T0009701|T0031663|T0007391|T0090399|T0063428|T0044857|T0075815|T0034201|T0092080|T0088341|T0060974|T0065931|T0082796|T0096473|T0082487|T0082176|T0004540|T0015002|T0088808|T0083803|T0027879
M5C0040,C0040,5,main,25,False,T0019315|T0093101|T0012718|T0038385|T0055046|T0000072|T0073628|T0084053|T0092490|T0086601|T0015396|T0098973|T0091477|T0034599|T0070576|T0023201|T0034999|T0035852|T0034096|T0041989|T0058102|T0039772|T0076396|T0030757|T0015340
M5C0043,C0043,5,main,25,False,T0021185|T0014847|T0076707|T0056856|T0013001|T0021099|T0096706|T0044808|T0038211|T0043694|T0044172|T0011600|T0012731|T0034601|T0020625|T0069767|T0101029|T0040330|T0007963|T0000302|T0037457|T0025846|T0067401|T0004502|T0018469
M5C0046,C0046,5,main,25,False,T0077777|T0037504|T0098228|T0011620|T0007261|T0029645|T0066689|T0023332|T0007497|T0020682|T0069462|T0051654|T0023833|T0070441|T0087224|T0032611|T0080503|T0089117|T0025979|T0085135|T0072195|T0057122|T0001595|T0008615|T0013340
M5C0049,C0049,5,main,25,False,T0084064|T0098357|T0093888|T0033684|T0023530|T0090500|T0020042|T0094958|T0103298|T0044675|T0065350|T0021737|T0067410|T0021526|T0055781|T0052983|T0001643|T0082865|T0014527|T0021976|T0096041|T0030743|T0024612|T0041646|T0098789
M5C0050,C0050,5,main,25,False,T0050962|T0066183|T0052789|T0033567|T0060384|T0059514|T0086964|T0003791|T0081116|T0003631|T0069003|T0094910|T0079310|T0085408|T0049158|T0030527|T0098488|T0076603|T0077483|T0005359|T0068552|T0007503|T0044383|T0063705|T0059561
M5C0062,C0062,5,main,25,False,T0073648|T0006438|T0010168|T0024692|T0026803|T0006301|T0067229|T0078661|T0035818|T0091060|T0017671|T0058769|T0059974|T0067809|T0061498|T0095823|T0053019|T0075615|T0088295|T0005142|T0095030|T0033933|T0064655|T0008496|T0064504
M5C0066,C0066,5,main,25,False,T0069823|T0067970|T0044026|T0032318|T0083500|T0008105|T0058314|T0092279|T0074446|T0044058|T0029018|T0089493|T0013712|T0050880|T0103595|T0083093|T0049102|T0046042|T0100941|T0063371|T0008190|T0072368|T0047584|T0022597|T0061527
M5C0068,C0068,5,main,25,False,T0053684|T0043300|T0022810|T0094412|T0085854|T0029746|T0093974|T0008668|T0001537|T0061563|T0022931|T0064574|T0058271|T0038689|T0081007|T0013609|T0051885|T0068998|T0059285|T0065037|T0029637|T0071251|T0023462|T0002125|T0103331
M5C0072,C0072,5,main,25,False,T0060589|T0080412|T0053322|T0072226|T0033864|T0010954|T0077275|T0037178|T0104535|T0061430|T0049657|T0065404|T0079307|T0055209|T0029178|T0013817|T0006454|T0093287|T0084900|T0001425|T0101119|T0036038|T0066461|T0070259|T0089528
M5C0075,C0075,5,main,25,False,T0087794|T0038558|T0022545|T0068408|T0005282|T0081782|T0014630|T0018637|T0005825|T0089416|T0006981|T0088437|T0082498|T0063485|T0019247|T0038222|T0040536|T0027149|T0019529|T0101086|T0098579|T0071968|T0014533|T0025758|T0097431
M5C0085,C0085,5,main,20,True,T0049861|T0077613|T0036351|T0096801|T0047052|T0045051|T0019430|T0049455|T0030386|T0078368|T0083432|T0048668|T0023282|T0040528|T0076081|T0063258|T0013937|T0066534|T0038130|T0044077
M5C0088,C0088,5,main,22,True,T0088222|T0037701|T0033668|T0056989|T0075583|T0035465|T0038236|T0001051|T0089188|T0069051|T0017334|T0093566|T0025374|T0092199|T0099426|T0078243|T0068691|T0011044|T0090871|T0064698|T0026320|T0072527
M5C0089,C0089,5,main,25,False,T0008186|T0090031|T0078051|T0089394|T0014489|T0003439|T0078649|T0078678|T0088783|T0055981|T0035500|T0012519|T0044441|T0002208|T0009726|T0017703|T0054318|T0076551|T0032642|T0079661|T0076162|T0027378|T0081517|T0005712|T0092252
M5C0093,C0093,5,main,25,False,T0051372|T0073849|T0085070|T0078522|T0018660|T0102580|T0064388|T0092602|T0018300|T0093294|T0069353|T0066465|T0093749|T0100960|T0004753|T0025750|T0052891|T0019007|T0091303|T0081178|T0083126|T0038420|T0015739|T0035861|T0069072
M5C0101,C0101,5,main,9,True,T0014973|T0011529|T0036274|T0037606|T0021796|T0001969|T0100419|T0046752|T0071688
M5C0104,C0104,5,main,25,False,T0000265|T0032377|T0037721|T0016712|T0069559|T0044610|T0006773|T0078077|T0020428|T0080340|T0046585|T0003213|T0083053|T0084184|T0078782|T0104250|T0019088|T0081229|T0007319|T0066584|T0058087|T0090124|T0067158|T0020107|T0057291
M5C0107,C0107,5,main,25,False,T0088888|T0081280|T0075035|T0040495|T0062041|T0008701|T0032374|T0072122|T0019876|T0017187|T0056329|T0038377|T0043440|T0032026|T0076017|T0047267|T0056797|T0007940|T0068735|T0060367|T0030671|T0028832|T0001545|T0072350|T0104543
M5C0111,C0111,5,main,25,False,T0001894|T0056868|T0058665|T0082022|T0055379|T0067520|T0022809|T0034628|T0011466|T0049311|T0064430|T0103375|T0023181|T0023578|T0102716|T0002873|T0014454|T0004400|T0104222|T0031867|T0102269|T0036709|T0060258|T0009679|T0064329
M5C0134,C0134,5,main,25,False,T0039248|T0018013|T0025942|T0097808|T0090710|T0053671|T0013223|T0099310|T0101623|T0100366|T0017437|T0023204|T0090686|T0020062|T0044705|T0045128|T0004847|T0008156|T0078201|T0074625|T0056476|T0009757|T0051049|T0101994|T0076489
M5C0142,C0142,5,main,25,False,T0033887|T0039759|T0005233|T0014251|T0057125|T0055956|T0042507|T0070916|T0040526|T0025675|T0050811|T0090192|T0076836|T0017155|T0007508|T0062831|T0031719|T0093428|T0088077|T0099096|T0090992|T0082864|T0088472|T0032873|T0019753
M5C0144,C0144,5,main,25,False,T0030134|T0000746|T0030900|T0086350|T0001926|T0071459|T0091536|T0090522|T0061204|T0096132|T0025763|T0080042|T0013486|T0019249|T0037605|T0032480|T0063478|T0058582|T0024689|T0097249|T0001767|T0018119|T0002680|T0100625|T0007695
M5C0146,C0146,5,main,25,False,T0093147|T0027697|T0025711|T0101738|T0095113|T0081537|T0102382|T0072557|T0061854|T0055664|T0006560|T0017864|T0053854|T0032664|T0092669|T0095245|T0078662|T0022337|T0053891|T0013954|T0018576|T0086722|T0085613|T0090473|T0065036
M5C0155,C0155,5,main,25,False,T0099841|T0066857|T0032867|T0060065|T0042609|T0003588|T0076946|T0101030|T0048345|T0057253|T0088015|T0023037|T0004724|T0006383|T0018769|T0053808|T0065988|T0062517|T0051486|T0054204|T0041642|T0042181|T0064196|T0007720|T0032058
M5C0170,C0170,5,main,25,False,T0040589|T0098589|T0026761|T0014052|T0072474|T0015542|T0099235|T0073660|T0030067|T0040659|T0024348|T0004539|T0095933|T0047107|T0102042|T0022983|T0081267|T0037774|T0048136|T0014344|T0067419|T0087646|T0095517|T0030907|T0008325
M5C0174,C0174,5,main,25,False,T0007514|T0103570|T0085971|T0024696|T0027367|T0055189|T0054820|T0031164|T0008956|T0049552|T0047560|T0102498|T0045088|T0001682|T0002666|T0070029|T0014242|T0050510|T0019081|T0046604|T0014688|T0072266|T0045460|T0026852|T0036605
M5C0184,C0184,5,main,25,False,T0001941|T0053455|T0047825|T0007891|T0022306|T0022811|T0074920|T0096107|T0009716|T0077698|T0059451|T0038374|T0049161|T0076786|T0008207|T0101288|T0068520|T0071513|T0013229|T0001351|T0014588|T0007637|T0094779|T0013703|T0026631
M5C0192,C0192,5,main,25,False,T0003342|T0040653|T0051419|T0031573|T0063594|T0057859|T0069948|T0002813|T0093990|T0082804|T0048016|T0098198|T0011943|T0036652|T0005465|T0022648|T0088035|T0091288|T0099565|T0054741|T0100177|T0096017|T0051131|T0088624|T0040099
M5C0193,C0193,5,main,25,False,T0102565|T0040772|T0091959|T0103772|T0083795|T0014583|T0026005|T0041551|T0058458|T0054757|T0090822|T0029731|T0011783|T0094189|T0024970|T0017509|T0021115|T0072789|T0027986|T0022161|T0066739|T0040128|T0100310|T0012794|T0035907
M5C0196,C0196,5,main,25,False,T0011259|T0072290|T0058092|T0055277|T0028013|T0005572|T0014113|T0010281|T0084707|T0088312|T0079650|T0066655|T0022426|T0084958|T0032286|T0087989|T0034012|T0023749|T0048663|T0023803|T0054610|T0006085|T0003757|T0043032|T0082383
M5C0201,C0201,5,main,25,False,T0028320|T0069760|T0063148|T0089107|T0080279|T0008830|T0085094|T0091013|T0011163|T0067160|T0067164|T0078667|T0037975|T0000938|T0020054|T0093519|T0104429|T0054319|T0097214|T0057200|T0053320|T0019341|T0015928|T0101633|T0067366
M5C0209,C0209,5,main,20,True,T0013618|T0064640|T0068997|T0060574|T0028007|T0082755|T0081237|T0037570|T0021780|T0024410|T0031681|T0085129|T0024432|T0086129|T0103970|T0003076|T0016863|T0045911|T0082268|T0048251
M5C0226,C0226,5,main,25,False,T0033781|T0087591|T0098549|T0086429|T0012246|T0060735|T0043866|T0052456|T0001520|T0074871|T0016486|T0045355|T0011191|T0038187|T0026972|T0020095|T0038227|T0048105|T0085426|T0094251|T0031162|T0029945|T0084514|T0048923|T0001286
M5C0228,C0228,5,main,25,False,T0017635|T0057596|T0046390|T0039631|T0052611|T0022315|T0004742|T0034156|T0051557|T0038605|T0076731|T0036616|T0059181|T0035072|T0036593|T0006176|T0030468|T0020679|T0049658|T0043101|T0014065|T0026238|T0002785|T0014851|T0027647
M5C0237,C0237,5,main,25,False,T0049309|T0040189|T0064126|T0034208|T0097787|T0098669|T0069259|T0075094|T0011861|T0057925|T0001739|T0039839|T0060274|T0087769|T0040625|T0042975|T0091882|T0076681|T0039756|T0034359|T0017558|T0018668|T0052409|T0052004|T0009000
M5C0242,C0242,5,main,25,False,T0078525|T0081831|T0010940|T0042826|T0085157|T0101164|T0022271|T0087463|T0102288|T0066066|T0013013|T0026145|T0064049|T0027116|T0080891|T0097806|T0102162|T0069237|T0051617|T0011592|T0094721|T0060303|T0101395|T0061026|T0084757
M5C0244,C0244,5,main,25,False,T0033169|T0039226|T0079576|T0069787|T0086541|T0079815|T0069477|T0045400|T0092210|T0044630|T0044075|T0047677|T0101253|T0033376|T0034373|T0065114|T0090204|T0002731|T0097590|T0041025|T0086214|T0067176|T0015924|T0055824|T0060581
M5C0250,C0250,5,main,24,True,T0093727|T0009066|T0002689|T0034374|T0009257|T0031389|T0014839|T0101612|T0092106|T0035413|T0070172|T0087060|T0020366|T0098964|T0025428|T0097978|T0019295|T0088720|T0097211|T0097877|T0032854|T0053865|T0070495|T0043604
M5C0256,C0256,5,main,19,True,T0065608|T0102666|T0022223|T0059525|T0019925|T0089204|T0054986|T0051647|T0070204|T0040854|T0063181|T0077946|T0093220|T0092303|T0045716|T0083154|T0035225|T0044283|T0032027
M5C0258,C0258,5,main,16,True,T0074256|T0009831|T0056784|T0087996|T0082876|T0031060|T0006679|T0001617|T0038939|T0049420|T0018907|T0086144|T0027055|T0088216|T0077325|T0053478
M5C0263,C0263,5,main,25,False,T0055862|T0088947|T0050688|T0012058|T0093217|T0050354|T0077892|T0018568|T0034868|T0079703|T0043875|T0091678|T0053112|T0072457|T0090580|T0054689|T0053996|T0028853|T0095020|T0040253|T0031827|T0104035|T0060549|T0096327|T0042433
M5C0264,C0264,5,main,25,False,T0018686|T0028131|T0026624|T0022574|T0092597|T0097267|T0061480|T0023494|T0034896|T0066952|T0073350|T0074286|T0063243|T0053571|T0100785|T0049660|T0004775|T0029543|T0034801|T0103168|T0047015|T0092805|T0065383|T0084044|T0003255
M5C0265,C0265,5,main,25,False,T0092856|T0039542|T0072451|T0041308|T0048619|T0016518|T0092465|T0015915|T0096691|T0097984|T0094964|T0013679|T0007848|T0042293|T0009190|T0064798|T0067355|T0007105|T0099153|T0047125|T0102865|T0070277|T0049366|T0023122|T0028887
M5C0267,C0267,5,main,23,True,T0082576|T0094641|T0011892|T0003273|T0078474|T0053868|T0071108|T0027192|T0084916|T0071178|T0055085|T0021634|T0049873|T0048682|T0084231|T0094049|T0014469|T0042780|T0042755|T0045748|T0066760|T0046017|T0038579
M5C0277,C0277,5,main,25,False,T0103681|T0035922|T0085820|T0007657|T0094401|T0013250|T0072189|T0021704|T0043360|T0046250|T0022643|T0019978|T0087596|T0008465|T0015834|T0067389|T0077231|T0006702|T0019953|T0002908|T0074018|T0098970|T0095687|T0015714|T0021648
M5C0293,C0293,5,main,25,False,T0004883|T0100360|T0043661|T0007698|T0099723|T0045270|T0103504|T0013382|T0039978|T0066734|T0059422|T0028437|T0020356|T0009362|T0089430|T0085521|T0069711|T0011822|T0021363|T0031712|T0098510|T0101733|T0089783|T0076747|T0003043
M5C0294,C0294,5,main,25,False,T0019469|T0091068|T0090085|T0049466|T0064770|T0082166|T0065549|T0067963|T0050771|T0050736|T0021498|T0071090|T0061559|T0079157|T0069557|T0001291|T0056852|T0031653|T0090171|T0100021|T0020685|T0086741|T0101245|T0074535|T0090081
M5C0299,C0299,5,main,25,False,T0051775|T0050687|T0058015|T0051803|T0022637|T0000179|T0048606|T0069701|T0095894|T0098253|T0033297|T0078503|T0092614|T0005539|T0016930|T0032665|T0082953|T0000631|T0082799|T0084127|T0022296|T0068948|T0047551|T0026068|T0086161
M5C0305,C0305,5,main,25,False,T0063793|T0032991|T0016664|T0085556|T0080436|T0103787|T0016973|T0101432|T0092615|T0076228|T0051805|T0095760|T0037191|T0073047|T0032682|T0078437|T0033329|T0072247|T0006164|T0087633|T0076438|T0074323|T0049475|T0102818|T0029172
M5C0321,C0321,5,main,25,False,T0001853|T0020451|T0068525|T0061349|T0063408|T0102857|T0007039|T0048086|T0095362|T0078239|T0081981|T0053229|T0018156|T0042822|T0022687|T0026887|T0041889|T0097114|T0030016|T0019861|T0004962|T0052341|T0066519|T0103909|T0073420
M5C0324,C0324,5,main,11,True,T0035917|T0017238|T0021950|T0002707|T0057136|T0092486|T0034351|T0049474|T0074311|T0050610|T0089911
M5C0327,C0327,5,main,25,False,T0048733|T0058727|T0055882|T0103992|T0005743|T0052510|T0070826|T0035423|T0089610|T0083857|T0074800|T0042749|T0062282|T0041521|T0045522|T0053893|T0024604|T0084585|T0067833|T0043663|T0048804|T0002207|T0065378|T0095158|T0077667
M5C0330,C0330,5,main,25,False,T0016660|T0082210|T0037657|T0036522|T0089071|T0005492|T0050378|T0081048|T0032432|T0006290|T0082387|T0071049|T0003421|T0033521|T0102534|T0059128|T0009318|T0046480|T0081654|T0049741|T0052230|T0069001|T0084786|T0043436|T0033030
M5C0333,C0333,5,main,25,False,T0018221|T0077724|T0027855|T0013293|T0102423|T0007144|T0004488|T0052536|T0095866|T0005194|T0019584|T0076523|T0047983|T0087274|T0016023|T0040765|T0058508|T0083875|T0100228|T0071465|T0027226|T0089719|T0047807|T0035412|T0040267
M5C0338,C0338,5,main,25,False,T0047395|T0093801|T0003814|T0080630|T0072989|T0100976|T0045017|T0027767|T0034113|T0022822|T0082896|T0085078|T0015618|T0027834|T0065959|T0053998|T0031278|T0065449|T0001745|T0019713|T0035296|T0032191|T0059018|T0041383|T0097686
M5C0340,C0340,5,main,17,True,T0039975|T0033686|T0082185|T0010409|T0080512|T0031377|T0056871|T0071960|T0100998|T0069278|T0083637|T0022728|T0055430|T0101003|T0011387|T0050683|T0036386
M5C0343,C0343,5,main,25,False,T0074941|T0088257|T0054831|T0016318|T0081452|T0035673|T0022087|T0022990|T0027204|T0082527|T0037252|T0056410|T0079246|T0083469|T0021898|T0026886|T0099341|T0007483|T0074531|T0091911|T0070684|T0101948|T0099768|T0103686|T0036225
M5C0347,C0347,5,main,25,False,T0029034|T0095798|T0048688|T0055528|T0002957|T0056174|T0092073|T0088625|T0079315|T0004732|T0094252|T0031605|T0032475|T0023624|T0002400|T0022480|T0075918|T0090869|T0006609|T0005623|T0070049|T0044984|T0027622|T0029309|T0101800
M5C0357,C0357,5,main,25,False,T0102243|T0048825|T0020064|T0078614|T0086086|T0071210|T0068709|T0101912|T0093906|T0053031|T0003670|T0080197|T0057188|T0081539|T0039250|T0033612|T0097279|T0046266|T0057491|T0066256|T0011128|T0055556|T0077858|T0080334|T0042148
M5C0366,C0366,5,main,25,False,T0092310|T0025071|T0033585|T0090101|T0040951|T0060110|T0016956|T0077733|T0029918|T0052678|T0051299|T0059674|T0049955|T0059286|T0092318|T0043259|T0031351|T0054165|T0035965|T0043433|T0068067|T0003943|T0096849|T0083033|T0040436
M5C0371,C0371,5,main,25,False,T0094270|T0034717|T0023957|T0050855|T0068895|T0101943|T0029675|T0036846|T0064039|T0099318|T0008533|T0056764|T0054256|T0047635|T0103740|T0093910|T0018983|T0008786|T0050343|T0003232|T0029610|T0062183|T0086055|T0010219|T0025138
M5C0376,C0376,5,main,25,False,T0082722|T0031459|T0014779|T0043223|T0065750|T0033123|T0040163|T0052218|T0020406|T0026612|T0095741|T0061077|T0029216|T0030760|T0021733|T0021263|T0076369|T0031759|T0056422|T0103795|T0008115|T0092683|T0072596|T0089335|T0100510
M5C0398,C0398,5,main,20,True,T0080856|T0081963|T0029786|T0104413|T0023213|T0068753|T0084451|T0074354|T0020367|T0056344|T0028516|T0024614|T0094669|T0029907|T0028535|T0096129|T0068818|T0044756|T0044117|T0052501
M5C0399,C0399,5,main,25,False,T0021108|T0058131|T0008394|T0057881|T0086880|T0023583|T0081523|T0099111|T0050313|T0078200|T0035648|T0063269|T0065213|T0001436|T0061364|T0091578|T0092586|T0007673|T0021719|T0022349|T0004636|T0078740|T0023768|T0029708|T0070876
M5C0412,C0412,5,main,25,False,T0021728|T0002105|T0082246|T0080006|T0056917|T0047840|T0086120|T0001322|T0060042|T0068781|T0058714|T0029936|T0087167|T0013073|T0033976|T0009773|T0052220|T0066606|T0048786|T0042660|T0063675|T0080855|T0043546|T0100952|T0076585
M5C0416,C0416,5,main,25,False,T0104337|T0064533|T0004048|T0010279|T0001536|T0055319|T0030781|T0060199|T0019943|T0098923|T0063742|T0041435|T0061001|T0078352|T0008042|T0019599|T0091982|T0012902|T0038215|T0031872|T0078118|T0057608|T0080880|T0049141|T0072571
M5C0417,C0417,5,main,25,False,T0000809|T0038036|T0085048|T0038365|T0087915|T0039016|T0023969|T0091093|T0057553|T0082583|T0003277|T0018046|T0025186|T0050945|T0104315|T0075969|T0004335|T0022162|T0032920|T0029419|T0090198|T0028595|T0092749|T0007628|T0019950
M5C0419,C0419,5,main,25,False,T0050823|T0013929|T0090178|T0010237|T0039613|T0006586|T0066955|T0035480|T0042550|T0050847|T0017258|T0058325|T0001056|T0099974|T0083121|T0047636|T0055970|T0103839|T0102895|T0045512|T0073649|T0065636|T0005158|T0019012|T0060446
M5C0420,C0420,5,main,25,False,T0022807|T0093836|T0075654|T0055939|T0035125|T0019715|T0101149|T0070025|T0066540|T0020393|T0059280|T0097977|T0057090|T0094193|T0014672|T0035534|T0076505|T0028474|T0064616|T0101764|T0100984|T0036057|T0004243|T0044689|T0050866
M5C0423,C0423,5,main,25,False,T0078487|T0034790|T0032808|T0029612|T0051554|T0020562|T0062878|T0032519|T0030670|T0097623|T0062778|T0018603|T0032111|T0018410|T0030925|T0027561|T0103001|T0038641|T0090329|T0077348|T0021684|T0028487|T0064934|T0010512|T0042891
M5C0428,C0428,5,main,25,False,T0094367|T0044468|T0002117|T0073075|T0036452|T0006366|T0022928|T0006748|T0007175|T0038595|T0050535|T0102440|T0009188|T0012671|T0042513|T0029281|T0032188|T0072092|T0056948|T0009266|T0079407|T0006596|T0073417|T0029128|T0075865
M5C0442,C0442,5,main,25,False,T0005506|T0048082|T0102527|T0083819|T0007538|T0061078|T0009175|T0008849|T0070777|T0009704|T0044846|T0029218|T0096075|T0056354|T0043993|T0045056|T0104594|T0086312|T0071352|T0077969|T0072042|T0088366|T0022122|T0090020|T0052054
M5C0445,C0445,5,main,25,False,T0017970|T0032769|T0085460|T0094179|T0014135|T0095556|T0032417|T0032256|T0027341|T0048960|T0017332|T0025146|T0069196|T0030472|T0101993|T0050200|T0096095|T0071976|T0086315|T0049849|T0071394|T0048720|T0098034|T0090499|T0012758
M5C0449,C0449,5,main,25,False,T0038427|T0098244|T0045074|T0014942|T0020301|T0060090|T0026120|T0042618|T0036156|T0097876|T0034004|T0010116|T0036742|T0078256|T0059778|T0005123|T0060324|T0031675|T0078736|T0046772|T0070611|T0086842|T0035590|T0069409|T0053767
M5C0450,C0450,5,main,25,False,T0048565|T0086127|T0054564|T0100596|T0039524|T0083642|T0073032|T0058686|T0036942|T0096704|T0002696|T0098790|T0029815|T0018406|T0067405|T0007168|T0078574|T0087918|T0089674|T0043478|T0042587|T0048821|T0068644|T0048259|T0042379
M5C0451,C0451,5,main,25,False,T0018241|T0088683|T0017639|T0058084|T0021390|T0060573|T0100786|T0070181|T0003891|T0068419|T0074633|T0097820|T0031445|T0100149|T0044937|T0046205|T0010328|T0013812|T0063385|T0009478|T0024629|T0035606|T0097090|T0073832|T0011733
M5C0456,C0456,5,main,25,False,T0077403|T0018701|T0100153|T0042871|T0095642|T0036034|T0007927|T0055748|T0068596|T0090744|T0062218|T0074518|T0047054|T0087363|T0102770|T0080355|T0094228|T0087671|T0031739|T0077839|T0061198|T0089421|T0075447|T0054044|T0066847
M5C0474,C0474,5,main,8,True,T0072415|T0013139|T0101336|T0002671|T0015499|T0041586|T0096935|T0092639
M5C0481,C0481,5,main,25,False,T0006225|T0065169|T0091778|T0000149|T0091384|T0010842|T0076163|T0008421|T0096900|T0082618|T0008538|T0025887|T0014964|T0055408|T0026312|T0073067|T0040258|T0047778|T0058948|T0040783|T0058047|T0069605|T0069716|T0027190|T0102746
M5C0485,C0485,5,main,25,False,T0026219|T0021097|T0024808|T0040466|T0067349|T0064712|T0065180|T0087007|T0098226|T0043343|T0094992|T0018167|T0041563|T0080393|T0019562|T0012429|T0062044|T0097212|T0075301|T0057330|T0090972|T0096744|T0089355|T0005835|T0039043
M5C0489,C0489,5,main,25,False,T0073913|T0047735|T0049451|T0023537|T0046741|T0012184|T0014379|T0067936|T0041579|T0060988|T0084669|T0050731|T0043710|T0035662|T0052690|T0100929|T0038550|T0025504|T0073305|T0040833|T0034045|T0063041|T0085925|T0072957|T0083079
M5C0496,C0496,5,main,25,False,T0024271|T0011405|T0078433|T0074727|T0015587|T0076349|T0065886|T0016178|T0070279|T0094530|T0098764|T0016419|T0034221|T0014723|T0028584|T0055701|T0043668|T0030988|T0043743|T0076399|T0040047|T0072498|T0044712|T0066718|T0046958
M5C0501,C0501,5,main,25,False,T0000952|T0078735|T0052306|T0043539|T0093663|T0059776|T0063870|T0008020|T0081802|T0076307|T0087697|T0070153|T0102211|T0083672|T0084792|T0068170|T0102437|T0052374|T0075687|T0063256|T0011653|T0073573|T0090971|T0098953|T0013760
M5C0504,C0504,5,main,25,False,T0011843|T0050700|T0031168|T0099994|T0044493|T0033894|T0027655|T0037674|T0056084|T0066107|T0045624|T0021803|T0072525|T0090493|T0069698|T0002765|T0035734|T0007721|T0022645|T0091580|T0091576|T0015135|T0024415|T0068846|T0022833
M5C0506,C0506,5,main,25,False,T0102852|T0034179|T0007455|T0034124|T0053863|T0032798|T0035670|T0077408|T0027527|T0100567|T0074193|T0067802|T0036747|T0004853|T0025604|T0001733|T0023253|T0091351|T0024419|T0018691|T0102138|T0104415|T0104137|T0100705|T0054246
M5C0508,C0508,5,main,25,False,T0089699|T0079209|T0019944|T0030346|T0028771|T0102701|T0102283|T0008519|T0034847|T0044975|T0036948|T0031015|T0032814|T0098077|T0063968|T0086191|T0062163|T0043309|T0054064|T0090640|T0017484|T0079428|T0035888|T0053198|T0030405
M5C0515,C0515,5,main,23,True,T0059356|T0060859|T0069608|T0075607|T0034946|T0036690|T0069091|T0036131|T0070449|T0091474|T0050877|T0045336|T0060913|T0092970|T0054566|T0092181|T0030852|T0075794|T0009387|T0087616|T0057335|T0087536|T0010492
M5C0534,C0534,5,main,25,False,T0077997|T0022340|T0063707|T0100115|T0078316|T0043916|T0029711|T0027458|T0103026|T0066980|T0047206|T0005671|T0053769|T0028062|T0040455|T0083817|T0010733|T0024998|T0088292|T0034885|T0008931|T0089296|T0066690|T0091138|T0015424
M5C0549,C0549,5,main,25,False,T0097166|T0016566|T0025652|T0078066|T0063839|T0096865|T0019641|T0081128|T0062188|T0030339|T0000937|T0015809|T0101567|T0069340|T0068652|T0097828|T0086185|T0046598|T0041719|T0102402|T0066570|T0090940|T0086344|T0096089|T0053420
M5C0552,C0552,5,main,20,True,T0030771|T0061757|T0077419|T0016245|T0084570|T0056386|T0049385|T0070869|T0065069|T0056438|T0037884|T0082058|T0049247|T0015557|T0103743|T0027194|T0065835|T0053080|T0029963|T0097522
M5C0567,C0567,5,main,25,False,T0089802|T0001788|T0050282|T0008712|T0097733|T0102554|T0029267|T0041905|T0015719|T0077918|T0003703|T0089403|T0015671|T0083287|T0033207|T0044119|T0042867|T0061853|T0068406|T0029716|T0007599|T0086788|T0074593|T0015169|T0026831
M5C0580,C0580,5,main,25,False,T0080023|T0040674|T0018953|T0073720|T0082493|T0052436|T0064359|T0089821|T0017245|T0020459|T0036909|T0000567|T0023137|T0050466|T0078286|T0080363|T0099618|T0005273|T0019673|T0090239|T0081014|T0018989|T0002559|T0079386|T0060552
M5C0586,C0586,5,main,18,True,T0039323|T0076508|T0102673|T0063828|T0038204|T0025288|T0029374|T0102590|T0053085|T0097555|T0070196|T0060890|T0085357|T0008103|T0077146|T0077254|T0094983|T0027170
M5C0587,C0587,5,main,25,False,T0091186|T0098783|T0062171|T0083996|T0040369|T0004140|T0063835|T0047683|T0039242|T0089490|T0076175|T0018042|T0084704|T0102667|T0015598|T0084877|T0047305|T0078998|T0071616|T0018815|T0025211|T0077630|T0041966|T0043367|T0083874
M5C0590,C0590,5,main,25,False,T0082085|T0028750|T0051237|T0021209|T0055438|T0100908|T0011769|T0046211|T0044323|T0080922|T0017401|T0082240|T0030262|T0082395|T0062055|T0017211|T0088434|T0072489|T0070883|T0050306|T0092831|T0043016|T0047662|T0075890|T0060600
M5C0591,C0591,5,main,25,False,T0067974|T0010516|T0086729|T0009057|T0078651|T0078828|T0084362|T0044702|T0051413|T0077122|T0054313|T0065176|T0015551|T0049796|T0102704|T0029750|T0097875|T0033051|T0080187|T0017259|T0024418|T0073933|T0095902|T0036559|T0036954
M5C0592,C0592,5,main,25,False,T0078664|T0060667|T0065875|T0026084|T0054523|T0069937|T0051946|T0047476|T0022678|T0102343|T0061382|T0037168|T0021407|T0024272|T0017735|T0028616|T0027157|T0000069|T0062983|T0024435|T0101179|T0031435|T0010497|T0010507|T0075144
M5C0597,C0597,5,main,12,True,T0075280|T0066051|T0020288|T0023269|T0028097|T0016175|T0072950|T0056814|T0025634|T0059933|T0097283|T0019859
M5C0610,C0610,5,main,25,False,T0081580|T0079341|T0064857|T0076547|T0009043|T0028284|T0100817|T0054938|T0072285|T0012618|T0041444|T0000839|T0030950|T0044217|T0024443|T0086012|T0027333|T0025575|T0093590|T0016845|T0044734|T0039273|T0016924|T0060784|T0074206
M5C0613,C0613,5,main,25,False,T0090334|T0104532|T0032694|T0047246|T0028283|T0058560|T0028913|T0039985|T0033097|T0041962|T0104350|T0064165|T0023031|T0029754|T0044287|T0016286|T0048358|T0052079|T0051874|T0076594|T0095027|T0060260|T0001874|T0059885|T0043801
M5C0614,C0614,5,main,25,False,T0091411|T0062438|T0104490|T0088268|T0055537|T0074673|T0048959|T0036514|T0019976|T0097298|T0037941|T0025152|T0097058|T0051149|T0060118|T0089664|T0101951|T0092248|T0005622|T0013599|T0067385|T0094195|T0057615|T0100268|T0033313
M5C0621,C0621,5,main,25,False,T0003667|T0048191|T0033845|T0003940|T0030584|T0058128|T0001467|T0032528|T0028500|T0058297|T0061166|T0073164|T0103668|T0094022|T0072287|T0052437|T0073657|T0093667|T0088545|T0072801|T0055881|T0016697|T0071120|T0027257|T0053942
M5C0622,C0622,5,main,25,False,T0044471|T0052867|T0078078|T0100865|T0057457|T0009990|T0067772|T0074680|T0077032|T0076778|T0068357|T0022160|T0050187|T0080417|T0066812|T0031594|T0007812|T0080599|T0047088|T0082483|T0021551|T0036024|T0068814|T0089852|T0089889
M5C0631,C0631,5,main,25,False,T0072572|T0098171|T0056943|T0070176|T0017600|T0000456|T0083890|T0072807|T0098794|T0057461|T0036425|T0078212|T0049083|T0009965|T0068779|T0101818|T0063132|T0007847|T0019254|T0027311|T0024871|T0060038|T0093678|T0050365|T0024470
M5C0634,C0634,5,main,25,False,T0047484|T0016437|T0073637|T0080038|T0052825|T0018700|T0073154|T0050663|T0029925|T0070502|T0101414|T0061226|T0065811|T0027764|T0067605|T0014099|T0046838|T0028563|T0103503|T0031859|T0044081|T0011417|T0039032|T0029531|T0097240
M5C0639,C0639,5,main,25,False,T0021515|T0029181|T0096946|T0031401|T0074736|T0031606|T0084168|T0102670|T0076798|T0033422|T0054311|T0103623|T0012177|T0025888|T0039838|T0070349|T0081454|T0042395|T0000403|T0052391|T0066428|T0076572|T0082733|T0005263|T0090172
M5C0641,C0641,5,main,25,False,T0013617|T0019649|T0050269|T0093642|T0014255|T0076236|T0061727|T0018480|T0039559|T0054922|T0084767|T0053097|T0012651|T0089218|T0070020|T0101330|T0038732|T0076586|T0044867|T0038706|T0007064|T0091464|T0041887|T0052226|T0001232
M5C0654,C0654,5,main,24,True,T0080492|T0097001|T0100751|T0040556|T0095212|T0053612|T0061461|T0039204|T0086485|T0016765|T0102012|T0034541|T0066961|T0094708|T0069068|T0009010|T0014773|T0080531|T0084880|T0082377|T0080239|T0018213|T0011555|T0001111
M5C0657,C0657,5,main,25,False,T0063458|T0043254|T0079693|T0072616|T0042545|T0005977|T0028908|T0089976|T0094998|T0053729|T0025179|T0007278|T0098272|T0035708|T0051462|T0083697|T0056310|T0037909|T0074957|T0006536|T0097384|T0005421|T0041429|T0025505|T0052191
M5C0661,C0661,5,main,25,False,T0052693|T0085169|T0071777|T0049307|T0056728|T0018690|T0044769|T0041267|T0004011|T0040337|T0085229|T0058328|T0056256|T0050253|T0051294|T0038111|T0038329|T0009521|T0088648|T0070468|T0052565|T0015852|T0085770|T0046781|T0054685
M5C0662,C0662,5,main,25,False,T0067184|T0070757|T0044824|T0005626|T0006194|T0086346|T0012518|T0101389|T0099610|T0048063|T0028671|T0095622|T0051935|T0024780|T0082928|T0089527|T0093485|T0086568|T0082363|T0036607|T0050518|T0098493|T0072765|T0062682|T0083892
M5C0684,C0684,5,main,25,False,T0029289|T0035826|T0050250|T0046845|T0049146|T0013298|T0058968|T0049896|T0081772|T0051382|T0041467|T0094876|T0028056|T0074878|T0095044|T0084649|T0008558|T0049075|T0056907|T0042601|T0028777|T0013469|T0058026|T0077647|T0089167
M5C0692,C0692,5,main,20,True,T0008655|T0058208|T0000953|T0071953|T0048537|T0044578|T0055614|T0035439|T0027128|T0097264|T0071608|T0008201|T0042057|T0096176|T0104269|T0073106|T0079928|T0065166|T0080179|T0099883
M5C0695,C0695,5,main,25,False,T0077175|T0064212|T0049790|T0013137|T0040139|T0017921|T0060873|T0065777|T0027687|T0052122|T0062082|T0071153|T0056288|T0034940|T0059231|T0099648|T0032716|T0087772|T0095651|T0014236|T0100518|T0014660|T0070545|T0084636|T0064668
M5C0710,C0710,5,main,25,False,T0029868|T0080325|T0010306|T0059343|T0021748|T0075864|T0045769|T0028020|T0088256|T0089870|T0005227|T0018859|T0022592|T0027724|T0100534|T0102907|T0000811|T0022986|T0095206|T0005225|T0085666|T0067506|T0044941|T0083258|T0056712
M5C0711,C0711,5,main,25,False,T0021198|T0003040|T0091294|T0065783|T0058555|T0062613|T0035594|T0067982|T0031456|T0011379|T0054393|T0088201|T0053021|T0065609|T0089672|T0023568|T0072870|T0004235|T0103113|T0021042|T0055558|T0072372|T0061435|T0016502|T0056437
M5C0727,C0727,5,main,25,False,T0088320|T0035213|T0004672|T0100671|T0061676|T0082333|T0063116|T0089515|T0008308|T0017023|T0037059|T0005455|T0085195|T0018206|T0096201|T0049871|T0011884|T0010872|T0033731|T0071256|T0086770|T0021859|T0030019|T0077050|T0078783
M5C0736,C0736,5,main,25,False,T0094744|T0040051|T0064239|T0069736|T0063875|T0062740|T0065470|T0064011|T0096652|T0000059|T0027557|T0025160|T0073557|T0074215|T0032636|T0058966|T0046306|T0097251|T0004120|T0042536|T0071790|T0009845|T0094079|T0011412|T0049029
M5C0739,C0739,5,main,25,False,T0077586|T0092644|T0058539|T0095026|T0006311|T0079354|T0025235|T0036516|T0062950|T0039082|T0012843|T0093726|T0053581|T0039711|T0008351|T0100428|T0097816|T0036584|T0076578|T0002967|T0063109|T0008120|T0062478|T0010520|T0063127
M5C0742,C0742,5,main,25,False,T0000001|T0101347|T0001401|T0057929|T0091312|T0070575|T0016474|T0055563|T0027684|T0018849|T0057605|T0088390|T0087981|T0096323|T0002616|T0013347|T0063498|T0046256|T0096863|T0027041|T0090736|T0091844|T0055622|T0026958|T0073943
M5C0747,C0747,5,main,25,False,T0021565|T0084131|T0001389|T0040336|T0089234|T0038750|T0032408|T0036911|T0063107|T0064037|T0091005|T0083865|T0075415|T0087323|T0017041|T0030636|T0050469|T0085265|T0042124|T0098608|T0067602|T0090339|T0013126|T0011301|T0022181
M5C0758,C0758,5,main,25,False,T0060056|T0058006|T0022739|T0079511|T0017319|T0040894|T0014893|T0102776|T0083641|T0090080|T0069187|T0029478|T0055561|T0033792|T0030625|T0041667|T0100590|T0004952|T0009972|T0044054|T0006976|T0099428|T0075475|T0090286|T0103151
M5C0765,C0765,5,main,25,False,T0033245|T0076340|T0042303|T0012546|T0004652|T0074914|T0057310|T0040584|T0104199|T0043662|T0025548|T0015787|T0036995|T0097374|T0040400|T0076999|T0091491|T0019255|T0029446|T0071938|T0019222|T0068842|T0099639|T0088558|T0090954
M5C0776,C0776,5,main,25,False,T0056723|T0012050|T0060238|T0084905|T0074423|T0055975|T0015573|T0003194|T0069410|T0049894|T0098030|T0082143|T0006271|T0097086|T0010198|T0085052|T0062865|T0010811|T0005034|T0022077|T0036186|T0093186|T0007092|T0050583|T0045584
M5C0781,C0781,5,main,25,False,T0099934|T0011885|T0020004|T0045236|T0081920|T0057547|T0034718|T0082309|T0074128|T0095639|T0076455|T0038198|T0101165|T0086613|T0054705|T0028799|T0055705|T0043493|T0045422|T0075225|T0019505|T0092354|T0066554|T0086692|T0093504
M5C0788,C0788,5,main,25,False,T0027185|T0101154|T0102875|T0050767|T0004651|T0000779|T0019105|T0039907|T0102987|T0040665|T0070429|T0102386|T0047331|T0027907|T0041916|T0073271|T0080321|T0060688|T0090638|T0061197|T0000972|T0067455|T0010972|T0075178|T0099352
M5C0798,C0798,5,main,12,True,T0036600|T0044298|T0027992|T0064503|T0023035|T0075058|T0015699|T0078063|T0095716|T0067043|T0024317|T0028692
M5C0803,C0803,5,main,25,False,T0022327|T0019165|T0024311|T0014776|T0041730|T0060458|T0059165|T0095911|T0034635|T0005893|T0031777|T0093313|T0017308|T0072542|T0075629|T0048939|T0078517|T0061948|T0081608|T0018878|T0050986|T0049583|T0057448|T0028223|T0089579
M5C0811,C0811,5,main,25,False,T0052082|T0064466|T0008780|T0019717|T0093496|T0017190|T0008783|T0025803|T0100746|T0070563|T0060674|T0020600|T0095181|T0092641|T0073487|T0052148|T0083076|T0089982|T0090358|T0005739|T0028599|T0035430|T0000868|T0043596|T0046954
M5C0814,C0814,5,main,25,False,T0013977|T0100320|T0051137|T0100542|T0005484|T0074882|T0072085|T0020895|T0059571|T0045810|T0021308|T0046126|T0047233|T0079320|T0000611|T0076134|T0011203|T0020690|T0033799|T0049945|T0086258|T0032202|T0018257|T0059649|T0065032
M5C0817,C0817,5,main,25,False,T0088695|T0084926|T0026993|T0102367|T0051909|T0054775|T0024863|T0033391|T0003526|T0069992|T0086098|T0042750|T0003959|T0088516|T0012689|T0045803|T0079652|T0093350|T0014312|T0071137|T0085156|T0057053|T0002711|T0023848|T0072006
M5C0832,C0832,5,main,25,False,T0017925|T0043046|T0086421|T0026902|T0090910|T0026629|T0090553|T0016472|T0083825|T0072644|T0048111|T0102230|T0100712|T0101864|T0071502|T0075694|T0064319|T0069790|T0047276|T0064073|T0048054|T0019093|T0010017|T0069722|T0099114
M5C0834,C0834,5,main,25,False,T0003205|T0085679|T0043949|T0052141|T0055840|T0022260|T0064738|T0077207|T0047432|T0052633|T0082413|T0024112|T0083853|T0082582|T0099260|T0056247|T0012632|T0037197|T0024405|T0036203|T0035669|T0101227|T0002629|T0101077|T0003089
M5C0836,C0836,5,main,25,False,T0063189|T0073182|T0095727|T0086746|T0040355|T0090014|T0093016|T0048911|T0039624|T0046769|T0053734|T0017165|T0049971|T0042382|T0030699|T0002367|T0086081|T0099654|T0007031|T0056435|T0032024|T0021319|T0036215|T0055910|T0078760
M5C0853,C0853,5,main,25,False,T0076846|T0006934|T0016103|T0061607|T0087069|T0085539|T0013911|T0098898|T0089765|T0055635|T0051364|T0065090|T0004861|T0045356|T0053162|T0083349|T0096915|T0044019|T0027812|T0036000|T0098567|T0025387|T0095174|T0030181|T0009183
M5C0867,C0867,5,main,22,True,T0041806|T0050778|T0008855|T0004268|T0050478|T0040344|T0086389|T0101522|T0074745|T0074642|T0071217|T0041269|T0037341|T0044408|T0063958|T0066589|T0022027|T0068705|T0040144|T0066448|T0070208|T0099718
M5C0870,C0870,5,main,25,False,T0020815|T0012513|T0046974|T0033558|T0011500|T0044792|T0084894|T0048729|T0035905|T0050631|T0086818|T0075757|T0000721|T0044253|T0077832|T0039575|T0043966|T0046813|T0039366|T0078031|T0094855|T0098606|T0090394|T0009755|T0046934
M5C0872,C0872,5,main,25,False,T0003780|T0042338|T0091864|T0039356|T0009444|T0058153|T0019457|T0009854|T0066948|T0006509|T0067218|T0026445|T0062178|T0054961|T0025399|T0059469|T0069384|T0027261|T0028817|T0089851|T0040784|T0081746|T0057189|T0000928|T0087669
M5C0875,C0875,5,main,24,True,T0072175|T0009702|T0009505|T0044597|T0010149|T0005855|T0032015|T0085548|T0033022|T0036644|T0045480|T0091513|T0027431|T0003009|T0051445|T0011296|T0079989|T0026430|T0098727|T0094339|T0095287|T0022666|T0032547|T0051689
M5C0876,C0876,5,main,25,False,T0019111|T0030580|T0087522|T0063487|T0078540|T0003174|T0017082|T0061922|T0036307|T0040868|T0042754|T0036157|T0022262|T0034162|T0034205|T0004247|T0007821|T0021486|T0100653|T0098110|T0019395|T0074946|T0067777|T0006785|T0037254
M5C0881,C0881,5,main,25,False,T0023958|T0025154|T0101618|T0074317|T0058308|T0081952|T0076861|T0028046|T0053786|T0048595|T0094906|T0040309|T0068458|T0046425|T0029335|T0026310|T0066858|T0039200|T0032204|T0054711|T0047519|T0028547|T0021051|T0050188|T0006588
M5C0882,C0882,5,main,25,False,T0042504|T0100487|T0065129|T0017408|T0089921|T0015131|T0095075|T0039165|T0049841|T0030931|T0044165|T0068634|T0049202|T0056137|T0073730|T0099378|T0074701|T0035291|T0033917|T0094351|T0078169|T0004867|T0067476|T0029083|T0027104
M5C0885,C0885,5,main,25,False,T0025241|T0037912|T0025306|T0004063|T0030668|T0064229|T0038424|T0087375|T0058879|T0019487|T0102473|T0097602|T0070430|T0033070|T0085442|T0001361|T0102027|T0036219|T0067279|T0079695|T0025717|T0038957|T0002764|T0077079|T0002976
M5C0893,C0893,5,main,25,False,T0092772|T0013910|T0044243|T0043287|T0092834|T0084934|T0097438|T0076360|T0046172|T0036915|T0044718|T0082002|T0046304|T0096300|T0088405|T0098504|T0021754|T0021662|T0001713|T0058947|T0050666|T0099082|T0098122|T0082952|T0012634
M5C0908,C0908,5,main,25,False,T0094866|T0076087|T0024908|T0037223|T0051782|T0008711|T0073942|T0096404|T0088650|T0078916|T0030393|T0032447|T0036476|T0046506|T0058604|T0057803|T0021963|T0102769|T0018591|T0094824|T0073406|T0031400|T0091834|T0005134|T0027935
C1C0004,C0004,1,cue,25,False,T0045880|T0064383|T0077084|T0000815|T0103169|T0070016|T0007934|T0043494|T0048157|T0022738|T0051672|T0005710|T0014741|T0075791|T0020563|T0028158|T0087761|T0012970|T0021232|T0038173|T0038718|T0019226|T0048343|T0059192|T0052182
C1C0005,C0005,1,cue,25,False,T0067640|T0097372|T0041039|T0063325|T0002144|T0054235|T0014304|T0098107|T0067839|T0025407|T0053635|T0027686|T0076449|T0034309|T0077215|T0070818|T0018284|T0062833|T0057378|T0055475|T0032803|T0025484|T0038576|T0007888|T0046755
C1C0006,C0006,1,cue,25,False,T0100535|T0012837|T0006975|T0046464|T0025065|T0010797|T0087887|T0023781|T0080511|T0050275|T0078470|T0042731|T0078679|T0003450|T0041328|T0096308|T0017438|T0058499|T0063645|T0015535|T0030332|T0005806|T0052511|T0088273|T0017465
C1C0010,C0010,1,cue,25,False,T0078633|T0003840|T0021470|T0009137|T0070136|T0078400|T0045219|T0079324|T0029043|T0045061|T0064517|T0096003|T0074943|T0074903|T0093305|T0060114|T0012789|T0081355|T0010280|T0061546|T0078532|T0081056|T0080835|T0078017|T0044363
C1C0011,C0011,1,cue,25,False,T0019089|T0035633|T0062367|T0059727|T0062609|T0028746|T0092963|T0054127|T0094425|T0079672|T0076795|T0001781|T0018898|T0022761|T0033038|T0080875|T0085821|T0100815|T0063971|T0063432|T0064735|T0096562|T0020044|T0031250|T0024200
C1C0017,C0017,1,cue,25,False,T0069619|T0071789|T0083803|T0019577|T0043134|T0086789|T0096009|T0075675|T0089263|T0089886|T0096590|T0104262|T0001652|T0037655|T0007324|T0007391|T0031199|T0101270|T0054024|T0097472|T0015002|T0091804|T0009701|T0067869|T0017199
C1C0040,C0040,1,cue,25,False,T0038385|T0073823|T0094717|T0015396|T0040798|T0000884|T0031956|T0098973|T0006150|T0080920|T0019315|T0055046|T0101040|T0092490|T0034096|T0084053|T0099038|T0095512|T0095009|T0026382|T0079838|T0028075|T0001169|T0079344|T0064606
C1C0043,C0043,1,cue,25,False,T0078059|T0068798|T0014847|T0007963|T0067121|T0011600|T0097006|T0000302|T0025300|T0087716|T0101029|T0098156|T0013768|T0087419|T0004113|T0043694|T0026400|T0073016|T0078497|T0081392|T0037457|T0003324|T0018357|T0044172|T0031476
C1C0046,C0046,1,cue,25,False,T0023896|T0100379|T0072309|T0040652|T0090024|T0029645|T0025979|T0091240|T0018579|T0006735|T0034711|T0006764|T0044100|T0034102|T0032035|T0060080|T0100476|T0033454|T0077777|T0085135|T0045576|T0074685|T0096955|T0062709|T0051650
C1C0049,C0049,1,cue,25,False,T0052983|T0103298|T0067410|T0093888|T0021976|T0098357|T0090500|T0023530|T0055781|T0033684|T0021526|T0001643|T0096041|T0030743|T0082865|T0084064|T0021737|T0044675|T0065350|T0016051|T0010506|T0029322|T0014527|T0024612|T0098789
C1C0050,C0050,1,cue,25,False,T0060564|T0079232|T0050621|T0009215|T0085297|T0061483|T0007313|T0050962|T0026773|T0073867|T0091342|T0069003|T0057644|T0062485|T0040392|T0067236|T0060713|T0104309|T0099047|T0010543|T0039820|T0038594|T0039875|T0060384|T0088001
C1C0062,C0062,1,cue,25,False,T0074436|T0056741|T0058997|T0087553|T0027287|T0033450|T0095823|T0070834|T0019101|T0010168|T0086310|T0079739|T0044242|T0053019|T0100222|T0060353|T0022887|T0061396|T0006250|T0051792|T0074551|T0077786|T0064655|T0057583|T0091941
C1C0066,C0066,1,cue,25,False,T0091707|T0049102|T0008266|T0044026|T0072368|T0067970|T0009732|T0058314|T0092279|T0084819|T0070994|T0061527|T0082794|T0013260|T0016954|T0029018|T0008190|T0092385|T0093816|T0036987|T0100941|T0059709|T0045988|T0013712|T0103595
C1C0068,C0068,1,cue,25,False,T0028311|T0053684|T0029746|T0064574|T0094412|T0029637|T0039048|T0003927|T0081029|T0096328|T0013609|T0103331|T0068998|T0023462|T0022810|T0085044|T0015950|T0024577|T0008668|T0081007|T0093974|T0022907|T0041079|T0054012|T0013611
C1C0072,C0072,1,cue,25,False,T0025090|T0074641|T0081157|T0041155|T0079307|T0006454|T0103014|T0075585|T0048227|T0072226|T0083781|T0009850|T0089528|T0086744|T0103831|T0094863|T0000055|T0029178|T0001952|T0083392|T0008037|T0103120|T0065987|T0036038|T0016662
C1C0075,C0075,1,cue,25,False,T0005282|T0058837|T0088437|T0034198|T0104003|T0055702|T0089416|T0005825|T0093031|T0082498|T0006981|T0014630|T0097431|T0024695|T0063015|T0042771|T0040536|T0083173|T0018296|T0063932|T0073004|T0093103|T0063485|T0067619|T0007878
C1C0085,C0085,1,cue,20,True,T0049455|T0066534|T0078368|T0063258|T0047052|T0076081|T0038130|T0049861|T0083432|T0030386|T0040528|T0013937|T0048668|T0044077|T0077613|T0019430|T0045051|T0036351|T0096801|T0023282
C1C0088,C0088,1,cue,22,True,T0064698|T0088222|T0011044|T0037701|T0017334|T0092199|T0078243|T0093566|T0089188|T0033668|T0068691|T0075583|T0056989|T0001051|T0038236|T0025374|T0069051|T0099426|T0072527|T0026320|T0090871|T0035465
C1C0089,C0089,1,cue,25,False,T0044441|T0008186|T0081517|T0090031|T0001414|T0055981|T0043066|T0035500|T0067896|T0028743|T0054318|T0017703|T0076162|T0078051|T0014489|T0009726|T0078678|T0078649|T0079170|T0079661|T0002208|T0003439|T0089357|T0076551|T0032642
C1C0093,C0093,1,cue,25,False,T0023659|T0011435|T0038420|T0093040|T0088450|T0100523|T0093294|T0020381|T0100960|T0102580|T0093749|T0062538|T0052891|T0070347|T0090737|T0052910|T0069353|T0018300|T0081178|T0092602|T0083126|T0030962|T0025750|T0063656|T0036704
C1C0101,C0101,1,cue,9,True,T0011529|T0037606|T0014973|T0001969|T0021796|T0071688|T0046752|T0100419|T0036274
C1C0104,C0104,1,cue,25,False,T0059266|T0020107|T0019088|T0040482|T0081848|T0057703|T0104250|T0081229|T0088937|T0053782|T0020428|T0016712|T0078077|T0009408|T0003213|T0080340|T0009640|T0076331|T0059599|T0068448|T0046585|T0085560|T0067076|T0084184|T0062256
C1C0107,C0107,1,cue,25,False,T0047267|T0032026|T0096065|T0072350|T0038377|T0075035|T0007940|T0043440|T0032374|T0038216|T0017187|T0056797|T0104543|T0081280|T0019876|T0060002|T0084528|T0072122|T0040495|T0076017|T0097046|T0056329|T0030671|T0056560|T0077504
C1C0111,C0111,1,cue,25,False,T0103375|T0104222|T0066019|T0011466|T0031867|T0014454|T0036346|T0060258|T0058665|T0012744|T0082022|T0036709|T0056868|T0031102|T0023578|T0004400|T0064329|T0022809|T0002873|T0102269|T0099384|T0069445|T0102716|T0049311|T0087131
C1C0134,C0134,1,cue,25,False,T0101623|T0076489|T0023204|T0084028|T0101994|T0011997|T0031074|T0044749|T0021613|T0008156|T0037475|T0073527|T0056476|T0013223|T0034812|T0073440|T0044705|T0087211|T0046160|T0020062|T0051049|T0033147|T0100716|T0090686|T0039248
C1C0142,C0142,1,cue,25,False,T0025675|T0040526|T0019753|T0090992|T0055443|T0099096|T0051800|T0088472|T0057125|T0023796|T0048730|T0086688|T0076836|T0009328|T0057176|T0078100|T0005233|T0102699|T0033887|T0079888|T0032785|T0042507|T0005587|T0032873|T0046307
C1C0144,C0144,1,cue,25,False,T0090522|T0013486|T0071459|T0100625|T0018119|T0001926|T0080042|T0002680|T0086350|T0058582|T0061204|T0097249|T0030900|T0096132|T0063478|T0001767|T0032480|T0037605|T0091536|T0024689|T0007695|T0000746|T0019249|T0025763|T0030134
C1C0146,C0146,1,cue,25,False,T0093240|T0026348|T0065036|T0022337|T0008385|T0017864|T0013954|T0099231|T0085613|T0027697|T0101738|T0092669|T0095245|T0055664|T0093147|T0061854|T0030150|T0008396|T0032664|T0095113|T0102382|T0053504|T0081537|T0006560|T0018576
C1C0155,C0155,1,cue,25,False,T0032058|T0034672|T0053808|T0064196|T0051623|T0010514|T0042609|T0032867|T0066857|T0006383|T0048345|T0076946|T0003153|T0051486|T0088015|T0023779|T0031708|T0049949|T0062517|T0101030|T0065988|T0010487|T0046226|T0061041|T0004724
C1C0170,C0170,1,cue,25,False,T0030459|T0037774|T0098589|T0014052|T0022983|T0087646|T0099235|T0050787|T0014344|T0040589|T0081267|T0008325|T0026761|T0024348|T0073293|T0095517|T0073660|T0085316|T0040659|T0010668|T0015542|T0084279|T0039507|T0030067|T0067419
C1C0174,C0174,1,cue,25,False,T0024696|T0103570|T0026852|T0102498|T0058342|T0019081|T0074558|T0003697|T0096434|T0049552|T0045088|T0036605|T0055189|T0050510|T0085971|T0047560|T0030000|T0027367|T0070029|T0045460|T0001682|T0002666|T0082809|T0007514|T0054820
C1C0184,C0184,1,cue,25,False,T0005299|T0000187|T0022306|T0010974|T0038374|T0038505|T0007637|T0086345|T0084098|T0015932|T0000275|T0013229|T0001351|T0011101|T0091772|T0098489|T0007423|T0075456|T0093560|T0072423|T0069070|T0044027|T0096197|T0018988|T0054231
C1C0192,C0192,1,cue,25,False,T0031573|T0040653|T0019403|T0103377|T0094423|T0028099|T0067932|T0098198|T0096017|T0082804|T0051419|T0103637|T0040099|T0067743|T0065196|T0041215|T0102573|T0089797|T0038399|T0099565|T0077205|T0017782|T0036652|T0091288|T0093990
C1C0193,C0193,1,cue,25,False,T0057551|T0052431|T0060670|T0040772|T0035907|T0014583|T0036677|T0015066|T0007438|T0102238|T0045558|T0010833|T0040128|T0090822|T0058458|T0049572|T0091959|T0059557|T0029731|T0021228|T0083795|T0008198|T0049805|T0086879|T0011783
C1C0196,C0196,1,cue,25,False,T0101760|T0005213|T0103948|T0032452|T0084158|T0027066|T0103304|T0060613|T0004306|T0010281|T0015398|T0055277|T0006085|T0008670|T0101434|T0054610|T0079282|T0103741|T0084958|T0032286|T0082383|T0066655|T0011259|T0072290|T0005572
C1C0201,C0201,1,cue,25,False,T0029153|T0090277|T0008830|T0069760|T0089107|T0071799|T0020054|T0080279|T0085094|T0104429|T0015928|T0054319|T0020193|T0053320|T0043239|T0026343|T0036580|T0019341|T0050175|T0002877|T0024581|T0037975|T0057200|T0015718|T0101633
C1C0209,C0209,1,cue,20,True,T0031681|T0068997|T0048251|T0103970|T0085129|T0024410|T0060574|T0016863|T0024432|T0064640|T0003076|T0082755|T0082268|T0086129|T0081237|T0028007|T0013618|T0021780|T0037570|T0045911
C1C0226,C0226,1,cue,25,False,T0054378|T0098549|T0024525|T0074871|T0038187|T0031162|T0086429|T0038410|T0086739|T0012246|T0045355|T0060735|T0033781|T0001520|T0020095|T0084514|T0044003|T0030705|T0038041|T0048105|T0013350|T0087067|T0087591|T0085426|T0038227
C1C0228,C0228,1,cue,25,False,T0036117|T0016922|T0081133|T0045309|T0068850|T0077211|T0087177|T0041248|T0067471|T0062738|T0036616|T0039631|T0007609|T0052735|T0091788|T0014065|T0002015|T0095372|T0080526|T0007367|T0085630|T0014851|T0027843|T0020679|T0064946
C1C0237,C0237,1,cue,25,False,T0098669|T0027515|T0076398|T0095316|T0005789|T0014155|T0064126|T0086916|T0027488|T0011861|T0042975|T0039839|T0064299|T0079402|T0017487|T0034476|T0057925|T0040189|T0069259|T0091882|T0021126|T0032378|T0083438|T0017558|T0047066
C1C0242,C0242,1,cue,25,False,T0071918|T0055051|T0093782|T0096664|T0102288|T0092953|T0066066|T0013013|T0047068|T0069237|T0019912|T0015529|T0080541|T0081831|T0046512|T0047303|T0097806|T0095115|T0020927|T0011325|T0073594|T0017475|T0071832|T0027116|T0085157
C1C0244,C0244,1,cue,25,False,T0096259|T0044630|T0049469|T0039226|T0039834|T0079815|T0045400|T0052674|T0014850|T0033376|T0093008|T0092210|T0082367|T0014279|T0008673|T0061585|T0067176|T0095506|T0102384|T0046244|T0100692|T0021288|T0020400|T0103621|T0048802
C1C0250,C0250,1,cue,24,True,T0034374|T0035413|T0020366|T0101612|T0070495|T0098964|T0053865|T0088720|T0097211|T0009257|T0025428|T0014839|T0070172|T0092106|T0031389|T0032854|T0087060|T0093727|T0097877|T0009066|T0097978|T0002689|T0043604|T0019295
C1C0256,C0256,1,cue,19,True,T0054986|T0035225|T0019925|T0083154|T0040854|T0077946|T0059525|T0063181|T0045716|T0051647|T0065608|T0070204|T0044283|T0102666|T0089204|T0092303|T0032027|T0093220|T0022223
C1C0258,C0258,1,cue,16,True,T0031060|T0087996|T0077325|T0009831|T0053478|T0049420|T0001617|T0018907|T0082876|T0038939|T0027055|T0074256|T0086144|T0056784|T0088216|T0006679
C1C0263,C0263,1,cue,25,False,T0012734|T0050688|T0072457|T0093394|T0039348|T0020081|T0042984|T0025480|T0088947|T0028853|T0067858|T0043875|T0031827|T0037762|T0099910|T0013302|T0053112|T0090580|T0077892|T0011667|T0040146|T0095028|T0053996|T0056746|T0021766
C1C0264,C0264,1,cue,25,False,T0074286|T0061480|T0018686|T0065383|T0089932|T0026653|T0029543|T0044743|T0053571|T0103168|T0097290|T0018320|T0071034|T0004775|T0092805|T0068545|T0024685|T0019839|T0005562|T0097267|T0022574|T0061893|T0027313|T0047015|T0084044
C1C0265,C0265,1,cue,25,False,T0009852|T0078115|T0015915|T0018842|T0053416|T0017681|T0041308|T0099246|T0042327|T0052602|T0031783|T0055162|T0047125|T0059235|T0037821|T0081685|T0067398|T0057866|T0003917|T0094162|T0039334|T0042293|T0058211|T0094988|T0092856
C1C0267,C0267,1,cue,23,True,T0042755|T0038579|T0084916|T0048682|T0003273|T0011892|T0071108|T0042780|T0094641|T0082576|T0055085|T0027192|T0071178|T0066760|T0094049|T0046017|T0045748|T0078474|T0084231|T0021634|T0014469|T0049873|T0053868
C1C0277,C0277,1,cue,25,False,T0095687|T0076075|T0102484|T0002908|T0091664|T0099822|T0020510|T0057573|T0024742|T0083451|T0077231|T0006702|T0022182|T0043360|T0087596|T0074018|T0019978|T0025311|T0052714|T0015834|T0102639|T0085820|T0079035|T0021648|T0093878
C1C0293,C0293,1,cue,25,False,T0028437|T0103504|T0065251|T0099723|T0100360|T0053383|T0008322|T0007698|T0011214|T0011822|T0101733|T0048267|T0089430|T0021363|T0079348|T0027800|T0003043|T0007364|T0013382|T0103079|T0098510|T0004883|T0045270|T0059422|T0043661
C1C0294,C0294,1,cue,25,False,T0041196|T0054803|T0058759|T0079831|T0020685|T0056852|T0091744|T0049463|T0024870|T0101245|T0042796|T0091061|T0000280|T0031653|T0018106|T0090085|T0091447|T0050736|T0072582|T0094463|T0027669|T0100021|T0086741|T0010644|T0049466
C1C0299,C0299,1,cue,25,False,T0000631|T0068948|T0026068|T0069701|T0092614|T0033297|T0022637|T0000179|T0047551|T0098253|T0032665|T0048606|T0016930|T0051775|T0095894|T0005539|T0084127|T0082953|T0086161|T0022296|T0050687|T0082799|T0058015|T0051803|T0078503
C1C0305,C0305,1,cue,25,False,T0078437|T0090432|T0009274|T0081818|T0057968|T0089913|T0037627|T0039299|T0016262|T0095760|T0022679|T0085018|T0021677|T0097104|T0011673|T0082458|T0073324|T0021810|T0054770|T0077593|T0096240|T0066416|T0010553|T0100562|T0062092
C1C0321,C0321,1,cue,25,False,T0035932|T0102857|T0088505|T0004962|T0066080|T0052341|T0025188|T0043677|T0020451|T0099367|T0045952|T0095362|T0004477|T0064767|T0047809|T0081981|T0011511|T0064554|T0024230|T0071741|T0069254|T0073420|T0019861|T0040108|T0041889
C1C0324,C0324,1,cue,11,True,T0092486|T0057136|T0002707|T0034351|T0017238|T0049474|T0074311|T0021950|T0035917|T0050610|T0089911
C1C0327,C0327,1,cue,25,False,T0024604|T0045522|T0084585|T0074800|T0077667|T0083857|T0002207|T0043663|T0076599|T0042749|T0035646|T0054228|T0095158|T0059510|T0097054|T0066151|T0055882|T0041521|T0053893|T0067833|T0059476|T0098041|T0062282|T0089610|T0005743
C1C0330,C0330,1,cue,25,False,T0095740|T0096780|T0098897|T0047020|T0005081|T0073880|T0029144|T0037657|T0024346|T0067851|T0016285|T0070317|T0068022|T0048954|T0082210|T0036522|T0053949|T0048294|T0034503|T0046480|T0036382|T0030417|T0055663|T0010790|T0070470
C1C0333,C0333,1,cue,25,False,T0090513|T0015314|T0016023|T0076523|T0045927|T0058508|T0077724|T0013293|T0048927|T0100228|T0089719|T0006890|T0052536|T0079391|T0083600|T0040267|T0059856|T0103465|T0071465|T0022005|T0073761|T0040765|T0006535|T0089895|T0027855
C1C0338,C0338,1,cue,25,False,T0039654|T0048461|T0045017|T0093801|T0031278|T0097686|T0015618|T0074000|T0080630|T0042473|T0011879|T0035683|T0047395|T0065449|T0059018|T0065959|T0027834|T0035296|T0013268|T0096173|T0072989|T0085078|T0046368|T0044697|T0053998
C1C0340,C0340,1,cue,17,True,T0050683|T0036386|T0056871|T0069278|T0011387|T0101003|T0071960|T0010409|T0082185|T0083637|T0033686|T0031377|T0022728|T0039975|T0100998|T0080512|T0055430
C1C0343,C0343,1,cue,25,False,T0099341|T0083246|T0103686|T0053372|T0016342|T0058010|T0101948|T0048138|T0088257|T0064167|T0016318|T0070733|T0083031|T0099608|T0070684|T0081452|T0074941|T0013665|T0067672|T0018982|T0007483|T0032262|T0015561|T0030082|T0102628
C1C0347,C0347,1,cue,25,False,T0078888|T0090869|T0023624|T0075405|T0088625|T0073347|T0029309|T0077366|T0095798|T0035823|T0070049|T0073433|T0008523|T0093788|T0056174|T0079315|T0071066|T0002400|T0031958|T0004732|T0048688|T0095347|T0045078|T0039294|T0095064
C1C0357,C0357,1,cue,25,False,T0080197|T0012348|T0079861|T0097279|T0011128|T0063575|T0020064|T0057491|T0071210|T0016737|T0048825|T0036527|T0033314|T0072851|T0017593|T0101912|T0042148|T0063079|T0073276|T0093906|T0016169|T0085839|T0077858|T0066886|T0078614
C1C0366,C0366,1,cue,25,False,T0095420|T0035965|T0049955|T0046632|T0047282|T0067871|T0077733|T0043170|T0015468|T0040436|T0063515|T0090101|T0102332|T0003943|T0031351|T0011992|T0053221|T0017105|T0092318|T0068035|T0010737|T0083033|T0006767|T0067709|T0030994
C1C0371,C0371,1,cue,25,False,T0039451|T0047635|T0052181|T0093910|T0094270|T0034717|T0099360|T0000480|T0062183|T0018983|T0064039|T0101794|T0058213|T0069083|T0010219|T0016699|T0009604|T0059400|T0036846|T0056764|T0016034|T0003232|T0029675|T0008786|T0050343
C1C0376,C0376,1,cue,25,False,T0037013|T0021263|T0036018|T0029216|T0072596|T0023299|T0061077|T0008115|T0075016|T0089335|T0030760|T0033123|T0033065|T0085396|T0082722|T0100510|T0096621|T0095697|T0043223|T0060579|T0015757|T0080083|T0031459|T0031996|T0055735
C1C0398,C0398,1,cue,20,True,T0029907|T0096129|T0023213|T0056344|T0029786|T0094669|T0074354|T0044756|T0044117|T0024614|T0080856|T0081963|T0020367|T0052501|T0084451|T0104413|T0028516|T0028535|T0068753|T0068818
C1C0399,C0399,1,cue,25,False,T0069065|T0000164|T0077360|T0050313|T0083777|T0045143|T0091578|T0008394|T0025982|T0047918|T0058131|T0067074|T0024386|T0059096|T0103919|T0090308|T0017407|T0080291|T0001436|T0011720|T0038357|T0005648|T0021719|T0034650|T0076918
C1C0412,C0412,1,cue,25,False,T0062091|T0080006|T0029079|T0058714|T0011994|T0070573|T0026968|T0099087|T0045380|T0103076|T0021602|T0007268|T0031864|T0052173|T0049749|T0039448|T0018548|T0027667|T0060864|T0056917|T0091124|T0090881|T0051214|T0061496|T0088093
C1C0416,C0416,1,cue,25,False,T0030781|T0065812|T0091982|T0012902|T0055319|T0061721|T0080880|T0060199|T0078352|T0071133|T0057884|T0064533|T0098923|T0068395|T0004048|T0007990|T0063742|T0001536|T0084418|T0008042|T0078118|T0104337|T0049141|T0072571|T0061001
C1C0417,C0417,1,cue,25,False,T0032934|T0100553|T0029419|T0087915|T0083944|T0091093|T0075969|T0019950|T0022162|T0082583|T0004335|T0032920|T0050945|T0038365|T0023969|T0030863|T0085048|T0026053|T0081530|T0029632|T0018046|T0092749|T0000660|T0039016|T0090198
C1C0419,C0419,1,cue,25,False,T0019012|T0099974|T0010415|T0079227|T0033990|T0006003|T0045512|T0049265|T0005158|T0008450|T0022290|T0060446|T0042550|T0017258|T0045386|T0083121|T0001056|T0006586|T0065636|T0030416|T0058325|T0061810|T0027136|T0068809|T0102895
C1C0420,C0420,1,cue,25,False,T0053719|T0095656|T0018313|T0062277|T0097185|T0057090|T0082127|T0099161|T0062029|T0081880|T0020255|T0089251|T0053931|T0000161|T0050866|T0064616|T0103518|T0032200|T0100963|T0010656|T0075654|T0097977|T0009989|T0042709|T0068320
C1C0423,C0423,1,cue,25,False,T0100311|T0097623|T0000985|T0085765|T0102147|T0090329|T0048649|T0032111|T0011942|T0014592|T0069332|T0032519|T0020562|T0073502|T0077209|T0051499|T0102649|T0057323|T0020575|T0042959|T0051554|T0062778|T0051360|T0032808|T0010512
C1C0428,C0428,1,cue,25,False,T0075865|T0010187|T0082486|T0051741|T0037678|T0031537|T0008874|T0081524|T0024159|T0029895|T0076158|T0022176|T0022628|T0071666|T0039625|T0010532|T0043888|T0029281|T0100114|T0097800|T0007654|T0056948|T0028236|T0043200|T0048707
C1C0442,C0442,1,cue,25,False,T0041650|T0005506|T0091159|T0079554|T0029218|T0071352|T0102680|T0077969|T0100872|T0061980|T0022122|T0077967|T0017343|T0044846|T0072042|T0033480|T0090860|T0007538|T0086312|T0056354|T0096075|T0072183|T0104594|T0039181|T0065828
C1C0445,C0445,1,cue,25,False,T0006458|T0096095|T0088519|T0053494|T0090499|T0096836|T0069293|T0027341|T0057705|T0041567|T0101993|T0071394|T0050200|T0032256|T0030472|T0094619|T0061211|T0095556|T0041638|T0098899|T0049849|T0014135|T0094179|T0009672|T0071976
C1C0449,C0449,1,cue,25,False,T0060324|T0079570|T0020301|T0036156|T0098244|T0045074|T0036742|T0086842|T0026120|T0097876|T0005123|T0068475|T0078256|T0078736|T0035590|T0053767|T0038427|T0014942|T0034004|T0031675|T0069409|T0060090|T0059778|T0070611|T0046772
C1C0450,C0450,1,cue,25,False,T0010937|T0046377|T0087927|T0100596|T0022804|T0039140|T0062253|T0102494|T0087918|T0099022|T0028363|T0064323|T0013643|T0031858|T0046747|T0070711|T0037926|T0068644|T0040423|T0079123|T0011784|T0001433|T0072791|T0070918|T0025956
C1C0451,C0451,1,cue,25,False,T0024629|T0012536|T0005720|T0021390|T0032245|T0040305|T0010328|T0058084|T0104521|T0017639|T0035606|T0097820|T0022443|T0073832|T0070181|T0074633|T0083743|T0031445|T0088683|T0032966|T0058925|T0086577|T0043904|T0060573|T0018241
C1C0456,C0456,1,cue,25,False,T0089854|T0007927|T0016005|T0073217|T0089421|T0057254|T0032877|T0084363|T0054859|T0097502|T0103360|T0061198|T0003434|T0079626|T0057854|T0006318|T0058344|T0033746|T0036308|T0047140|T0103396|T0023375|T0005041|T0003399|T0074518
C1C0474,C0474,1,cue,8,True,T0072415|T0041586|T0002671|T0013139|T0096935|T0015499|T0092639|T0101336
C1C0481,C0481,1,cue,25,False,T0025887|T0078962|T0058948|T0039455|T0047778|T0069716|T0010842|T0028694|T0001257|T0015145|T0006225|T0084293|T0097663|T0099196|T0010727|T0081904|T0073516|T0040783|T0065169|T0085174|T0008538|T0082618|T0069430|T0033281|T0026312
C1C0485,C0485,1,cue,25,False,T0027685|T0094992|T0062597|T0024808|T0070752|T0038095|T0037716|T0067349|T0095592|T0020937|T0023993|T0019134|T0042939|T0080054|T0086034|T0085200|T0009728|T0069487|T0003451|T0075301|T0074078|T0040172|T0041563|T0053628|T0074494
C1C0489,C0489,1,cue,25,False,T0063041|T0104382|T0012184|T0068343|T0043710|T0074774|T0039147|T0058622|T0047735|T0017585|T0003621|T0041579|T0025504|T0067936|T0087717|T0072957|T0032895|T0020587|T0038221|T0023537|T0083079|T0054995|T0046741|T0002855|T0049451
C1C0496,C0496,1,cue,25,False,T0094037|T0029934|T0046958|T0030988|T0093930|T0092154|T0056519|T0023947|T0066718|T0028490|T0072498|T0024271|T0073640|T0043668|T0078433|T0015587|T0037466|T0069402|T0028729|T0011405|T0074727|T0074228|T0067578|T0088680|T0094530
C1C0501,C0501,1,cue,25,False,T0097162|T0011646|T0018425|T0046163|T0078502|T0072723|T0075587|T0001908|T0008020|T0078521|T0078971|T0098953|T0009543|T0073468|T0013779|T0041573|T0032067|T0093663|T0102437|T0052374|T0013760|T0083672|T0059776|T0098405|T0081802
C1C0504,C0504,1,cue,25,False,T0050700|T0035734|T0063080|T0011843|T0056084|T0033894|T0091576|T0002765|T0015135|T0021803|T0022645|T0068846|T0058279|T0099994|T0044493|T0069698|T0024415|T0072525|T0090493|T0007721|T0022833|T0037674|T0031168|T0102261|T0066107
C1C0506,C0506,1,cue,25,False,T0087680|T0094407|T0007455|T0009153|T0017298|T0081905|T0006235|T0004631|T0032798|T0022202|T0078421|T0027248|T0079071|T0100974|T0081858|T0047425|T0091351|T0100567|T0035464|T0036962|T0077837|T0022551|T0090810|T0104068|T0032114
C1C0508,C0508,1,cue,25,False,T0032814|T0017484|T0104522|T0089699|T0019944|T0054064|T0036948|T0104095|T0052659|T0025032|T0096046|T0031015|T0075919|T0034847|T0102283|T0068225|T0102701|T0035888|T0028771|T0063968|T0066891|T0001836|T0079428|T0086191|T0041401
C1C0515,C0515,1,cue,23,True,T0057335|T0069091|T0060859|T0050877|T0092181|T0034946|T0010492|T0087616|T0059356|T0030852|T0009387|T0075607|T0070449|T0069608|T0036131|T0087536|T0045336|T0054566|T0075794|T0036690|T0091474|T0060913|T0092970
C1C0534,C0534,1,cue,25,False,T0037812|T0001295|T0040455|T0046187|T0029711|T0071482|T0018317|T0064701|T0032014|T0006086|T0022964|T0021496|T0055827|T0005671|T0068015|T0009739|T0101873|T0062758|T0089212|T0032941|T0084411|T0100115|T0074447|T0024998|T0008931
C1C0549,C0549,1,cue,25,False,T0019641|T0102695|T0016566|T0087948|T0025652|T0097828|T0090940|T0012413|T0062188|T0086344|T0078066|T0081128|T0046598|T0041719|T0069340|T0053420|T0000937|T0030339|T0096865|T0097166|T0102402|T0063839|T0015809|T0043669|T0086185
C1C0552,C0552,1,cue,20,True,T0030771|T0049385|T0053080|T0061757|T0037884|T0049247|T0103743|T0056438|T0097522|T0016245|T0027194|T0029963|T0065835|T0077419|T0065069|T0082058|T0056386|T0070869|T0084570|T0015557
C1C0567,C0567,1,cue,25,False,T0089403|T0091270|T0007599|T0006103|T0030693|T0044119|T0078165|T0083287|T0041905|T0071486|T0040681|T0068406|T0086975|T0083251|T0034775|T0014628|T0096914|T0059841|T0029716|T0102554|T0089629|T0097733|T0000548|T0093396|T0059774
C1C0580,C0580,1,cue,25,False,T0090239|T0103020|T0064359|T0002559|T0017245|T0094050|T0087417|T0073720|T0089821|T0049310|T0018989|T0050466|T0062837|T0099618|T0060552|T0080023|T0079386|T0036909|T0018953|T0078286|T0005273|T0080363|T0012083|T0081014|T0023137
C1C0586,C0586,1,cue,18,True,T0053085|T0025288|T0060890|T0076508|T0102590|T0038204|T0029374|T0097555|T0102673|T0070196|T0039323|T0094983|T0077146|T0077254|T0085357|T0027170|T0008103|T0063828
C1C0587,C0587,1,cue,25,False,T0015948|T0103019|T0072587|T0062171|T0043367|T0070640|T0068739|T0101914|T0047683|T0039242|T0045106|T0084877|T0083874|T0037445|T0035302|T0057777|T0077630|T0079941|T0102667|T0026413|T0057864|T0089490|T0093139|T0002605|T0062408
C1C0590,C0590,1,cue,25,False,T0082395|T0033813|T0094868|T0004576|T0077153|T0067384|T0051237|T0080922|T0030262|T0098346|T0042638|T0039717|T0081810|T0088976|T0068599|T0100908|T0075890|T0062055|T0039868|T0055438|T0075441|T0071525|T0097416|T0081349|T0046930
C1C0591,C0591,1,cue,25,False,T0024418|T0054313|T0078651|T0033051|T0073933|T0086729|T0029750|T0049796|T0051413|T0020233|T0065176|T0080187|T0017259|T0015551|T0036954|T0077122|T0097875|T0010516|T0084362|T0095902|T0036559|T0078828|T0067974|T0102704|T0009057
C1C0592,C0592,1,cue,25,False,T0010507|T0065875|T0062598|T0069937|T0037189|T0017665|T0102343|T0101179|T0017735|T0051946|T0028616|T0052272|T0026084|T0075144|T0000069|T0037168|T0088226|T0060116|T0040307|T0010497|T0008915|T0041207|T0065922|T0076739|T0054523
C1C0597,C0597,1,cue,12,True,T0025634|T0059933|T0028097|T0023269|T0075280|T0072950|T0020288|T0056814|T0097283|T0019859|T0066051|T0016175
C1C0610,C0610,1,cue,25,False,T0072285|T0016845|T0093590|T0076547|T0082603|T0009043|T0064857|T0016924|T0012618|T0041444|T0024443|T0054938|T0060784|T0044734|T0030950|T0028284|T0027333|T0074206|T0039273|T0100817|T0086012|T0081580|T0025575|T0044217|T0000839
C1C0613,C0613,1,cue,25,False,T0051874|T0047246|T0059885|T0090334|T0016286|T0039985|T0076594|T0028283|T0095027|T0033097|T0048358|T0041962|T0064165|T0058560|T0044287|T0001874|T0104532|T0104350|T0043801|T0052079|T0060260|T0029754|T0032694|T0096061|T0023031
C1C0614,C0614,1,cue,25,False,T0052548|T0042307|T0074673|T0088889|T0016188|T0091002|T0033313|T0022709|T0025152|T0024197|T0037941|T0075398|T0014281|T0094981|T0088268|T0017814|T0100356|T0011456|T0003765|T0092927|T0072783|T0080130|T0052321|T0019976|T0036674
C1C0621,C0621,1,cue,25,False,T0058128|T0094842|T0097382|T0029568|T0055881|T0052437|T0103668|T0003940|T0049757|T0068796|T0073164|T0016697|T0088545|T0008185|T0067320|T0048191|T0093667|T0071744|T0073657|T0094022|T0058297|T0042944|T0015018|T0001467|T0040616
C1C0622,C0622,1,cue,25,False,T0052867|T0079215|T0021551|T0083114|T0081788|T0094925|T0036024|T0022160|T0082696|T0080417|T0076778|T0031594|T0025800|T0090231|T0099854|T0082483|T0007151|T0033096|T0006788|T0077032|T0089889|T0048955|T0009012|T0051697|T0068357
C1C0631,C0631,1,cue,25,False,T0042533|T0060038|T0086667|T0101818|T0098044|T0054765|T0001370|T0063132|T0017600|T0070176|T0102215|T0072572|T0036425|T0091955|T0069568|T0021776|T0098794|T0015899|T0046526|T0012358|T0078212|T0093678|T0029005|T0098171|T0095500
C1C0634,C0634,1,cue,25,False,T0004013|T0011417|T0065811|T0097240|T0070634|T0073154|T0084244|T0081564|T0101835|T0025905|T0068464|T0054341|T0014099|T0016437|T0046838|T0039032|T0044081|T0103370|T0026137|T0096685|T0031859|T0006887|T0047458|T0103503|T0007745
C1C0639,C0639,1,cue,25,False,T0102482|T0084250|T0084168|T0000824|T0028609|T0069472|T0012177|T0031606|T0084157|T0076798|T0022342|T0056026|T0000403|T0020872|T0033422|T0081454|T0082733|T0052391|T0077234|T0031401|T0010613|T0005263|T0025888|T0090172|T0078151
C1C0641,C0641,1,cue,25,False,T0039559|T0038706|T0083775|T0041887|T0076586|T0060213|T0050062|T0101330|T0020518|T0054481|T0018480|T0066698|T0019649|T0064481|T0029700|T0038732|T0057989|T0022787|T0040301|T0007064|T0056225|T0020688|T0070020|T0052226|T0076236
C1C0654,C0654,1,cue,24,True,T0100751|T0011555|T0086485|T0014773|T0053612|T0069068|T0039204|T0034541|T0102012|T0095212|T0080531|T0082377|T0080239|T0080492|T0061461|T0084880|T0040556|T0001111|T0009010|T0018213|T0066961|T0097001|T0094708|T0016765
C1C0657,C0657,1,cue,25,False,T0094998|T0037909|T0051145|T0022727|T0072191|T0083290|T0056662|T0039735|T0044160|T0028908|T0025179|T0098272|T0052667|T0050420|T0054624|T0075176|T0097384|T0035708|T0041429|T0042545|T0036863|T0020177|T0039648|T0025438|T0094007
C1C0661,C0661,1,cue,25,False,T0032505|T0081252|T0001202|T0052693|T0020111|T0004011|T0098726|T0085770|T0058787|T0077998|T0041267|T0052287|T0012153|T0061355|T0000989|T0003722|T0016846|T0058371|T0054685|T0009521|T0085229|T0073219|T0058328|T0091853|T0052565
C1C0662,C0662,1,cue,25,False,T0054404|T0038142|T0048063|T0099610|T0024242|T0076544|T0033396|T0086346|T0093485|T0083892|T0006194|T0011724|T0085304|T0089527|T0053905|T0044020|T0072765|T0021100|T0075621|T0002106|T0061199|T0086568|T0058149|T0016658|T0016128
C1C0684,C0684,1,cue,25,False,T0060512|T0095604|T0013469|T0058968|T0000419|T0088218|T0091993|T0081772|T0009689|T0042601|T0054214|T0082958|T0083594|T0086757|T0053487|T0056612|T0049146|T0022880|T0056907|T0043747|T0089441|T0065380|T0028056|T0019743|T0073819
C1C0692,C0692,1,cue,20,True,T0048537|T0055614|T0071953|T0065166|T0071608|T0096176|T0099883|T0104269|T0080179|T0079928|T0044578|T0042057|T0000953|T0097264|T0073106|T0058208|T0008201|T0035439|T0027128|T0008655
C1C0695,C0695,1,cue,25,False,T0064212|T0013137|T0014924|T0056288|T0102810|T0017921|T0076310|T0051811|T0049790|T0062347|T0095651|T0052122|T0012894|T0032716|T0078933|T0074678|T0003462|T0089603|T0041374|T0034161|T0034940|T0039782|T0056472|T0027861|T0098018
C1C0710,C0710,1,cue,25,False,T0005227|T0089870|T0085666|T0008844|T0045769|T0100056|T0077519|T0061844|T0075864|T0091276|T0005225|T0096663|T0102733|T0018859|T0043713|T0086969|T0021748|T0097419|T0104479|T0000269|T0028020|T0031243|T0078727|T0049979|T0095206
C1C0711,C0711,1,cue,25,False,T0037078|T0054160|T0091294|T0054393|T0017640|T0021042|T0031456|T0030424|T0065783|T0058555|T0021409|T0061783|T0079395|T0033159|T0066680|T0003040|T0018869|T0055558|T0062613|T0059352|T0041872|T0089672|T0004235|T0067982|T0031423
C1C0727,C0727,1,cue,25,False,T0035617|T0022882|T0017023|T0010872|T0038324|T0011556|T0078973|T0087629|T0081361|T0084394|T0012854|T0064261|T0054219|T0004890|T0004672|T0071256|T0078783|T0056947|T0049126|T0037116|T0035213|T0063116|T0015364|T0065998|T0097025
C1C0736,C0736,1,cue,25,False,T0058966|T0046306|T0011412|T0094079|T0082978|T0037672|T0024820|T0094744|T0040051|T0014317|T0074215|T0064011|T0069736|T0004120|T0093899|T0043761|T0065470|T0068849|T0013979|T0009845|T0025160|T0049029|T0022109|T0027557|T0032636
C1C0739,C0739,1,cue,25,False,T0063127|T0010520|T0058539|T0092644|T0100428|T0008120|T0002967|T0097816|T0039082|T0053581|T0006311|T0093726|T0039711|T0036516|T0008351|T0062950|T0031281|T0076578|T0012843|T0063109|T0062478|T0095026|T0025235|T0079354|T0036584
C1C0742,C0742,1,cue,25,False,T0090736|T0027041|T0091312|T0055563|T0057605|T0048322|T0002532|T0016474|T0076298|T0087981|T0087445|T0071506|T0055622|T0096323|T0101347|T0073943|T0054743|T0024877|T0071200|T0013347|T0088910|T0029022|T0091844|T0070575|T0073114
C1C0747,C0747,1,cue,25,False,T0046791|T0036911|T0011301|T0030636|T0022181|T0067602|T0050469|T0064037|T0063107|T0038750|T0040336|T0013126|T0090096|T0085265|T0001389|T0084131|T0090339|T0021565|T0098608|T0075415|T0087323|T0091005|T0083865|T0042124|T0089234
C1C0758,C0758,1,cue,25,False,T0033792|T0066053|T0090080|T0103151|T0022739|T0044054|T0051860|T0060056|T0055561|T0017319|T0073325|T0058395|T0100590|T0029478|T0023479|T0004952|T0061938|T0030625|T0009972|T0083641|T0006976|T0058006|T0090286|T0095490|T0041667
C1C0765,C0765,1,cue,25,False,T0036995|T0036926|T0090954|T0074914|T0076340|T0033413|T0021824|T0062304|T0045188|T0015787|T0016158|T0091491|T0027517|T0025548|T0033245|T0063323|T0011528|T0091820|T0025957|T0076999|T0019222|T0057310|T0000901|T0095884|T0043662
C1C0776,C0776,1,cue,25,False,T0045584|T0098030|T0050583|T0093186|T0074423|T0097086|T0015573|T0069410|T0010811|T0022077|T0005034|T0089072|T0082143|T0085052|T0012050|T0056723|T0007092|T0036186|T0006271|T0060238|T0084905|T0003194|T0055975|T0049894|T0010198
C1C0781,C0781,1,cue,25,False,T0066554|T0075225|T0055705|T0082309|T0093504|T0069747|T0023008|T0038612|T0031561|T0045422|T0086692|T0060019|T0076455|T0092354|T0024785|T0054553|T0054705|T0057547|T0045236|T0099595|T0011885|T0028799|T0101181|T0101165|T0095639
C1C0788,C0788,1,cue,25,False,T0060688|T0011183|T0075178|T0027185|T0033583|T0080321|T0102386|T0047331|T0041916|T0061197|T0099352|T0102875|T0095519|T0061086|T0102987|T0041113|T0024170|T0090638|T0083753|T0092491|T0101154|T0050767|T0074051|T0045035|T0010972
C1C0798,C0798,1,cue,12,True,T0028692|T0015699|T0027992|T0024317|T0036600|T0064503|T0095716|T0023035|T0075058|T0044298|T0067043|T0078063
C1C0803,C0803,1,cue,25,False,T0017308|T0078517|T0003154|T0028223|T0056975|T0019165|T0093313|T0014776|T0049583|T0022327|T0060458|T0072114|T0050986|T0072542|T0039689|T0065968|T0031777|T0031744|T0042544|T0048939|T0034635|T0018878|T0024311|T0066537|T0037404
C1C0811,C0811,1,cue,25,False,T0100746|T0057769|T0084702|T0032396|T0008155|T0028599|T0036740|T0079195|T0074826|T0073487|T0008783|T0045468|T0005739|T0053589|T0026154|T0052082|T0095181|T0061899|T0095186|T0093496|T0070290|T0019527|T0056447|T0000024|T0007378
C1C0814,C0814,1,cue,25,False,T0100320|T0072085|T0063877|T0011203|T0045810|T0051137|T0047233|T0074882|T0076134|T0023362|T0086258|T0033799|T0020895|T0036058|T0075982|T0097595|T0013977|T0059571|T0030104|T0046126|T0100542|T0065032|T0059649|T0000611|T0020690
C1C0817,C0817,1,cue,25,False,T0076855|T0031396|T0056015|T0025923|T0088352|T0033811|T0012689|T0097625|T0072380|T0018822|T0002039|T0023818|T0049256|T0002304|T0088516|T0075513|T0002711|T0024863|T0002722|T0076446|T0048554|T0005685|T0091213|T0059948|T0035616
C1C0832,C0832,1,cue,25,False,T0010017|T0085182|T0069790|T0099114|T0017925|T0034787|T0085515|T0052188|T0047276|T0096287|T0095101|T0041303|T0104136|T0048054|T0071502|T0090553|T0045953|T0019093|T0072644|T0085802|T0016472|T0101864|T0082307|T0069109|T0001301
C1C0834,C0834,1,cue,25,False,T0077207|T0002629|T0036203|T0024405|T0041160|T0056247|T0101227|T0064738|T0012632|T0082413|T0070439|T0052633|T0083853|T0099260|T0035669|T0003205|T0082582|T0101077|T0038846|T0043949|T0085679|T0022260|T0003089|T0052141|T0007073
C1C0836,C0836,1,cue,25,False,T0093016|T0009185|T0064491|T0069426|T0046769|T0065456|T0017165|T0054808|T0100005|T0020443|T0035158|T0048911|T0049607|T0053343|T0086081|T0091825|T0096768|T0008818|T0075594|T0031487|T0018305|T0050118|T0036215|T0096443|T0070261
C1C0853,C0853,1,cue,25,False,T0098567|T0036000|T0095174|T0051345|T0045356|T0052614|T0093132|T0009183|T0083349|T0076846|T0087069|T0084855|T0051405|T0055635|T0085946|T0061607|T0070908|T0095090|T0016119|T0006934|T0097514|T0082557|T0025387|T0051364|T0065090
C1C0867,C0867,1,cue,22,True,T0044408|T0004268|T0074745|T0070208|T0066589|T0099718|T0063958|T0041806|T0086389|T0040144|T0037341|T0074642|T0071217|T0041269|T0040344|T0022027|T0008855|T0066448|T0068705|T0050478|T0101522|T0050778
C1C0870,C0870,1,cue,25,False,T0035905|T0046934|T0039366|T0074205|T0078031|T0052322|T0046813|T0075757|T0094855|T0020815|T0034937|T0065096|T0077832|T0012513|T0046974|T0011500|T0033558|T0098606|T0044792|T0050631|T0000721|T0086818|T0006334|T0090394|T0009755
C1C0872,C0872,1,cue,25,False,T0067218|T0016138|T0052176|T0081826|T0081427|T0084071|T0040811|T0030406|T0054961|T0020967|T0081746|T0087392|T0087669|T0064918|T0059665|T0075083|T0091243|T0064296|T0057189|T0027261|T0100067|T0025399|T0060921|T0067613|T0038194
C1C0875,C0875,1,cue,24,True,T0022666|T0005855|T0003009|T0044597|T0032547|T0011296|T0098727|T0051445|T0095287|T0036644|T0091513|T0094339|T0072175|T0027431|T0033022|T0010149|T0032015|T0045480|T0079989|T0026430|T0051689|T0009702|T0009505|T0085548
C1C0876,C0876,1,cue,25,False,T0030682|T0001393|T0001193|T0047903|T0036307|T0062461|T0010262|T0003174|T0064186|T0085869|T0004247|T0036157|T0054805|T0049588|T0026723|T0034205|T0006785|T0047076|T0049599|T0038495|T0098556|T0049151|T0019850|T0036360|T0031347
C1C0881,C0881,1,cue,25,False,T0046425|T0074317|T0054711|T0054591|T0053313|T0007263|T0042955|T0103311|T0047519|T0026310|T0037296|T0080249|T0060550|T0068178|T0036377|T0010533|T0058308|T0081952|T0029335|T0066858|T0025154|T0032204|T0049679|T0028046|T0053786
C1C0882,C0882,1,cue,25,False,T0067476|T0015131|T0033917|T0004867|T0042504|T0044165|T0056137|T0032518|T0095075|T0029083|T0049841|T0065129|T0027104|T0035291|T0007008|T0094351|T0030931|T0099378|T0073730|T0078169|T0049202|T0100487|T0089921|T0068634|T0098662
C1C0885,C0885,1,cue,25,False,T0079695|T0039668|T0064754|T0074830|T0046130|T0089155|T0077012|T0025717|T0042991|T0087375|T0011303|T0099027|T0064229|T0102027|T0098884|T0038424|T0089023|T0001361|T0051284|T0015432|T0032928|T0002764|T0047299|T0031475|T0077079
C1C0893,C0893,1,cue,25,False,T0099082|T0044243|T0092834|T0088405|T0058947|T0097438|T0098504|T0046172|T0046304|T0084934|T0044718|T0082952|T0050666|T0021754|T0012634|T0042078|T0013910|T0006144|T0003958|T0076360|T0073788|T0096300|T0036915|T0001713|T0025012
C1C0908,C0908,1,cue,25,False,T0094824|T0092286|T0043909|T0041888|T0096404|T0041831|T0027935|T0093237|T0091834|T0057494|T0084959|T0073623|T0058604|T0087130|T0012264|T0060720|T0024908|T0028496|T0056325|T0011888|T0085639|T0016093|T0030393|T0046506|T0073406
C2C0004,C0004,2,cue,25,False,T0074702|T0026563|T0049564|T0005710|T0073208|T0057717|T0048343|T0010925|T0003817|T0088288|T0087761|T0070016|T0048157|T0075791|T0026245|T0028158|T0018051|T0021232|T0008426|T0052182|T0051672|T0024561|T0045863|T0048017|T0103169
C2C0005,C0005,2,cue,25,False,T0074563|T0067640|T0055372|T0053635|T0076449|T0081804|T0098010|T0062833|T0098107|T0069928|T0057378|T0065616|T0088617|T0067839|T0020921|T0055475|T0015373|T0018284|T0014304|T0035185|T0038614|T0046755|T0038576|T0072744|T0034309
C2C0006,C0006,2,cue,25,False,T0015535|T0087887|T0028452|T0096308|T0017438|T0080511|T0041328|T0046464|T0052511|T0010797|T0069536|T0003450|T0030332|T0050275|T0023781|T0072068|T0006975|T0064022|T0063645|T0065274|T0046138|T0042731|T0010921|T0022171|T0101078
C2C0010,C0010,2,cue,25,False,T0096003|T0070136|T0081056|T0092951|T0079324|T0074903|T0060114|T0045219|T0010462|T0045061|T0048205|T0021470|T0029043|T0061546|T0009137|T0078633|T0044363|T0078532|T0080835|T0078017|T0024541|T0093305|T0074943|T0081355|T0064517
C2C0011,C0011,2,cue,25,False,T0042979|T0063432|T0074649|T0096562|T0073365|T0048928|T0062609|T0060892|T0088283|T0025523|T0079672|T0077282|T0065534|T0018898|T0022761|T0054127|T0089432|T0080875|T0085821|T0100815|T0005516|T0036731|T0016064|T0018189|T0059334
C2C0017,C0017,2,cue,25,False,T0007324|T0063428|T0076939|T0054892|T0091862|T0092080|T0058623|T0096009|T0031199|T0012736|T0062274|T0103428|T0004540|T0022269|T0031076|T0025476|T0060974|T0082796|T0091813|T0082487|T0035717|T0079228|T0075322|T0095660|T0101270
C2C0040,C0040,2,cue,25,False,T0038452|T0012718|T0041701|T0061035|T0000396|T0048626|T0006618|T0060595|T0019315|T0091477|T0000884|T0094262|T0055046|T0057894|T0000072|T0097699|T0099038|T0070576|T0000756|T0054518|T0038924|T0095512|T0066661|T0086024|T0009822
C2C0043,C0043,2,cue,25,False,T0047830|T0087419|T0075130|T0085411|T0088776|T0078059|T0073372|T0054973|T0081392|T0013001|T0014474|T0096706|T0056856|T0073016|T0003324|T0025300|T0087716|T0037457|T0090262|T0097006|T0099506|T0078497|T0031476|T0026400|T0047739
C2C0046,C0046,2,cue,25,False,T0099070|T0049558|T0055741|T0006348|T0072437|T0073656|T0023332|T0025068|T0098672|T0008615|T0006764|T0051897|T0015416|T0091240|T0050907|T0070441|T0062030|T0006185|T0011620|T0017036|T0037504|T0014983|T0059081|T0059515|T0001561
C2C0049,C0049,2,cue,25,False,T0021976|T0029322|T0041646|T0098357|T0021737|T0082865|T0001643|T0090500|T0010506|T0020042|T0021526|T0052983|T0033684|T0084064|T0067410|T0023530|T0098789|T0024612|T0055781|T0023257|T0014527|T0093888|T0094958|T0065350|T0030743
C2C0050,C0050,2,cue,25,False,T0039875|T0034670|T0015008|T0052789|T0033312|T0023882|T0085408|T0061483|T0073969|T0055108|T0087219|T0104309|T0039077|T0093409|T0080977|T0030024|T0094910|T0083397|T0085235|T0025343|T0035545|T0033567|T0087856|T0068937|T0038540
C2C0062,C0062,2,cue,25,False,T0061498|T0026002|T0076543|T0073648|T0072268|T0086310|T0026803|T0018991|T0020835|T0102225|T0013883|T0036194|T0087553|T0057583|T0019101|T0010673|T0030564|T0099055|T0102817|T0033450|T0069296|T0006301|T0044339|T0075615|T0060353
C2C0066,C0066,2,cue,25,False,T0009732|T0029018|T0032318|T0100941|T0061527|T0072368|T0070994|T0046042|T0083500|T0008105|T0008266|T0039743|T0022597|T0045988|T0016954|T0047584|T0061387|T0084819|T0008190|T0091707|T0069823|T0092279|T0103595|T0036987|T0044026
C2C0068,C0068,2,cue,25,False,T0061563|T0041743|T0013022|T0003358|T0010664|T0071205|T0022026|T0035718|T0088250|T0058271|T0093974|T0096328|T0071251|T0068998|T0065953|T0008668|T0065037|T0003927|T0052792|T0060878|T0061828|T0039048|T0022810|T0101542|T0023462
C2C0072,C0072,2,cue,25,False,T0053322|T0010164|T0027108|T0018850|T0065987|T0020638|T0029178|T0025181|T0035494|T0002431|T0084900|T0100240|T0010954|T0048227|T0013817|T0007642|T0009850|T0027145|T0048638|T0005426|T0040461|T0051290|T0033864|T0086744|T0050824
C2C0075,C0075,2,cue,25,False,T0063932|T0005282|T0038558|T0034198|T0016881|T0042077|T0093031|T0051323|T0087794|T0082498|T0038222|T0006981|T0036769|T0063015|T0073004|T0097431|T0101086|T0018296|T0025758|T0068408|T0027149|T0040536|T0104003|T0056926|T0102659
C2C0085,C0085,2,cue,20,True,T0044077|T0036351|T0038130|T0077613|T0040528|T0048668|T0063258|T0047052|T0083432|T0013937|T0023282|T0049861|T0076081|T0049455|T0066534|T0045051|T0019430|T0096801|T0078368|T0030386
C2C0088,C0088,2,cue,22,True,T0072527|T0099426|T0078243|T0017334|T0035465|T0026320|T0089188|T0056989|T0068691|T0090871|T0011044|T0033668|T0093566|T0064698|T0092199|T0001051|T0069051|T0025374|T0075583|T0037701|T0088222|T0038236
C2C0089,C0089,2,cue,25,False,T0055981|T0002208|T0089357|T0018666|T0060034|T0005712|T0088783|T0009726|T0078678|T0014489|T0035500|T0099538|T0090031|T0081517|T0063664|T0054318|T0078051|T0027378|T0067896|T0017703|T0054731|T0028743|T0032642|T0100314|T0005050
C2C0093,C0093,2,cue,25,False,T0095142|T0035861|T0093749|T0018660|T0030962|T0036704|T0094760|T0036003|T0071581|T0092602|T0051242|T0093040|T0052891|T0015739|T0073849|T0062538|T0100960|T0053531|T0038420|T0100523|T0090737|T0091629|T0063656|T0023659|T0085070
C2C0101,C0101,2,cue,9,True,T0001969|T0046752|T0037606|T0021796|T0014973|T0036274|T0011529|T0100419|T0071688
C2C0104,C0104,2,cue,25,False,T0000265|T0020107|T0059266|T0053782|T0020428|T0056556|T0032377|T0029068|T0014012|T0098161|T0019088|T0088937|T0057291|T0044610|T0080340|T0068448|T0037721|T0062256|T0020412|T0006773|T0045055|T0058087|T0003964|T0104250|T0009408
C2C0107,C0107,2,cue,25,False,T0060367|T0040495|T0038216|T0017187|T0032374|T0056560|T0084528|T0056329|T0068735|T0062041|T0097046|T0008701|T0104543|T0007940|T0060002|T0032026|T0028832|T0072122|T0088888|T0081280|T0001545|T0043440|T0076017|T0072350|T0047267
C2C0111,C0111,2,cue,25,False,T0004400|T0064430|T0067520|T0066019|T0056868|T0012744|T0069445|T0049311|T0036447|T0009679|T0022809|T0087131|T0060258|T0103375|T0023181|T0102716|T0102269|T0051188|T0036709|T0001894|T0036346|T0064329|T0014454|T0099384|T0058665
C2C0134,C0134,2,cue,25,False,T0100366|T0044749|T0018013|T0063586|T0073527|T0076489|T0058161|T0073440|T0050178|T0074625|T0025942|T0053671|T0020314|T0046160|T0056476|T0033147|T0008455|T0011997|T0101994|T0013223|T0009757|T0031074|T0037475|T0008156|T0021613
C2C0142,C0142,2,cue,25,False,T0074343|T0057125|T0045601|T0046307|T0042507|T0007508|T0005587|T0036960|T0088472|T0093428|T0015895|T0048730|T0019753|T0022736|T0031719|T0055443|T0092038|T0023796|T0088612|T0032873|T0034675|T0051800|T0079888|T0062831|T0086688
C2C0144,C0144,2,cue,25,False,T0001767|T0086350|T0025763|T0032480|T0030134|T0061204|T0007695|T0013486|T0090522|T0000746|T0001926|T0100625|T0071459|T0058582|T0063478|T0030900|T0024689|T0037605|T0002680|T0018119|T0096132|T0019249|T0080042|T0091536|T0097249
C2C0146,C0146,2,cue,25,False,T0017864|T0093147|T0072557|T0059330|T0090473|T0008396|T0053891|T0102382|T0064526|T0006560|T0081537|T0055664|T0032664|T0018576|T0095113|T0093240|T0065036|T0025711|T0053854|T0013954|T0078662|T0061854|T0070741|T0099231|T0022337
C2C0155,C0155,2,cue,25,False,T0007720|T0065988|T0063684|T0101030|T0088015|T0032867|T0054204|T0053808|T0049949|T0023037|T0010487|T0057253|T0066857|T0006383|T0064196|T0003588|T0010514|T0062517|T0042181|T0031708|T0083065|T0041642|T0023779|T0003153|T0061041
C2C0170,C0170,2,cue,25,False,T0095933|T0091937|T0040659|T0081267|T0030067|T0014052|T0087646|T0015542|T0039507|T0095517|T0037774|T0072474|T0047107|T0022983|T0073660|T0004539|T0102042|T0026761|T0014344|T0030459|T0085316|T0010668|T0050787|T0098589|T0099235
C2C0174,C0174,2,cue,25,False,T0049552|T0097772|T0054820|T0031164|T0030000|T0058342|T0102498|T0027367|T0019081|T0074558|T0047560|T0046604|T0014242|T0072266|T0050510|T0040706|T0096434|T0045088|T0003697|T0055189|T0070029|T0085971|T0082809|T0024696|T0069156
C2C0184,C0184,2,cue,25,False,T0070697|T0041653|T0053455|T0013138|T0048774|T0000275|T0103506|T0028259|T0017371|T0008207|T0101288|T0000187|T0099985|T0084098|T0102690|T0074356|T0058391|T0068765|T0014588|T0007637|T0022452|T0064998|T0019162|T0007891|T0085416
C2C0192,C0192,2,cue,25,False,T0076892|T0065196|T0040099|T0025705|T0027152|T0011943|T0048016|T0019403|T0051419|T0010093|T0103637|T0042852|T0096017|T0089797|T0051131|T0100341|T0003342|T0057859|T0033603|T0017782|T0058116|T0078588|T0100177|T0036652|T0077347
C2C0193,C0193,2,cue,25,False,T0066739|T0008198|T0097456|T0078849|T0045558|T0059557|T0014581|T0100310|T0012637|T0066848|T0086879|T0035907|T0102238|T0055127|T0022532|T0012794|T0083795|T0023891|T0092353|T0017509|T0040128|T0049572|T0026026|T0069933|T0044094
C2C0196,C0196,2,cue,25,False,T0003298|T0028013|T0088312|T0101434|T0023803|T0011259|T0051853|T0004306|T0023749|T0084707|T0043032|T0024160|T0079282|T0024922|T0039535|T0045505|T0005213|T0016367|T0003403|T0015904|T0044022|T0010281|T0032452|T0000788|T0029459
C2C0201,C0201,2,cue,25,False,T0080279|T0053320|T0028320|T0104429|T0078667|T0027604|T0026343|T0015928|T0000938|T0067160|T0093519|T0037975|T0029153|T0020054|T0060583|T0101633|T0011163|T0057200|T0019341|T0089107|T0036580|T0002877|T0050175|T0024581|T0008830
C2C0209,C0209,2,cue,20,True,T0081237|T0082268|T0045911|T0024432|T0037570|T0016863|T0068997|T0013618|T0003076|T0085129|T0064640|T0031681|T0086129|T0103970|T0082755|T0028007|T0024410|T0021780|T0060574|T0048251
C2C0226,C0226,2,cue,25,False,T0026972|T0085426|T0086739|T0045355|T0054378|T0038410|T0024525|T0084514|T0012246|T0001286|T0029945|T0055965|T0013350|T0087591|T0038187|T0001520|T0087067|T0074871|T0048923|T0011191|T0076374|T0052456|T0038227|T0033781|T0030705
C2C0228,C0228,2,cue,25,False,T0014851|T0001394|T0024039|T0066551|T0045358|T0039631|T0051940|T0054869|T0053278|T0045309|T0052611|T0091788|T0029148|T0052920|T0084846|T0030804|T0007179|T0027647|T0079640|T0041991|T0030468|T0027843|T0001345|T0091201|T0070101
C2C0237,C0237,2,cue,25,False,T0042975|T0017487|T0040189|T0034359|T0039826|T0005129|T0004428|T0023723|T0044063|T0052409|T0057925|T0076681|T0034208|T0060605|T0036007|T0049309|T0075094|T0047917|T0079402|T0047066|T0009000|T0061317|T0011861|T0011291|T0081404
C2C0242,C0242,2,cue,25,False,T0094721|T0083626|T0038937|T0080891|T0060129|T0048386|T0060303|T0063890|T0092953|T0070126|T0061026|T0094030|T0017475|T0011592|T0103456|T0020701|T0026233|T0048369|T0009428|T0078029|T0050281|T0036517|T0037184|T0044872|T0042826
C2C0244,C0244,2,cue,25,False,T0079576|T0086541|T0041165|T0014850|T0010024|T0094208|T0090204|T0041025|T0055824|T0065114|T0033376|T0097671|T0015924|T0079815|T0014279|T0013166|T0100692|T0021288|T0082367|T0096259|T0093008|T0068707|T0008673|T0089025|T0089780
C2C0250,C0250,2,cue,24,True,T0070172|T0070495|T0097211|T0093727|T0098964|T0019295|T0009257|T0009066|T0035413|T0087060|T0014839|T0032854|T0097978|T0031389|T0002689|T0025428|T0097877|T0053865|T0092106|T0020366|T0034374|T0088720|T0101612|T0043604
C2C0256,C0256,2,cue,19,True,T0051647|T0092303|T0065608|T0089204|T0083154|T0077946|T0044283|T0035225|T0054986|T0059525|T0102666|T0093220|T0045716|T0063181|T0019925|T0032027|T0022223|T0040854|T0070204
C2C0258,C0258,2,cue,16,True,T0087996|T0053478|T0088216|T0001617|T0074256|T0009831|T0056784|T0049420|T0031060|T0038939|T0027055|T0086144|T0077325|T0018907|T0006679|T0082876
C2C0263,C0263,2,cue,25,False,T0091678|T0012058|T0018568|T0031827|T0040253|T0020081|T0067858|T0093394|T0096327|T0014146|T0095178|T0093217|T0007536|T0010382|T0077892|T0035824|T0040146|T0079703|T0017318|T0085154|T0104035|T0072457|T0039815|T0064821|T0013516
C2C0264,C0264,2,cue,25,False,T0005562|T0103168|T0024685|T0026653|T0061893|T0063243|T0047015|T0100785|T0034801|T0101024|T0065555|T0068545|T0053571|T0008893|T0049660|T0004775|T0061480|T0065383|T0071034|T0070061|T0018320|T0029543|T0019839|T0066952|T0003255
C2C0265,C0265,2,cue,25,False,T0015225|T0026222|T0049366|T0009852|T0009398|T0039542|T0069372|T0099246|T0086255|T0062432|T0023122|T0022095|T0042327|T0068967|T0047480|T0018611|T0040118|T0049581|T0060210|T0007105|T0103136|T0095805|T0025340|T0083962|T0003917
C2C0267,C0267,2,cue,23,True,T0021634|T0042755|T0046017|T0078474|T0094049|T0014469|T0011892|T0049873|T0071178|T0045748|T0027192|T0094641|T0053868|T0003273|T0082576|T0038579|T0042780|T0084916|T0084231|T0071108|T0055085|T0066760|T0048682
C2C0277,C0277,2,cue,25,False,T0067389|T0007657|T0019978|T0074018|T0015834|T0085820|T0091664|T0013250|T0021704|T0038231|T0103681|T0099822|T0075002|T0065295|T0000089|T0006702|T0038527|T0035893|T0036116|T0069363|T0017754|T0026441|T0003813|T0023547|T0052714
C2C0293,C0293,2,cue,25,False,T0076747|T0039978|T0002332|T0011214|T0059422|T0004883|T0009362|T0103079|T0098510|T0101733|T0079348|T0065251|T0024828|T0085521|T0103504|T0021363|T0013382|T0099723|T0028437|T0069711|T0045270|T0003043|T0066734|T0020356|T0031712
C2C0294,C0294,2,cue,25,False,T0101340|T0088566|T0049466|T0050736|T0069557|T0049463|T0041196|T0073309|T0043960|T0024918|T0031085|T0059168|T0082166|T0092360|T0024870|T0090081|T0100021|T0064770|T0072582|T0010644|T0032885|T0079831|T0042796|T0027206|T0087033
C2C0299,C0299,2,cue,25,False,T0082799|T0032665|T0033297|T0069701|T0078503|T0048606|T0082953|T0026068|T0095894|T0000179|T0047551|T0016930|T0092614|T0000631|T0022296|T0084127|T0051775|T0022637|T0050687|T0098253|T0068948|T0086161|T0051803|T0058015|T0005539
C2C0305,C0305,2,cue,25,False,T0043896|T0073324|T0014213|T0098375|T0010368|T0092615|T0032991|T0016664|T0097104|T0019763|T0049475|T0102818|T0033329|T0051805|T0052244|T0039299|T0021810|T0021677|T0010553|T0082458|T0006164|T0009307|T0096240|T0100253|T0057968
C2C0321,C0321,2,cue,25,False,T0053713|T0024230|T0066080|T0025188|T0069254|T0059548|T0004477|T0071741|T0083090|T0098478|T0097114|T0088505|T0043677|T0102125|T0013971|T0102857|T0026887|T0099367|T0003268|T0002171|T0008588|T0004962|T0078232|T0102947|T0030016
C2C0324,C0324,2,cue,11,True,T0002707|T0021950|T0035917|T0057136|T0034351|T0050610|T0049474|T0089911|T0092486|T0074311|T0017238
C2C0327,C0327,2,cue,25,False,T0080326|T0098041|T0058727|T0054228|T0077667|T0065378|T0103992|T0026774|T0024604|T0035646|T0057735|T0041521|T0048733|T0083857|T0002207|T0048804|T0074800|T0097054|T0076599|T0035423|T0089610|T0084585|T0059510|T0045522|T0070826
C2C0330,C0330,2,cue,25,False,T0081654|T0036310|T0046118|T0094976|T0082210|T0102200|T0026670|T0092343|T0017859|T0075992|T0047020|T0046480|T0043436|T0101700|T0043099|T0033030|T0093708|T0048294|T0032432|T0040037|T0003421|T0028977|T0020460|T0036382|T0077443
C2C0333,C0333,2,cue,25,False,T0093001|T0089719|T0015314|T0006535|T0100228|T0041322|T0092590|T0058508|T0047983|T0052536|T0029931|T0067022|T0095866|T0076064|T0028392|T0056198|T0048927|T0006890|T0103465|T0091916|T0089895|T0008389|T0007144|T0028975|T0016023
C2C0338,C0338,2,cue,25,False,T0042473|T0011879|T0065959|T0013268|T0082896|T0080630|T0048461|T0032191|T0034113|T0003814|T0031278|T0073707|T0072989|T0096173|T0027834|T0035683|T0041383|T0001745|T0097686|T0047395|T0035296|T0074000|T0065449|T0046368|T0059018
C2C0340,C0340,2,cue,17,True,T0083637|T0071960|T0100998|T0056871|T0050683|T0069278|T0080512|T0010409|T0011387|T0022728|T0055430|T0082185|T0033686|T0036386|T0101003|T0039975|T0031377
C2C0343,C0343,2,cue,25,False,T0021869|T0070733|T0016318|T0058885|T0036225|T0081100|T0083469|T0081452|T0070528|T0067348|T0079246|T0026886|T0007483|T0084968|T0032262|T0102628|T0067672|T0018982|T0030082|T0053372|T0099608|T0099341|T0012785|T0099768|T0058010
C2C0347,C0347,2,cue,25,False,T0049098|T0075405|T0075918|T0031958|T0004732|T0039294|T0005623|T0060507|T0088128|T0070049|T0077366|T0061635|T0002400|T0078888|T0073347|T0092073|T0073433|T0095347|T0079315|T0055528|T0101800|T0046746|T0002957|T0022480|T0048688
C2C0357,C0357,2,cue,25,False,T0039250|T0011376|T0102243|T0000738|T0080197|T0101912|T0080334|T0055556|T0077858|T0077635|T0055355|T0104200|T0066886|T0061668|T0048825|T0017593|T0042148|T0024172|T0004598|T0046266|T0033612|T0012348|T0086086|T0016737|T0061711
C2C0366,C0366,2,cue,25,False,T0019507|T0096482|T0043170|T0052678|T0046632|T0040951|T0033585|T0035965|T0052533|T0016956|T0017105|T0012419|T0028783|T0072651|T0084742|T0063012|T0023748|T0049955|T0051299|T0060110|T0067871|T0007562|T0034803|T0025388|T0025071
C2C0371,C0371,2,cue,25,False,T0016699|T0103740|T0103794|T0033671|T0068895|T0008883|T0059400|T0101943|T0058213|T0000480|T0049131|T0050343|T0086055|T0010219|T0016034|T0063098|T0034717|T0062183|T0099318|T0068689|T0035900|T0054256|T0052181|T0024632|T0048779
C2C0376,C0376,2,cue,25,False,T0055735|T0080083|T0098441|T0021263|T0065750|T0037013|T0015757|T0026612|T0096621|T0004665|T0008115|T0029216|T0089335|T0009263|T0072596|T0085396|T0023299|T0095741|T0043223|T0030760|T0040163|T0047307|T0027759|T0082722|T0052218
C2C0398,C0398,2,cue,20,True,T0094669|T0023213|T0052501|T0028516|T0068818|T0104413|T0029907|T0074354|T0044117|T0028535|T0081963|T0084451|T0020367|T0056344|T0096129|T0068753|T0029786|T0080856|T0044756|T0024614
C2C0399,C0399,2,cue,25,False,T0008394|T0091578|T0083777|T0076242|T0066305|T0011624|T0039858|T0029708|T0022349|T0078740|T0099111|T0089764|T0047918|T0007673|T0005648|T0062504|T0080291|T0066488|T0025680|T0050313|T0076918|T0054461|T0024386|T0081523|T0004636
C2C0412,C0412,2,cue,25,False,T0082246|T0016136|T0031762|T0091124|T0018548|T0100362|T0029936|T0002105|T0001322|T0090633|T0019292|T0038913|T0047840|T0007268|T0048020|T0040299|T0069935|T0103955|T0043546|T0009773|T0003563|T0103076|T0052220|T0051214|T0027667
C2C0416,C0416,2,cue,25,False,T0084418|T0057608|T0057884|T0031872|T0078352|T0010279|T0041435|T0098923|T0072571|T0012902|T0071133|T0019943|T0104337|T0080880|T0065812|T0091982|T0008042|T0055319|T0060199|T0004048|T0064533|T0049141|T0007990|T0068395|T0061001
C2C0417,C0417,2,cue,25,False,T0075969|T0026053|T0038036|T0085048|T0032920|T0091093|T0004335|T0082583|T0100553|T0030863|T0050945|T0090198|T0007628|T0018046|T0104315|T0022162|T0032934|T0025186|T0081530|T0028595|T0092749|T0087915|T0083944|T0000660|T0029419
C2C0419,C0419,2,cue,25,False,T0083121|T0103839|T0043262|T0014618|T0040992|T0039854|T0010237|T0099974|T0039613|T0019012|T0084419|T0066955|T0058325|T0022298|T0050823|T0005158|T0006586|T0073649|T0017258|T0008450|T0060446|T0045512|T0027136|T0090178|T0049265
C2C0420,C0420,2,cue,25,False,T0020405|T0055939|T0020393|T0057477|T0066540|T0089640|T0092033|T0028146|T0068882|T0027733|T0057090|T0094193|T0010557|T0023422|T0009989|T0019715|T0005819|T0000161|T0002917|T0095656|T0020255|T0076505|T0068069|T0062029|T0100984
C2C0423,C0423,2,cue,25,False,T0062878|T0049006|T0073502|T0002458|T0030670|T0085765|T0026153|T0061437|T0069332|T0042959|T0007877|T0062778|T0078960|T0048649|T0022188|T0090329|T0032808|T0100311|T0060546|T0021070|T0029612|T0010194|T0080890|T0038920|T0039822
C2C0428,C0428,2,cue,25,False,T0020876|T0097800|T0002869|T0031537|T0022628|T0095658|T0010508|T0045523|T0055254|T0060638|T0080029|T0059271|T0029895|T0002566|T0046534|T0008144|T0032188|T0058336|T0004559|T0025251|T0075895|T0012671|T0094013|T0043200|T0000138
C2C0442,C0442,2,cue,25,False,T0020504|T0087465|T0039181|T0079844|T0005506|T0052054|T0043993|T0104594|T0042389|T0083819|T0009175|T0102527|T0091159|T0030790|T0090020|T0033480|T0053296|T0054110|T0045056|T0028978|T0098695|T0016834|T0018373|T0047971|T0056354
C2C0445,C0445,2,cue,25,False,T0094179|T0088519|T0091048|T0090177|T0027603|T0098899|T0096095|T0076662|T0098034|T0009672|T0050200|T0006458|T0027341|T0061211|T0071969|T0025146|T0014135|T0069293|T0094619|T0069196|T0049849|T0017332|T0032256|T0030472|T0065290
C2C0449,C0449,2,cue,25,False,T0059778|T0097876|T0014942|T0069409|T0078736|T0046772|T0010116|T0086842|T0034004|T0020301|T0038427|T0026120|T0042618|T0060090|T0053767|T0070611|T0045074|T0005123|T0035590|T0079570|T0068475|T0031675|T0078256|T0060324|T0036156
C2C0450,C0450,2,cue,25,False,T0048259|T0081292|T0005953|T0099026|T0074873|T0062465|T0036477|T0031038|T0043478|T0007958|T0013500|T0042168|T0013643|T0073032|T0060810|T0072791|T0099022|T0041838|T0096704|T0021354|T0042760|T0037533|T0010346|T0087918|T0075970
C2C0451,C0451,2,cue,25,False,T0010328|T0097820|T0043904|T0071785|T0033054|T0022443|T0099645|T0086577|T0089984|T0018241|T0035606|T0013812|T0100786|T0012536|T0044937|T0063385|T0024629|T0104521|T0039569|T0060573|T0031445|T0084194|T0032966|T0068419|T0005370
C2C0456,C0456,2,cue,25,False,T0031739|T0080846|T0072694|T0070053|T0066030|T0011244|T0061198|T0055874|T0030566|T0068114|T0024642|T0077626|T0057854|T0023375|T0056491|T0077964|T0058365|T0030449|T0070596|T0102671|T0078498|T0087671|T0094228|T0082258|T0092512
C2C0474,C0474,2,cue,8,True,T0041586|T0015499|T0101336|T0096935|T0092639|T0072415|T0002671|T0013139
C2C0481,C0481,2,cue,25,False,T0000149|T0073067|T0026312|T0099196|T0069430|T0045613|T0049267|T0051918|T0027190|T0057749|T0090278|T0085174|T0097663|T0028694|T0046537|T0099501|T0001257|T0007968|T0102746|T0006135|T0052727|T0096900|T0033281|T0014964|T0040783
C2C0485,C0485,2,cue,25,False,T0038095|T0005835|T0053628|T0025143|T0079164|T0039074|T0083674|T0023993|T0064712|T0026219|T0077701|T0068146|T0015897|T0075837|T0093811|T0056836|T0062597|T0020937|T0048717|T0018167|T0006664|T0018190|T0094992|T0012907|T0040466
C2C0489,C0489,2,cue,25,False,T0068343|T0084669|T0002816|T0038221|T0054995|T0034045|T0060988|T0078456|T0085925|T0067936|T0100929|T0072963|T0058622|T0002855|T0014379|T0092118|T0007900|T0025504|T0017585|T0032895|T0083079|T0099594|T0074774|T0046741|T0040833
C2C0496,C0496,2,cue,25,False,T0034221|T0028729|T0056519|T0098764|T0043668|T0030988|T0070279|T0088680|T0016419|T0001061|T0023947|T0076349|T0103918|T0000123|T0040047|T0037466|T0029934|T0076399|T0067578|T0046643|T0007997|T0055701|T0074228|T0024271|T0099271
C2C0501,C0501,2,cue,25,False,T0083672|T0003028|T0075820|T0076772|T0076307|T0075587|T0098953|T0000952|T0055920|T0052958|T0043539|T0101295|T0078735|T0044815|T0075687|T0078521|T0052374|T0078502|T0001908|T0098405|T0013779|T0045827|T0065972|T0052985|T0009543
C2C0504,C0504,2,cue,25,False,T0011843|T0058279|T0091580|T0002765|T0050700|T0007721|T0022833|T0066107|T0063080|T0015135|T0033894|T0037674|T0031168|T0099994|T0044493|T0072525|T0022645|T0024415|T0021803|T0035734|T0090493|T0102261|T0091576|T0056084|T0027655
C2C0506,C0506,2,cue,25,False,T0027527|T0033283|T0081858|T0035670|T0083929|T0021591|T0047431|T0070941|T0094407|T0053863|T0022551|T0104137|T0002600|T0024419|T0100567|T0077837|T0102852|T0001733|T0076243|T0078421|T0097429|T0081905|T0032660|T0060331|T0014663
C2C0508,C0508,2,cue,25,False,T0086191|T0043309|T0060881|T0041401|T0054064|T0032814|T0020786|T0042257|T0062163|T0063968|T0089699|T0070047|T0019944|T0035888|T0031018|T0034847|T0053198|T0066891|T0008519|T0096046|T0102538|T0067761|T0030405|T0104095|T0025032
C2C0515,C0515,2,cue,23,True,T0036690|T0010492|T0069608|T0070449|T0087616|T0092181|T0087536|T0060913|T0060859|T0030852|T0091474|T0092970|T0034946|T0059356|T0054566|T0009387|T0069091|T0050877|T0045336|T0075794|T0075607|T0057335|T0036131
C2C0534,C0534,2,cue,25,False,T0005671|T0103026|T0009476|T0101873|T0096837|T0099334|T0034885|T0053769|T0022340|T0027458|T0017666|T0040455|T0029711|T0040655|T0031119|T0089212|T0043916|T0078316|T0095318|T0030808|T0045464|T0010733|T0074447|T0032014|T0096440
C2C0549,C0549,2,cue,25,False,T0069340|T0046598|T0101567|T0053420|T0030339|T0078066|T0090940|T0015809|T0012413|T0102402|T0025652|T0041719|T0096865|T0102695|T0043669|T0081128|T0086185|T0097828|T0000937|T0063839|T0068652|T0097166|T0096089|T0019641|T0066570
C2C0552,C0552,2,cue,20,True,T0077419|T0049385|T0016245|T0037884|T0061757|T0065069|T0097522|T0103743|T0084570|T0082058|T0053080|T0070869|T0056386|T0056438|T0065835|T0049247|T0030771|T0027194|T0029963|T0015557
C2C0567,C0567,2,cue,25,False,T0089298|T0042311|T0015671|T0071486|T0015169|T0059774|T0074593|T0089403|T0078165|T0059841|T0030640|T0005221|T0040681|T0001788|T0006740|T0001255|T0012344|T0029716|T0082006|T0068406|T0090437|T0078120|T0063103|T0012967|T0030264
C2C0580,C0580,2,cue,25,False,T0099618|T0089821|T0052436|T0050466|T0087417|T0018989|T0079386|T0018953|T0080023|T0019673|T0002559|T0017245|T0064359|T0078286|T0012083|T0081014|T0020459|T0036909|T0000567|T0049310|T0023137|T0094050|T0103020|T0062837|T0005527
C2C0586,C0586,2,cue,18,True,T0077146|T0008103|T0077254|T0070196|T0102590|T0060890|T0094983|T0053085|T0076508|T0038204|T0029374|T0085357|T0039323|T0025288|T0063828|T0102673|T0097555|T0027170
C2C0587,C0587,2,cue,25,False,T0023948|T0067960|T0080030|T0024345|T0093139|T0015948|T0018042|T0059524|T0035302|T0057864|T0082204|T0068739|T0045106|T0099533|T0098783|T0028971|T0007556|T0073577|T0077630|T0100194|T0033632|T0063835|T0039242|T0040369|T0047683
C2C0590,C0590,2,cue,25,False,T0004270|T0028750|T0049995|T0021209|T0101202|T0071525|T0043016|T0029601|T0070875|T0081810|T0098346|T0046930|T0097416|T0011769|T0051237|T0060600|T0014195|T0004570|T0017401|T0004576|T0088434|T0039717|T0044323|T0068599|T0081349
C2C0591,C0591,2,cue,25,False,T0051413|T0102704|T0017259|T0009057|T0095902|T0080187|T0078651|T0077122|T0065176|T0036954|T0033051|T0044702|T0086729|T0029750|T0078828|T0010516|T0084362|T0024418|T0073933|T0054313|T0067974|T0049796|T0015551|T0097875|T0036559
C2C0592,C0592,2,cue,25,False,T0047476|T0060667|T0078664|T0028616|T0010507|T0065177|T0026084|T0076739|T0024435|T0018487|T0062983|T0017665|T0066190|T0008915|T0102343|T0060116|T0024272|T0075282|T0022678|T0052272|T0000069|T0075144|T0051946|T0021407|T0101179
C2C0597,C0597,2,cue,12,True,T0059933|T0097283|T0028097|T0023269|T0016175|T0075280|T0019859|T0066051|T0025634|T0072950|T0020288|T0056814
C2C0610,C0610,2,cue,25,False,T0000839|T0009043|T0016845|T0027333|T0081580|T0016924|T0100817|T0028284|T0093590|T0041444|T0086012|T0060784|T0044217|T0072285|T0025575|T0082603|T0012618|T0044734|T0054938|T0076547|T0024443|T0039273|T0079341|T0074206|T0030950
C2C0613,C0613,2,cue,25,False,T0032694|T0044287|T0041962|T0095027|T0023031|T0052079|T0090334|T0096061|T0059885|T0048358|T0058560|T0028913|T0047246|T0043801|T0076594|T0028283|T0039985|T0060260|T0029754|T0104532|T0016286|T0033097|T0051874|T0104350|T0064165
C2C0614,C0614,2,cue,25,False,T0096133|T0062057|T0018172|T0094981|T0067385|T0033740|T0025152|T0036514|T0060843|T0025543|T0084428|T0033313|T0048959|T0034117|T0052548|T0042307|T0061045|T0051277|T0097298|T0036674|T0094195|T0040988|T0001693|T0094986|T0067127
C2C0621,C0621,2,cue,25,False,T0077406|T0071744|T0072287|T0042944|T0048191|T0088545|T0061166|T0097075|T0049757|T0073164|T0008185|T0058128|T0093667|T0001467|T0003667|T0030584|T0052437|T0040616|T0003940|T0097382|T0071120|T0029568|T0016697|T0027257|T0085456
C2C0622,C0622,2,cue,25,False,T0050187|T0078078|T0048955|T0036024|T0057457|T0082483|T0021551|T0064216|T0097491|T0074680|T0022160|T0039638|T0089128|T0059634|T0068357|T0076994|T0033096|T0057061|T0079215|T0007812|T0031594|T0009990|T0034215|T0047088|T0009012
C2C0631,C0631,2,cue,25,False,T0070176|T0060038|T0024470|T0069568|T0000456|T0099298|T0036425|T0044821|T0009965|T0004309|T0013174|T0054765|T0101818|T0063132|T0042533|T0057862|T0098604|T0012358|T0072572|T0098171|T0029005|T0068779|T0003464|T0007131|T0074792
C2C0634,C0634,2,cue,25,False,T0047484|T0029925|T0054341|T0086461|T0016437|T0101835|T0025905|T0050663|T0073154|T0031859|T0068464|T0032832|T0097240|T0038096|T0004013|T0006887|T0081564|T0103503|T0011417|T0026137|T0012639|T0009639|T0096685|T0062621|T0070502
C2C0639,C0639,2,cue,25,False,T0084157|T0052391|T0076798|T0074736|T0033422|T0073080|T0070349|T0005263|T0010613|T0102670|T0084168|T0021515|T0061457|T0077234|T0082733|T0078151|T0102482|T0042395|T0024711|T0091690|T0103623|T0066428|T0039838|T0020872|T0044609
C2C0641,C0641,2,cue,25,False,T0013617|T0076236|T0015842|T0019649|T0029700|T0054481|T0070020|T0061909|T0076586|T0009754|T0066698|T0007064|T0071111|T0061727|T0039559|T0050269|T0058986|T0012651|T0060213|T0040301|T0056225|T0038732|T0041887|T0054922|T0001232
C2C0654,C0654,2,cue,24,True,T0095212|T0040556|T0001111|T0097001|T0014773|T0009010|T0100751|T0034541|T0080531|T0086485|T0039204|T0069068|T0011555|T0061461|T0016765|T0080492|T0102012|T0082377|T0084880|T0066961|T0080239|T0018213|T0094708|T0053612
C2C0657,C0657,2,cue,25,False,T0041429|T0051462|T0094998|T0083290|T0046479|T0074957|T0020177|T0083697|T0039648|T0065059|T0060647|T0054624|T0100793|T0033196|T0096344|T0028908|T0050420|T0014771|T0089690|T0005421|T0086351|T0041572|T0082243|T0051145|T0053729
C2C0661,C0661,2,cue,25,False,T0046781|T0003538|T0018690|T0034370|T0056256|T0073219|T0004305|T0001711|T0098294|T0024834|T0071777|T0052565|T0052287|T0003722|T0022906|T0015852|T0016476|T0098726|T0069238|T0038111|T0085169|T0076333|T0012153|T0077998|T0078592
C2C0662,C0662,2,cue,25,False,T0063804|T0037153|T0072765|T0076544|T0086568|T0061200|T0033409|T0051935|T0044020|T0023576|T0089527|T0086346|T0012518|T0026933|T0102078|T0101389|T0070757|T0005626|T0086700|T0062376|T0093485|T0067184|T0028671|T0021100|T0040250
C2C0684,C0684,2,cue,25,False,T0043747|T0013298|T0049246|T0054214|T0047552|T0033700|T0006603|T0058646|T0000419|T0095044|T0042601|T0049896|T0047800|T0089526|T0092636|T0084649|T0056612|T0058968|T0003468|T0088218|T0007094|T0008558|T0090818|T0093465|T0009689
C2C0692,C0692,2,cue,20,True,T0097264|T0058208|T0042057|T0027128|T0073106|T0035439|T0071953|T0096176|T0008655|T0048537|T0099883|T0055614|T0071608|T0079928|T0080179|T0044578|T0000953|T0065166|T0008201|T0104269
C2C0695,C0695,2,cue,25,False,T0002796|T0074678|T0090055|T0040139|T0010981|T0051811|T0060873|T0089603|T0071153|T0062082|T0097369|T0087772|T0093540|T0098018|T0064212|T0027687|T0015086|T0082968|T0003462|T0095651|T0052695|T0088435|T0046931|T0028418|T0017921
C2C0710,C0710,2,cue,25,False,T0102733|T0049979|T0075864|T0095404|T0086758|T0067506|T0008844|T0078026|T0023138|T0083738|T0100056|T0057709|T0061840|T0063846|T0083258|T0029838|T0080325|T0102907|T0101376|T0018859|T0104479|T0077519|T0086969|T0007705|T0102016
C2C0711,C0711,2,cue,25,False,T0079395|T0011379|T0019084|T0016502|T0066680|T0061783|T0104377|T0021198|T0031423|T0004235|T0089672|T0071916|T0059222|T0018869|T0067982|T0102648|T0053021|T0023568|T0031456|T0021409|T0053254|T0067674|T0065609|T0072870|T0019895
C2C0727,C0727,2,cue,25,False,T0056947|T0034051|T0017023|T0040912|T0102604|T0004890|T0100671|T0035617|T0084394|T0022882|T0039252|T0082333|T0049871|T0015364|T0087629|T0011556|T0014261|T0024751|T0027995|T0014329|T0002597|T0009013|T0034439|T0016130|T0037480
C2C0736,C0736,2,cue,25,False,T0068849|T0032636|T0058966|T0069736|T0082978|T0000059|T0091056|T0037672|T0025160|T0094079|T0062740|T0064239|T0009845|T0043761|T0011412|T0065470|T0093899|T0096652|T0064011|T0022109|T0049029|T0042536|T0004120|T0094744|T0063875
C2C0739,C0739,2,cue,25,False,T0039082|T0036584|T0063127|T0010520|T0076578|T0062478|T0053581|T0039711|T0008120|T0095026|T0006311|T0031281|T0036516|T0100428|T0079354|T0002967|T0097816|T0008351|T0012843|T0063109|T0077586|T0092644|T0093726|T0025235|T0062950
C2C0742,C0742,2,cue,25,False,T0024877|T0026958|T0002616|T0103932|T0091844|T0087445|T0090736|T0018849|T0027684|T0054743|T0073943|T0001401|T0029022|T0071200|T0002532|T0088910|T0088390|T0063498|T0000001|T0016474|T0046256|T0096863|T0087981|T0101347|T0055622
C2C0747,C0747,2,cue,25,False,T0098608|T0085265|T0064037|T0001389|T0089234|T0038750|T0030636|T0084131|T0021565|T0022181|T0042124|T0075415|T0067602|T0017041|T0090096|T0063107|T0011301|T0036911|T0090339|T0087323|T0013126|T0046791|T0032408|T0091005|T0050469
C2C0758,C0758,2,cue,25,False,T0103151|T0030625|T0062015|T0022739|T0075475|T0023479|T0095490|T0083641|T0006976|T0055561|T0069187|T0009972|T0058006|T0090080|T0073325|T0044054|T0061938|T0102776|T0014364|T0033792|T0099428|T0095992|T0014893|T0051860|T0090286
C2C0765,C0765,2,cue,25,False,T0043662|T0099639|T0027517|T0049872|T0011528|T0104199|T0012546|T0045188|T0036444|T0036995|T0098811|T0090954|T0042303|T0074914|T0019222|T0088558|T0029446|T0015787|T0000901|T0016158|T0033245|T0057310|T0021111|T0019255|T0025548
C2C0776,C0776,2,cue,25,False,T0006271|T0036186|T0050583|T0074423|T0010811|T0012050|T0085052|T0003194|T0056723|T0098030|T0007092|T0084905|T0005034|T0015573|T0062865|T0089072|T0069410|T0097086|T0055975|T0045584|T0010198|T0049894|T0022077|T0082143|T0060238
C2C0781,C0781,2,cue,25,False,T0060019|T0081920|T0019505|T0101165|T0077005|T0054705|T0038612|T0054553|T0028799|T0086613|T0099934|T0031561|T0066554|T0076455|T0101498|T0057547|T0023008|T0045422|T0040899|T0020004|T0093504|T0038198|T0095639|T0045236|T0069747
C2C0788,C0788,2,cue,25,False,T0095519|T0092491|T0002942|T0102987|T0073271|T0011183|T0019105|T0049331|T0067455|T0047331|T0060688|T0061086|T0027907|T0033583|T0075178|T0074051|T0099352|T0102386|T0004651|T0102875|T0083753|T0010972|T0080321|T0000972|T0090638
C2C0798,C0798,2,cue,12,True,T0028692|T0064503|T0015699|T0023035|T0044298|T0095716|T0067043|T0078063|T0075058|T0036600|T0024317|T0027992
C2C0803,C0803,2,cue,25,False,T0045208|T0061948|T0039689|T0050986|T0057762|T0081608|T0065968|T0059165|T0022373|T0006923|T0072114|T0086928|T0089579|T0049583|T0075075|T0037404|T0017308|T0019165|T0028223|T0093313|T0014776|T0061986|T0057448|T0022327|T0056975
C2C0811,C0811,2,cue,25,False,T0019527|T0017190|T0008780|T0093496|T0022535|T0084871|T0070563|T0030940|T0036740|T0100493|T0074826|T0035430|T0070808|T0094549|T0005739|T0083076|T0046954|T0025803|T0032396|T0019717|T0070796|T0020600|T0052457|T0056447|T0000024
C2C0814,C0814,2,cue,25,False,T0032202|T0045810|T0000611|T0100542|T0093758|T0046126|T0030104|T0063877|T0059649|T0059571|T0011203|T0036058|T0072085|T0005484|T0023362|T0075982|T0013977|T0033799|T0018257|T0020895|T0074882|T0086258|T0020690|T0049945|T0021308
C2C0817,C0817,2,cue,25,False,T0089961|T0026993|T0086767|T0089735|T0017386|T0093350|T0071137|T0081966|T0095462|T0068283|T0075513|T0048554|T0100416|T0048321|T0074122|T0056902|T0022036|T0054775|T0032427|T0040553|T0033307|T0040211|T0050685|T0030496|T0083249
C2C0832,C0832,2,cue,25,False,T0043046|T0083825|T0020160|T0101864|T0071502|T0102390|T0058884|T0095101|T0047276|T0085515|T0085802|T0086421|T0044545|T0102230|T0070608|T0085182|T0009547|T0000589|T0032981|T0045953|T0104136|T0052188|T0010017|T0048054|T0001301
C2C0834,C0834,2,cue,25,False,T0082413|T0052141|T0064738|T0056247|T0022260|T0085679|T0047432|T0002629|T0101077|T0038846|T0035669|T0070439|T0052633|T0037197|T0041160|T0003089|T0055840|T0036203|T0003205|T0024405|T0007073|T0077207|T0099260|T0082582|T0012632
C2C0836,C0836,2,cue,25,False,T0099654|T0096333|T0024477|T0035158|T0078760|T0069426|T0021431|T0072988|T0021319|T0091825|T0091244|T0084238|T0002367|T0075029|T0075594|T0030699|T0060073|T0056534|T0064491|T0047373|T0007655|T0004090|T0077545|T0096049|T0055910
C2C0853,C0853,2,cue,25,False,T0051405|T0016103|T0036000|T0084855|T0065090|T0095090|T0085946|T0025387|T0044019|T0053162|T0051364|T0070908|T0013911|T0055635|T0102073|T0052614|T0098567|T0082557|T0089765|T0076846|T0004861|T0061607|T0096915|T0085539|T0006934
C2C0867,C0867,2,cue,22,True,T0063958|T0071217|T0086389|T0022027|T0008855|T0099718|T0040144|T0074745|T0044408|T0074642|T0070208|T0050478|T0037341|T0040344|T0101522|T0050778|T0004268|T0068705|T0041806|T0041269|T0066448|T0066589
C2C0870,C0870,2,cue,25,False,T0009755|T0033558|T0034937|T0044792|T0065096|T0075757|T0012513|T0048729|T0078031|T0011500|T0046934|T0043863|T0060346|T0020815|T0052322|T0090394|T0035905|T0008653|T0050631|T0046974|T0086818|T0006334|T0000721|T0039575|T0057939
C2C0872,C0872,2,cue,25,False,T0077007|T0062315|T0084295|T0091228|T0038159|T0091243|T0075083|T0041367|T0062178|T0100067|T0011873|T0067218|T0081906|T0069384|T0085102|T0066587|T0045317|T0096411|T0014900|T0077961|T0085554|T0019457|T0023940|T0022827|T0057818
C2C0875,C0875,2,cue,24,True,T0003009|T0026430|T0051445|T0032547|T0033022|T0022666|T0094339|T0051689|T0044597|T0095287|T0036644|T0032015|T0009702|T0009505|T0011296|T0085548|T0045480|T0091513|T0027431|T0098727|T0079989|T0072175|T0010149|T0005855
C2C0876,C0876,2,cue,25,False,T0064186|T0019850|T0031347|T0030682|T0091081|T0003174|T0062215|T0006785|T0100304|T0086078|T0039783|T0054805|T0085869|T0049588|T0101470|T0034162|T0065078|T0062110|T0012502|T0037254|T0100653|T0050344|T0046495|T0010262|T0083353
C2C0881,C0881,2,cue,25,False,T0073790|T0037296|T0054711|T0050188|T0049679|T0076861|T0103953|T0074333|T0049076|T0026310|T0068458|T0068178|T0039200|T0042955|T0058308|T0007263|T0047519|T0046425|T0044029|T0028547|T0015257|T0081952|T0103202|T0036377|T0040309
C2C0882,C0882,2,cue,25,False,T0017408|T0027104|T0102223|T0100487|T0029083|T0074701|T0078169|T0094351|T0033917|T0004867|T0089921|T0035291|T0068634|T0098662|T0007008|T0032518|T0049841|T0065129|T0095075|T0015131|T0030931|T0067476|T0073730|T0056137|T0042504
C2C0885,C0885,2,cue,25,False,T0019487|T0098884|T0081657|T0086590|T0008880|T0015432|T0031751|T0037912|T0060754|T0050488|T0097602|T0087375|T0013045|T0089155|T0079695|T0030668|T0002764|T0094117|T0011346|T0042073|T0029648|T0026552|T0070430|T0051284|T0099959
C2C0893,C0893,2,cue,25,False,T0021754|T0097438|T0073788|T0025012|T0088405|T0050666|T0012634|T0043287|T0044718|T0021662|T0081177|T0046172|T0044243|T0092772|T0003958|T0042078|T0098504|T0084934|T0099082|T0036915|T0001713|T0050218|T0092834|T0082002|T0096300
C2C0908,C0908,2,cue,25,False,T0053826|T0010273|T0007835|T0094866|T0008711|T0037028|T0036549|T0031400|T0012264|T0076087|T0021963|T0002556|T0057700|T0049063|T0041831|T0084959|T0081711|T0011888|T0094824|T0093237|T0036476|T0005822|T0000663|T0025243|T0051782
